# Blender 5.2.1 LTS
# www.blender.org
o GatePost
v -0.367959 -0.500000 0.367182
v -0.367611 -0.432431 0.366835
v -0.361880 -0.499440 -0.360344
v -0.362334 -0.432918 -0.360798
v 0.349866 -0.498585 0.351824
v 0.350095 -0.433793 0.352054
v 0.354510 -0.499013 -0.355714
v 0.353467 -0.433482 -0.354670
v -0.327347 -0.356267 0.326546
v -0.323490 -0.291058 0.322688
v -0.325923 -0.356124 -0.324365
v -0.325070 -0.290899 -0.323512
v 0.323243 -0.356130 0.325185
v 0.325180 -0.290612 0.327124
v 0.322204 -0.356026 -0.323389
v 0.322477 -0.290884 -0.323662
v -0.345375 -0.213133 0.344585
v -0.343923 -0.148479 0.343132
v -0.351440 -0.213704 -0.349897
v -0.350781 -0.147833 -0.349238
v 0.351120 -0.213933 0.353079
v 0.353555 -0.147314 0.355515
v 0.343662 -0.213230 -0.344860
v 0.343253 -0.148284 -0.344451
v -0.319014 -0.070713 0.318209
v -0.318452 -0.005358 0.317647
v -0.315233 -0.070324 -0.313669
v -0.319262 -0.005275 -0.317700
v 0.321371 -0.071239 0.323312
v 0.319983 -0.004918 0.321924
v 0.312893 -0.070366 -0.314072
v 0.313090 -0.005628 -0.314269
v -0.339666 0.072171 0.338873
v -0.332740 0.136610 0.331943
v -0.348187 0.071351 -0.346643
v -0.344311 0.137724 -0.342764
v 0.337236 0.072141 0.339187
v 0.338475 0.137426 0.340426
v 0.341765 0.071705 -0.342962
v 0.344229 0.137980 -0.345427
v -0.311730 0.214734 0.310921
v -0.315696 0.280593 0.314889
v -0.315176 0.214371 -0.313611
v -0.314074 0.280422 -0.312509
v 0.308875 0.214746 0.310809
v 0.308218 0.280094 0.310152
v 0.321102 0.213457 -0.322286
v 0.323057 0.281658 -0.324243
v -0.340233 0.356851 0.339440
v -0.334071 0.422914 0.333275
v -0.329219 0.357934 -0.327663
v -0.325137 0.422035 -0.323578
v 0.326013 0.357980 0.327957
v 0.327859 0.422573 0.329804
v 0.336275 0.356970 -0.337469
v 0.329029 0.422688 -0.330218
v -0.485736 0.246507 0.446695
v 0.434527 0.231934 0.436535
v -0.364793 -0.469290 0.463136
v -0.364784 -0.463731 0.463135
v -0.366508 -0.492745 0.425275
v -0.366089 -0.488825 0.438247
v -0.415505 -0.485615 0.427178
v -0.428274 -0.485636 0.414865
v -0.415918 -0.489283 0.414660
v -0.440778 -0.488922 0.366888
v -0.427903 -0.492789 0.367002
v -0.465428 -0.464309 0.366195
v -0.465318 -0.469815 0.366286
v -0.366011 -0.443701 0.438213
v -0.366381 -0.439695 0.425394
v -0.415500 -0.443139 0.415027
v -0.428165 -0.446764 0.414911
v -0.415692 -0.446898 0.427336
v -0.426675 -0.439622 0.366254
v -0.439693 -0.443540 0.366163
v -0.427592 -0.463288 0.439946
v -0.440944 -0.463425 0.427079
v -0.440949 -0.469041 0.426965
v -0.427580 -0.468955 0.439992
v -0.459165 -0.467907 -0.360339
v -0.459082 -0.462412 -0.360494
v -0.420256 -0.492351 -0.359855
v -0.433081 -0.488470 -0.359843
v -0.420331 -0.485236 -0.406107
v -0.408119 -0.485180 -0.418497
v -0.408061 -0.488909 -0.406409
v -0.431325 -0.463265 -0.418201
v -0.421043 -0.466152 -0.431898
v -0.432404 -0.468823 -0.417309
v -0.360330 -0.488413 -0.430584
v -0.360733 -0.492316 -0.417873
v -0.364015 -0.463354 -0.453893
v -0.358779 -0.468744 -0.454857
v -0.367842 -0.466015 -0.454340
v -0.412634 -0.445637 -0.412217
v -0.399615 -0.441727 -0.412081
v -0.399966 -0.445969 -0.425135
v -0.434834 -0.443816 -0.361096
v -0.421588 -0.439938 -0.361130
v 0.442998 -0.468754 0.354194
v 0.444080 -0.463328 0.348702
v 0.400653 -0.486113 0.403938
v 0.400314 -0.490005 0.390953
v 0.413479 -0.485849 0.391590
v 0.420646 -0.463271 0.411259
v 0.408521 -0.463300 0.424376
v 0.409241 -0.468752 0.422807
v 0.421894 -0.468727 0.410010
v 0.350004 -0.487898 0.422249
v 0.349963 -0.491761 0.409053
v 0.350186 -0.468626 0.447862
v 0.355986 -0.463202 0.446772
v 0.403361 -0.446297 0.404231
v 0.390830 -0.442380 0.404100
v 0.391761 -0.446527 0.417520
v 0.419801 -0.444534 0.351260
v 0.406851 -0.440661 0.351692
v 0.350969 -0.469315 -0.448064
v 0.350824 -0.463805 -0.447993
v 0.353431 -0.491999 -0.412452
v 0.352961 -0.488093 -0.425135
v 0.399428 -0.484937 -0.413248
v 0.412028 -0.484841 -0.400696
v 0.399954 -0.488594 -0.400960
v 0.410119 -0.463590 -0.424476
v 0.423603 -0.463567 -0.411403
v 0.423600 -0.469251 -0.411395
v 0.410133 -0.469208 -0.424511
v 0.423912 -0.487994 -0.354326
v 0.411170 -0.491964 -0.354447
v 0.448123 -0.463678 -0.354925
v 0.447944 -0.469239 -0.354877
v 0.411336 -0.440410 -0.354655
v 0.424159 -0.444287 -0.354687
v 0.411731 -0.447458 -0.400244
v 0.399035 -0.447661 -0.412714
v 0.399274 -0.443830 -0.400699
v 0.351859 -0.444544 -0.423929
v 0.352215 -0.440517 -0.411276
v -0.325505 -0.321029 0.421294
v -0.331409 -0.326453 0.420427
v -0.380404 -0.343725 0.378560
v -0.367547 -0.347687 0.378209
v -0.368468 -0.343495 0.391629
v -0.398458 -0.345457 0.326252
v -0.385274 -0.349372 0.326711
v -0.421595 -0.320992 0.322562
v -0.421893 -0.326477 0.322888
v -0.325187 -0.301635 0.395088
v -0.324916 -0.297837 0.382003
v -0.371914 -0.301121 0.371631
v -0.384771 -0.304754 0.371563
v -0.372366 -0.304744 0.384121
v -0.381914 -0.297824 0.323712
v -0.395307 -0.301661 0.323719
v -0.385222 -0.326212 0.398300
v -0.385043 -0.320698 0.397507
v -0.398106 -0.320695 0.384225
v -0.397520 -0.326245 0.385345
v -0.422779 -0.325686 -0.327060
v -0.422580 -0.320205 -0.326993
v -0.384637 -0.349302 -0.325290
v -0.397877 -0.345422 -0.325642
v -0.385368 -0.342240 -0.371116
v -0.373121 -0.342138 -0.383229
v -0.372638 -0.345888 -0.371242
v -0.396350 -0.320488 -0.383017
v -0.386133 -0.323331 -0.396828
v -0.397467 -0.326047 -0.382387
v -0.324596 -0.345278 -0.394044
v -0.325154 -0.349157 -0.381205
v -0.326629 -0.320988 -0.417598
v -0.321604 -0.326356 -0.418444
v -0.330562 -0.323573 -0.418343
v -0.376775 -0.302693 -0.374776
v -0.363537 -0.298822 -0.374364
v -0.364114 -0.302947 -0.387510
v -0.397441 -0.301528 -0.325184
v -0.384032 -0.297688 -0.324721
v 0.416388 -0.325939 0.325887
v 0.417408 -0.320557 0.320954
v 0.417283 -0.323343 0.329819
v 0.373648 -0.344174 0.376740
v 0.373318 -0.348141 0.363534
v 0.386234 -0.344026 0.363957
v 0.382594 -0.326260 0.396229
v 0.396519 -0.323511 0.386236
v 0.382100 -0.320654 0.397454
v 0.323772 -0.345297 0.396833
v 0.323746 -0.349253 0.383618
v 0.323387 -0.325879 0.422153
v 0.323536 -0.320336 0.422294
v 0.325151 -0.297585 0.385380
v 0.324942 -0.301447 0.398222
v 0.371273 -0.304645 0.385887
v 0.383428 -0.304721 0.373704
v 0.371400 -0.301003 0.373650
v 0.394308 -0.301571 0.325019
v 0.381676 -0.297659 0.325822
v 0.325593 -0.325749 -0.421277
v 0.325610 -0.320275 -0.421195
v 0.323869 -0.349224 -0.383332
v 0.324310 -0.345413 -0.396236
v 0.370631 -0.342264 -0.384436
v 0.383125 -0.342086 -0.371885
v 0.371257 -0.345855 -0.371952
v 0.382241 -0.320651 -0.396753
v 0.395494 -0.320808 -0.383339
v 0.395461 -0.326421 -0.383245
v 0.382259 -0.326260 -0.396710
v 0.394313 -0.345207 -0.324702
v 0.381617 -0.349119 -0.324310
v 0.419107 -0.321277 -0.326382
v 0.418930 -0.326746 -0.326335
v 0.381518 -0.297732 -0.324647
v 0.394348 -0.301566 -0.324997
v 0.383215 -0.304674 -0.371956
v 0.370921 -0.304833 -0.384718
v 0.370864 -0.301052 -0.372668
v 0.324508 -0.301659 -0.396786
v 0.324094 -0.297736 -0.383938
v -0.341068 -0.177961 0.437097
v -0.341186 -0.183459 0.437241
v -0.344607 -0.206276 0.400552
v -0.344057 -0.202345 0.413640
v -0.393669 -0.201127 0.393423
v -0.406307 -0.200920 0.380811
v -0.393537 -0.205080 0.380543
v -0.434194 -0.178080 0.342697
v -0.434304 -0.183386 0.342900
v -0.434994 -0.180720 0.346555
v -0.343129 -0.159190 0.412533
v -0.343502 -0.155282 0.399266
v -0.392105 -0.156351 0.379339
v -0.405053 -0.160483 0.379804
v -0.392407 -0.160280 0.392395
v -0.400578 -0.183482 0.411395
v -0.400417 -0.177985 0.411278
v -0.414234 -0.180730 0.401370
v -0.446695 -0.182989 -0.350419
v -0.446504 -0.177500 -0.350351
v -0.410133 -0.206667 -0.349832
v -0.422658 -0.202726 -0.349897
v -0.411430 -0.199589 -0.397470
v -0.399132 -0.199591 -0.410339
v -0.399395 -0.203323 -0.398335
v -0.423262 -0.177729 -0.408403
v -0.410235 -0.177909 -0.422021
v -0.410228 -0.183528 -0.422099
v -0.423327 -0.183351 -0.408515
v -0.353164 -0.202831 -0.423311
v -0.352811 -0.206731 -0.410662
v -0.354011 -0.178640 -0.447195
v -0.354143 -0.184122 -0.447208
v -0.351604 -0.154808 -0.409032
v -0.352012 -0.158687 -0.421714
v -0.398729 -0.161862 -0.409786
v -0.411103 -0.161923 -0.397170
v -0.399031 -0.158202 -0.397662
v -0.422192 -0.158785 -0.349388
v -0.409464 -0.154855 -0.349241
v 0.450960 -0.182685 0.354995
v 0.450923 -0.177193 0.355138
v 0.411476 -0.206992 0.354397
v 0.424756 -0.203130 0.354655
v 0.413665 -0.199954 0.403194
v 0.401152 -0.199945 0.415525
v 0.400901 -0.203596 0.402863
v 0.426839 -0.177972 0.415684
v 0.413576 -0.178156 0.428828
v 0.413427 -0.183777 0.428713
v 0.426725 -0.183584 0.415686
v 0.352193 -0.203094 0.426116
v 0.351900 -0.206955 0.412818
v 0.353370 -0.183874 0.451569
v 0.353474 -0.178380 0.451780
v 0.353030 -0.154414 0.413951
v 0.353007 -0.158339 0.427000
v 0.401727 -0.161498 0.416126
v 0.414361 -0.161483 0.403797
v 0.401791 -0.157818 0.403569
v 0.426345 -0.158247 0.355815
v 0.413138 -0.154370 0.355857
v 0.342753 -0.183150 -0.435790
v 0.342868 -0.177842 -0.435769
v 0.346483 -0.180542 -0.436557
v 0.394342 -0.201339 -0.394045
v 0.381136 -0.205236 -0.393770
v 0.381468 -0.201099 -0.406574
v 0.412686 -0.183669 -0.402028
v 0.402265 -0.180745 -0.415653
v 0.412644 -0.178152 -0.402142
v 0.415497 -0.202585 -0.345982
v 0.402077 -0.206449 -0.345836
v 0.439779 -0.178921 -0.345780
v 0.439643 -0.184408 -0.345867
v 0.401223 -0.155082 -0.345099
v 0.414412 -0.158959 -0.345277
v 0.393650 -0.160216 -0.394880
v 0.380910 -0.160404 -0.407488
v 0.380577 -0.156319 -0.394607
v -0.314926 -0.040399 0.411863
v -0.315015 -0.034895 0.411857
v -0.317703 -0.063706 0.374365
v -0.317169 -0.059799 0.387180
v -0.362896 -0.056624 0.374842
v -0.375444 -0.056618 0.362080
v -0.363023 -0.060316 0.362516
v -0.387278 -0.059768 0.315759
v -0.374343 -0.063692 0.316408
v -0.412017 -0.035206 0.313519
v -0.411858 -0.040716 0.313369
v -0.317785 -0.016151 0.388019
v -0.318226 -0.012267 0.374990
v -0.364645 -0.015626 0.363597
v -0.376738 -0.019333 0.363402
v -0.364159 -0.019321 0.375968
v -0.376001 -0.012289 0.317448
v -0.388718 -0.016168 0.316924
v -0.374299 -0.034908 0.386955
v -0.387499 -0.034960 0.373613
v -0.387357 -0.040575 0.373436
v -0.374162 -0.040521 0.386818
v -0.413158 -0.040432 -0.317979
v -0.413261 -0.034933 -0.318135
v -0.374888 -0.063622 -0.315631
v -0.388023 -0.059817 -0.316198
v -0.367228 -0.057788 -0.368386
v -0.354621 -0.057400 -0.381244
v -0.354046 -0.061594 -0.367969
v -0.388633 -0.035097 -0.373718
v -0.377187 -0.037955 -0.388231
v -0.387183 -0.040674 -0.374529
v -0.315061 -0.035084 -0.409569
v -0.320119 -0.040490 -0.408665
v -0.324095 -0.037864 -0.409241
v -0.317880 -0.012297 -0.373845
v -0.317321 -0.016211 -0.386498
v -0.365227 -0.019338 -0.375502
v -0.377441 -0.019271 -0.363316
v -0.365300 -0.015634 -0.363527
v -0.389665 -0.016105 -0.317477
v -0.376880 -0.012231 -0.317426
v 0.413745 -0.040332 0.316787
v 0.412896 -0.034938 0.322398
v 0.413618 -0.037639 0.325834
v 0.376367 -0.064002 0.320368
v 0.389027 -0.060043 0.319497
v 0.378637 -0.056920 0.368672
v 0.366688 -0.057029 0.381599
v 0.366538 -0.060663 0.369210
v 0.377971 -0.040890 0.393350
v 0.392494 -0.037922 0.381695
v 0.378933 -0.035291 0.392320
v 0.321811 -0.060333 0.395563
v 0.321668 -0.064197 0.382748
v 0.322307 -0.035885 0.419038
v 0.322470 -0.041398 0.419089
v 0.320136 -0.011910 0.380668
v 0.320418 -0.015788 0.393709
v 0.372523 -0.017609 0.373559
v 0.385374 -0.017897 0.360854
v 0.372343 -0.013704 0.360708
v 0.310705 -0.040946 -0.407370
v 0.310838 -0.035444 -0.407564
v 0.312100 -0.063459 -0.370345
v 0.311800 -0.059451 -0.383312
v 0.357507 -0.056321 -0.371383
v 0.370247 -0.056492 -0.358708
v 0.357876 -0.060163 -0.359049
v 0.368817 -0.034977 -0.383574
v 0.382252 -0.035026 -0.370425
v 0.382066 -0.040657 -0.370133
v 0.368559 -0.040597 -0.383383
v 0.382899 -0.059652 -0.314122
v 0.370044 -0.063516 -0.314022
v 0.406483 -0.035779 -0.314871
v 0.406336 -0.041281 -0.314843
v 0.370508 -0.012506 -0.314238
v 0.383136 -0.016472 -0.314316
v 0.371587 -0.019570 -0.360362
v 0.359066 -0.019459 -0.372807
v 0.359672 -0.015809 -0.360657
v 0.312867 -0.016349 -0.384361
v 0.313150 -0.012478 -0.371659
v -0.336073 0.107162 0.431066
v -0.342170 0.101749 0.430472
v -0.391323 0.084811 0.389846
v -0.378920 0.080760 0.390007
v -0.379286 0.084906 0.402856
v -0.408956 0.083149 0.337866
v -0.396316 0.079130 0.338039
v -0.430232 0.107382 0.342829
v -0.431446 0.101890 0.337620
v -0.335093 0.126223 0.404064
v -0.334649 0.129980 0.390830
v -0.389112 0.128149 0.373442
v -0.402677 0.124040 0.374780
v -0.389637 0.124369 0.386456
v -0.395599 0.102108 0.409011
v -0.396517 0.107589 0.406956
v -0.409350 0.107601 0.394600
v -0.408093 0.102111 0.396149
v -0.439845 0.102319 -0.345224
v -0.440229 0.107779 -0.339614
v -0.440352 0.104954 -0.348724
v -0.399094 0.084156 -0.397857
v -0.398891 0.080211 -0.384763
v -0.411761 0.084484 -0.384922
v -0.405119 0.101887 -0.415233
v -0.418585 0.104890 -0.404570
v -0.404030 0.107451 -0.415921
v -0.349070 0.082250 -0.419862
v -0.348998 0.078343 -0.406569
v -0.348208 0.106191 -0.442321
v -0.348653 0.100691 -0.442534
v -0.344851 0.130748 -0.402066
v -0.345319 0.126909 -0.415053
v -0.391605 0.123711 -0.402785
v -0.403900 0.123506 -0.390586
v -0.391438 0.127329 -0.390309
v -0.414831 0.126685 -0.341484
v -0.401628 0.130680 -0.341905
v 0.434659 0.102224 0.342299
v 0.434589 0.107725 0.342289
v 0.397206 0.078951 0.340882
v 0.410092 0.082766 0.341291
v 0.397718 0.085944 0.387032
v 0.384961 0.086108 0.399221
v 0.385305 0.082357 0.387323
v 0.409402 0.107324 0.398057
v 0.395616 0.107320 0.410844
v 0.395711 0.101656 0.410864
v 0.409450 0.101699 0.398171
v 0.336538 0.083041 0.409366
v 0.336906 0.079106 0.396832
v 0.334382 0.107737 0.433217
v 0.334411 0.102191 0.433257
v 0.336862 0.130404 0.396234
v 0.336314 0.126507 0.409019
v 0.384175 0.123422 0.398525
v 0.397156 0.123477 0.386347
v 0.384758 0.127103 0.386284
v 0.410089 0.126685 0.341238
v 0.397169 0.130525 0.340995
v 0.341705 0.103344 -0.439424
v 0.342137 0.108858 -0.439574
v 0.340748 0.078714 -0.399734
v 0.340706 0.082660 -0.413009
v 0.387901 0.085800 -0.401696
v 0.400790 0.085797 -0.389288
v 0.388492 0.082098 -0.388825
v 0.399964 0.107810 -0.414971
v 0.413304 0.107526 -0.401653
v 0.413006 0.101910 -0.401288
v 0.399788 0.102177 -0.414673
v 0.413600 0.082547 -0.342871
v 0.400644 0.078703 -0.343180
v 0.438685 0.101609 -0.340475
v 0.438822 0.107105 -0.340504
v 0.401128 0.130824 -0.343818
v 0.413872 0.126911 -0.343184
v 0.402407 0.123729 -0.391307
v 0.390185 0.123774 -0.404200
v 0.390440 0.127446 -0.392050
v 0.344102 0.127045 -0.417455
v 0.344377 0.130920 -0.404726
v -0.313569 0.245174 0.407244
v -0.313854 0.250690 0.407458
v -0.311882 0.221662 0.369134
v -0.312110 0.225518 0.382017
v -0.358845 0.228643 0.370664
v -0.371296 0.228686 0.358597
v -0.358925 0.225015 0.358151
v -0.382816 0.225508 0.311039
v -0.369814 0.221667 0.310998
v -0.408402 0.250504 0.316980
v -0.409121 0.245134 0.311246
v -0.408853 0.247835 0.320555
v -0.314403 0.269584 0.384920
v -0.314656 0.273514 0.372125
v -0.366948 0.271845 0.353465
v -0.380105 0.267600 0.353886
v -0.366922 0.267886 0.366017
v -0.371393 0.244909 0.383906
v -0.372623 0.250490 0.383252
v -0.386558 0.247690 0.373292
v -0.408335 0.244518 -0.309790
v -0.408386 0.250022 -0.309792
v -0.371565 0.221502 -0.311906
v -0.384289 0.225420 -0.311395
v -0.373354 0.228549 -0.359527
v -0.361261 0.228487 -0.372581
v -0.361367 0.224828 -0.360361
v -0.384221 0.250133 -0.369605
v -0.371201 0.249958 -0.383138
v -0.371328 0.244325 -0.383385
v -0.384460 0.244515 -0.369852
v -0.315967 0.225204 -0.386199
v -0.315979 0.221346 -0.373448
v -0.314655 0.248861 -0.408018
v -0.315059 0.243350 -0.408176
v -0.312643 0.273337 -0.369058
v -0.312673 0.269426 -0.381847
v -0.359294 0.266292 -0.370334
v -0.372173 0.266141 -0.357950
v -0.359836 0.269945 -0.357940
v -0.384470 0.269340 -0.311423
v -0.371711 0.273362 -0.311783
v 0.403298 0.244269 0.309100
v 0.403354 0.249773 0.309060
v 0.366321 0.221698 0.310461
v 0.379210 0.225570 0.310238
v 0.365864 0.228805 0.354898
v 0.352785 0.228859 0.367266
v 0.353392 0.225134 0.354960
v 0.378226 0.250462 0.366721
v 0.364720 0.250501 0.379706
v 0.364455 0.244885 0.379511
v 0.378036 0.244842 0.366438
v 0.306040 0.225734 0.378652
v 0.306709 0.221811 0.365810
v 0.304088 0.250048 0.403532
v 0.303940 0.244545 0.403322
v 0.307760 0.273171 0.367179
v 0.307234 0.269269 0.380052
v 0.354499 0.266150 0.368865
v 0.367033 0.266165 0.356474
v 0.354944 0.269825 0.356574
v 0.378751 0.269308 0.309959
v 0.365950 0.273173 0.310095
v 0.321074 0.245889 -0.421363
v 0.321450 0.251393 -0.421513
v 0.319857 0.220784 -0.381207
v 0.319822 0.224684 -0.394055
v 0.367950 0.227949 -0.381906
v 0.380718 0.227951 -0.369224
v 0.368120 0.224292 -0.369285
v 0.382012 0.250852 -0.396883
v 0.395351 0.250736 -0.383660
v 0.394823 0.245117 -0.383092
v 0.381522 0.245232 -0.396354
v 0.393309 0.224644 -0.321176
v 0.380330 0.220767 -0.321296
v 0.420752 0.245136 -0.321443
v 0.421044 0.250637 -0.321797
v 0.384260 0.274364 -0.324370
v 0.396955 0.270493 -0.324074
v 0.384773 0.267184 -0.373616
v 0.372360 0.267186 -0.386032
v 0.372847 0.270850 -0.374047
v 0.322932 0.270486 -0.398145
v 0.323134 0.274361 -0.385410
v -0.334780 0.392260 0.430963
v -0.335528 0.386763 0.431653
v -0.339876 0.363959 0.398224
v -0.339269 0.367867 0.410657
v -0.386109 0.371110 0.397945
v -0.398450 0.371113 0.385275
v -0.386515 0.367410 0.386082
v -0.410369 0.367926 0.337925
v -0.397755 0.363991 0.338261
v -0.432181 0.392805 0.336494
v -0.432690 0.387245 0.336925
v -0.333352 0.411930 0.403526
v -0.333272 0.415905 0.390430
v -0.380997 0.412608 0.380193
v -0.393882 0.408898 0.380294
v -0.380950 0.408817 0.392692
v -0.393237 0.416011 0.334084
v -0.406336 0.412090 0.334503
v -0.394960 0.387078 0.407499
v -0.394262 0.392688 0.406800
v -0.407634 0.392816 0.393560
v -0.408368 0.387140 0.394345
v -0.421114 0.387768 -0.323066
v -0.419732 0.393207 -0.328140
v -0.385130 0.364779 -0.326957
v -0.397929 0.368688 -0.326362
v -0.380256 0.370446 -0.378310
v -0.368297 0.370681 -0.391532
v -0.367776 0.366502 -0.378322
v -0.398115 0.393051 -0.382657
v -0.385359 0.393013 -0.395348
v -0.384616 0.387557 -0.397245
v -0.397010 0.387578 -0.384156
v -0.325654 0.392784 -0.420645
v -0.331505 0.387367 -0.419843
v -0.326264 0.415413 -0.381005
v -0.326354 0.411590 -0.394492
v -0.376640 0.410386 -0.375703
v -0.389557 0.410192 -0.363452
v -0.376082 0.414235 -0.362503
v 0.420115 0.388421 0.328175
v 0.420015 0.393923 0.328294
v 0.383123 0.364781 0.328107
v 0.395866 0.368651 0.328137
v 0.384199 0.371745 0.373539
v 0.371977 0.371788 0.385910
v 0.371812 0.368098 0.373644
v 0.395339 0.393004 0.386052
v 0.385285 0.390157 0.400088
v 0.396145 0.387447 0.385042
v 0.325401 0.368676 0.397213
v 0.325547 0.364815 0.384266
v 0.330469 0.393366 0.421818
v 0.324906 0.388003 0.422763
v 0.334069 0.390646 0.422359
v 0.378255 0.409955 0.380009
v 0.365435 0.414102 0.379929
v 0.365862 0.409902 0.393195
v 0.397471 0.411598 0.329023
v 0.384223 0.415705 0.329240
v 0.333749 0.387745 -0.430011
v 0.333368 0.393298 -0.429546
v 0.334949 0.364113 -0.394773
v 0.334609 0.368133 -0.407319
v 0.382167 0.371290 -0.395790
v 0.394567 0.371234 -0.384338
v 0.382767 0.367504 -0.383871
v 0.392318 0.392969 -0.404642
v 0.406265 0.390020 -0.395503
v 0.391837 0.387360 -0.406302
v 0.407339 0.367951 -0.336796
v 0.394821 0.364047 -0.337144
v 0.426991 0.391453 -0.339273
v 0.428033 0.386044 -0.334865
v 0.427407 0.389011 -0.343874
v 0.384831 0.410123 -0.383848
v 0.384062 0.413943 -0.370450
v 0.397685 0.409647 -0.371896
v 0.331586 0.412151 -0.403622
v 0.331008 0.415955 -0.390127
v -0.456346 0.234839 0.462668
v -0.455366 0.238898 0.472529
v -0.469781 0.238286 0.466528
v -0.471897 0.236150 0.449420
v -0.459001 0.233282 0.440589
v -0.455046 0.257901 0.467466
v -0.454520 0.260567 0.453215
v -0.469138 0.257527 0.459815
v -0.470404 0.251603 0.469009
v -0.456030 0.253049 0.475138
v -0.467946 0.234691 -0.440398
v -0.477022 0.238768 -0.444732
v -0.468247 0.237022 -0.461272
v -0.452190 0.236346 -0.467882
v -0.454670 0.233657 -0.454949
v -0.469893 0.238804 -0.464127
v -0.457302 0.242642 -0.474454
v -0.450989 0.250404 -0.478887
v -0.434190 0.253232 -0.480029
v -0.474013 0.257130 -0.445088
v -0.480390 0.249658 -0.444767
v -0.481287 0.253140 -0.434777
v -0.455169 0.260513 -0.458667
v -0.444754 0.256729 -0.473266
v -0.456875 0.252346 -0.475080
v -0.471459 0.253637 -0.460566
v -0.470365 0.258561 -0.450473
v -0.470248 0.259171 -0.445212
v -0.454847 0.262050 -0.445536
v 0.453787 0.234778 0.440083
v 0.462887 0.238828 0.435670
v 0.457021 0.239519 0.454258
v 0.442400 0.239852 0.463520
v 0.446525 0.235360 0.454770
v 0.443305 0.258151 0.457610
v 0.457751 0.258200 0.447148
v 0.443263 0.260690 0.442494
v 0.444333 0.254708 0.464418
v 0.458943 0.254194 0.455122
v 0.467198 0.249718 0.437260
v 0.463202 0.255562 0.441466
v 0.463914 0.253609 0.445044
v 0.432435 0.235310 -0.457982
v 0.438065 0.239412 -0.467622
v 0.452522 0.237807 -0.458495
v 0.458914 0.237129 -0.442837
v 0.446765 0.234385 -0.445346
v 0.455618 0.240146 -0.460399
v 0.465214 0.244249 -0.449626
v 0.451882 0.259912 -0.444881
v 0.461509 0.258842 -0.442641
v 0.462154 0.255518 -0.453591
v 0.449896 0.257848 -0.460814
v 0.460662 0.254133 -0.457316
v 0.445086 0.254016 -0.471143
v 0.445695 0.258294 -0.461919
v 0.430506 0.261266 -0.450081
v -0.454708 0.478702 0.499627
v -0.454528 0.483998 0.500000
v -0.458889 0.481381 0.499972
v -0.465233 0.467121 0.473052
v -0.469088 0.471236 0.487242
v -0.479367 0.470307 0.473322
v -0.482524 0.468046 0.456014
v -0.467874 0.465447 -0.056439
v -0.467129 0.465224 0.457568
v -0.471762 0.497615 0.447765
v -0.484107 0.494800 0.456800
v -0.500000 0.483768 0.450125
v -0.499566 0.478368 0.450010
v -0.479644 0.492687 0.475096
v -0.468528 0.491663 0.488564
v -0.465935 0.495760 0.474691
v -0.489112 0.478673 0.476962
v -0.479300 0.481499 0.491108
v -0.488961 0.484145 0.477291
v -0.453948 0.464521 -0.439179
v -0.434261 0.463072 -0.443719
v -0.494248 0.479456 -0.449224
v -0.493761 0.484725 -0.449112
v -0.494900 0.481955 -0.452497
v -0.456091 0.466821 -0.466210
v -0.466878 0.466744 -0.452426
v -0.480240 0.471094 -0.468348
v -0.468691 0.471219 -0.479823
v -0.486301 0.481621 -0.473703
v -0.474624 0.481519 -0.485128
v -0.432339 0.500000 -0.444123
v -0.445901 0.500000 -0.430968
v -0.450142 0.484182 -0.492935
v -0.450617 0.478989 -0.493149
v -0.453845 0.481574 -0.493761
v -0.452359 0.496652 -0.464385
v -0.467659 0.492265 -0.478257
v -0.479105 0.492536 -0.466804
v -0.465454 0.496717 -0.450731
v 0.467568 0.464992 0.450106
v 0.481780 0.467686 0.450096
v 0.499211 0.479400 0.450407
v 0.498960 0.484799 0.450744
v 0.465178 0.471084 0.487505
v 0.462526 0.467162 0.473367
v 0.476004 0.469998 0.474109
v 0.487290 0.484433 0.477706
v 0.476876 0.481536 0.491322
v 0.486941 0.478888 0.477691
v 0.451187 0.484422 0.499411
v 0.450767 0.479089 0.499491
v 0.455333 0.481691 0.499799
v 0.463706 0.496219 0.473393
v 0.466506 0.492234 0.487459
v 0.476862 0.493330 0.473817
v 0.481493 0.495777 0.451823
v 0.467056 0.498433 0.452154
v 0.452159 0.478617 -0.499550
v 0.452160 0.483935 -0.499714
v 0.456441 0.481311 -0.500000
v 0.464628 0.466971 -0.473012
v 0.467116 0.470828 -0.487382
v 0.477923 0.469875 -0.473874
v 0.488173 0.478570 -0.477826
v 0.477834 0.481411 -0.491577
v 0.488103 0.484039 -0.477996
v 0.482945 0.467955 -0.453929
v 0.468440 0.465273 -0.454479
v 0.469285 0.497587 -0.458378
v 0.483467 0.494865 -0.457258
v 0.500000 0.483680 -0.451937
v 0.499697 0.478286 -0.451316
v 0.466840 0.491629 -0.488245
v 0.464938 0.495739 -0.474282
v 0.478450 0.492797 -0.475021
vn 0.0006 -1.0000 0.0006
vn 0.0019 1.0000 -0.0007
vn 0.0002 -1.0000 -0.0002
vn -0.0000 1.0000 0.0002
vn -0.0011 -1.0000 -0.0010
vn 0.0006 1.0000 0.0009
vn -0.0008 -1.0000 -0.0014
vn 0.0006 1.0000 0.0001
vn -0.0000 -1.0000 0.0006
vn -0.0004 1.0000 0.0017
vn -0.0014 -1.0000 0.0020
vn 0.0008 1.0000 -0.0003
vn -0.0014 -1.0000 0.0015
vn 0.0005 1.0000 -0.0013
vn -0.2675 -0.9223 0.2791
vn -0.2667 0.9229 0.2777
vn -0.6939 0.0043 0.7201
vn -0.2815 -0.9173 -0.2817
vn -0.7927 0.0564 -0.6070
vn -0.0043 0.1720 -0.9851
vn -0.2724 0.9172 -0.2908
vn 0.2781 -0.9221 0.2691
vn 0.7111 0.0017 0.7031
vn 0.2852 0.9211 0.2649
vn 0.2902 -0.9137 -0.2843
vn 0.6977 0.0062 -0.7164
vn 0.2770 0.9139 -0.2969
vn -0.2769 -0.9224 0.2691
vn -0.2638 0.9289 0.2599
vn -0.7200 0.1216 0.6832
vn -0.2672 -0.9227 -0.2779
vn -0.7916 0.0907 -0.6042
vn 0.0519 0.2027 -0.9779
vn -0.2616 0.9242 -0.2784
vn 0.9688 -0.2402 -0.0618
vn 0.2844 -0.9201 0.2693
vn 0.5944 -0.1214 0.7949
vn 0.2827 0.9185 0.2763
vn 0.2922 -0.9151 -0.2779
vn 0.7113 -0.0032 -0.7028
vn 0.2848 0.9150 -0.2858
vn -0.2923 -0.9151 0.2778
vn -0.9808 0.0129 -0.1947
vn -0.2838 0.9200 0.2703
vn -0.5869 0.0345 0.8089
vn -0.3026 -0.9082 -0.2890
vn -0.7223 0.0222 -0.6912
vn -0.2930 0.9133 -0.2830
vn 0.2584 -0.9296 0.2629
vn 0.7040 -0.0140 0.7101
vn 0.2648 0.9250 0.2724
vn -0.2071 0.0084 -0.9783
vn 0.2653 -0.9195 -0.2901
vn 0.7936 -0.0066 -0.6084
vn 0.2684 0.9202 -0.2849
vn -0.2830 -0.9180 0.2778
vn -0.2851 0.9153 0.2846
vn -0.7104 -0.0345 0.7030
vn -0.2580 -0.9244 -0.2809
vn -0.7908 -0.1183 -0.6005
vn 0.0210 -0.1840 -0.9827
vn -0.2796 0.9168 -0.2852
vn 0.9782 0.2024 -0.0466
vn 0.2957 -0.9176 0.2656
vn 0.6208 0.0374 0.7831
vn 0.2918 0.9163 0.2743
vn 0.2794 -0.9143 -0.2932
vn 0.6982 -0.0564 -0.7136
vn 0.2947 0.9111 -0.2883
vn -0.3009 -0.9100 0.2851
vn -0.2563 0.9310 0.2600
vn -0.7102 0.1397 0.6900
vn -0.9912 -0.1224 0.0513
vn -0.3002 -0.9146 -0.2708
vn -0.6174 0.0237 -0.7863
vn -0.2775 0.9237 -0.2641
vn 0.2716 -0.9156 0.2966
vn 0.6799 0.0207 0.7330
vn 0.2674 0.9192 0.2891
vn 0.2671 -0.9228 -0.2777
vn 0.7047 -0.0595 -0.7070
vn 0.3005 0.9112 -0.2817
vn -0.2649 -0.9257 0.2701
vn -0.9889 0.1478 -0.0144
vn -0.2856 0.9138 0.2888
vn -0.5770 -0.0314 0.8162
vn -0.3024 -0.9124 -0.2758
vn -0.7189 0.0609 -0.6924
vn -0.2825 0.9167 -0.2826
vn 0.2715 -0.9174 0.2910
vn 0.6921 -0.0597 0.7193
vn 0.2799 0.9170 0.2843
vn 0.2697 -0.9239 -0.2713
vn 0.6977 -0.1272 -0.7050
vn 0.2908 0.9116 -0.2905
vn -0.3014 -0.9073 0.2933
vn -0.2635 0.9228 0.2809
vn -0.6893 0.1733 0.7034
vn -0.2896 -0.9158 -0.2783
vn -0.7043 0.0518 -0.7080
vn -0.2607 0.9297 -0.2601
vn 0.2738 -0.9220 0.2737
vn 0.8118 0.0116 0.5838
vn -0.0094 0.1830 0.9831
vn 0.2939 0.9139 0.2799
vn 0.2762 -0.9119 -0.3036
vn 0.5658 0.1890 -0.8026
vn 0.9831 0.1827 -0.0081
vn 0.2670 0.9307 -0.2500
vn -0.1228 -0.9134 0.3882
vn -0.1227 0.9763 0.1781
vn -0.1338 -0.9649 -0.2262
vn -0.7360 0.6160 -0.2808
vn -0.2886 0.8725 -0.3944
vn 0.3308 -0.7671 0.5497
vn 0.1156 0.9796 0.1642
vn 0.8549 0.5077 0.1069
vn 0.2458 -0.9589 -0.1419
vn 0.2729 0.9492 -0.1569
vn 0.0364 -0.0714 0.9968
vn -0.2106 -0.9527 0.2191
vn -0.1802 -0.9836 -0.0002
vn -0.2055 0.9484 0.2416
vn -0.8205 -0.0117 0.5715
vn -0.9631 0.0836 0.2558
vn -0.1572 -0.9730 -0.1688
vn 0.2031 0.0217 -0.9789
vn -0.1385 0.9808 -0.1375
vn 0.1883 -0.9549 0.2295
vn 0.7985 -0.0518 0.5997
vn -0.0794 0.0211 0.9966
vn 0.2017 0.9522 0.2296
vn -0.0853 -0.0307 -0.9959
vn 0.1942 -0.9553 -0.2228
vn 0.7984 -0.0085 -0.6021
vn 0.1926 0.9482 -0.2528
vn -0.1267 -0.9484 0.2907
vn -0.2781 -0.9503 0.1399
vn -0.3459 0.0008 0.9383
vn -0.4777 -0.7258 0.4950
vn -0.1264 0.9458 0.2992
vn -0.4809 0.7266 0.4906
vn -0.2866 0.9491 0.1305
vn -0.9278 -0.0124 0.3728
vn -0.2866 -0.9470 -0.1452
vn -0.1387 -0.9465 -0.2913
vn -0.9051 0.0017 -0.4252
vn -0.4962 -0.6994 -0.5145
vn -0.2827 0.9466 -0.1551
vn -0.4934 0.6989 -0.5177
vn 0.1343 -0.9502 0.2813
vn 0.9236 0.1657 0.3458
vn 0.4754 -0.7445 0.4686
vn 0.2950 0.9478 0.1213
vn 0.5112 0.7169 0.4741
vn 0.1399 -0.9448 -0.2961
vn 0.2967 -0.9447 -0.1400
vn 0.3685 0.0216 -0.9294
vn 0.4899 -0.7104 -0.5053
vn 0.2860 0.9473 -0.1440
vn 0.1346 0.9433 -0.3034
vn 0.9167 -0.0331 -0.3981
vn 0.4891 0.7107 -0.5057
vn -0.2876 -0.9577 -0.0036
vn -0.2810 0.9597 -0.0024
vn 0.0027 -0.9560 -0.2935
vn -0.0012 0.9529 -0.3032
vn 0.0096 0.0131 -0.9999
vn 0.2975 -0.9547 0.0068
vn 0.9995 -0.0323 0.0058
vn 0.2866 0.9581 0.0022
vn 0.0077 -0.9597 0.2810
vn 0.0222 0.1741 0.9845
vn 0.0118 0.9545 0.2979
vn -0.2887 -0.9485 0.1304
vn -0.5179 -0.6987 0.4935
vn -0.1265 0.9533 0.2741
vn -0.4664 0.7555 0.4601
vn -0.2733 0.9542 0.1219
vn -0.9322 0.0718 0.3547
vn -0.2749 -0.9509 -0.1422
vn -0.1265 -0.9482 -0.2916
vn -0.9086 0.0381 -0.4159
vn -0.4853 -0.7074 -0.5139
vn -0.2742 0.9522 -0.1350
vn -0.4621 0.7368 -0.4935
vn 0.1355 -0.9498 0.2819
vn 0.4800 -0.7445 0.4640
vn 0.1418 0.9473 0.2871
vn 0.2923 0.9476 0.1291
vn 0.5226 0.6942 0.4949
vn 0.1351 -0.9515 -0.2764
vn 0.3008 -0.9448 -0.1301
vn 0.3963 0.0124 -0.9180
vn 0.4832 -0.7305 -0.4825
vn 0.2807 0.9510 -0.1295
vn 0.1383 0.9451 -0.2959
vn 0.4964 0.7220 -0.4820
vn -0.2846 -0.9586 -0.0004
vn -0.2754 0.9613 0.0011
vn -0.0010 -0.9573 -0.2892
vn -0.0057 0.9564 -0.2922
vn 0.2946 -0.9556 0.0051
vn 0.2958 0.9552 -0.0002
vn -0.0044 -0.9580 0.2868
vn -0.0015 -0.0254 0.9997
vn -0.0016 0.9604 0.2787
vn -0.1415 -0.9464 0.2902
vn -0.5067 -0.7045 0.4969
vn -0.1368 0.9492 0.2834
vn -0.4877 0.7304 0.4781
vn -0.2969 -0.9457 -0.1324
vn -0.1475 -0.9435 -0.2966
vn -0.9277 0.0368 -0.3716
vn -0.5123 -0.7089 -0.4848
vn -0.4085 0.0121 -0.9127
vn -0.1374 0.9484 -0.2857
vn -0.2969 0.9461 -0.1294
vn -0.4946 0.7227 -0.4827
vn 0.2748 -0.9533 0.1252
vn 0.1208 -0.9545 0.2728
vn 0.9292 -0.0035 0.3696
vn 0.4753 -0.7411 0.4742
vn 0.1254 0.9500 0.2859
vn 0.2751 0.9520 0.1342
vn 0.4822 0.7217 0.4966
vn 0.2772 -0.9498 -0.1452
vn 0.4691 -0.7188 -0.5131
vn 0.2775 0.9504 -0.1402
vn 0.9013 -0.0156 -0.4328
vn 0.4814 0.7150 -0.5070
vn -0.3096 -0.9508 0.0091
vn -0.2951 0.9554 0.0092
vn -0.9992 0.0345 0.0178
vn 0.0090 -0.9555 -0.2948
vn 0.0079 0.9532 -0.3021
vn 0.2766 -0.9610 -0.0045
vn 0.2816 0.9595 -0.0058
vn -0.0060 -0.9603 0.2789
vn -0.0211 -0.0379 0.9991
vn -0.0072 0.9592 0.2827
vn -0.1449 -0.9447 0.2940
vn -0.2870 -0.9477 0.1399
vn -0.3894 -0.0054 0.9210
vn -0.4969 -0.7142 0.4929
vn -0.1394 0.9476 0.2873
vn -0.5130 0.6884 0.5129
vn -0.2942 0.9454 0.1402
vn -0.9253 -0.0369 0.3775
vn -0.2696 -0.9521 -0.1444
vn -0.9139 -0.0286 -0.4049
vn -0.4749 -0.7301 -0.4914
vn -0.1302 0.9456 -0.2982
vn -0.2863 0.9476 -0.1419
vn -0.5010 0.6842 -0.5299
vn 0.3039 -0.9446 0.1242
vn 0.1580 -0.9480 0.2762
vn 0.5247 -0.7074 0.4737
vn 0.1412 0.9497 0.2794
vn 0.4205 0.0208 0.9071
vn 0.5177 0.7038 0.4865
vn 0.1418 -0.9448 -0.2954
vn 0.2851 -0.9471 -0.1476
vn 0.3829 -0.0418 -0.9228
vn 0.4844 -0.7198 -0.4971
vn 0.2960 0.9452 -0.1378
vn 0.1367 0.9468 -0.2912
vn 0.5089 0.6880 -0.5174
vn -0.2903 -0.9569 0.0001
vn -0.2900 0.9570 0.0005
vn -0.9998 -0.0187 0.0020
vn -0.0039 -0.9536 -0.3011
vn 0.0012 0.9566 -0.2915
vn 0.0032 -0.0354 -0.9994
vn 0.2878 -0.9577 -0.0034
vn 0.3063 0.9519 0.0010
vn -0.0046 -0.9574 0.2887
vn -0.0031 0.9583 0.2858
vn -0.3093 -0.9416 0.1331
vn -0.5203 -0.6885 0.5053
vn -0.1188 0.9562 0.2674
vn -0.4465 0.7568 0.4773
vn -0.9188 -0.1451 0.3671
vn -0.1589 -0.9460 -0.2825
vn -0.5452 -0.6739 -0.4986
vn -0.1389 0.9510 -0.2761
vn -0.2884 0.9491 -0.1264
vn -0.4252 0.0693 -0.9024
vn -0.4917 0.7367 -0.4643
vn 0.2769 -0.9505 0.1410
vn 0.1228 -0.9455 0.3017
vn 0.9113 0.0123 0.4117
vn 0.4751 -0.7157 0.5119
vn 0.1256 0.9475 0.2942
vn 0.2770 0.9495 0.1476
vn 0.3432 0.0085 0.9392
vn 0.4696 0.7232 0.5065
vn 0.1310 -0.9502 -0.2829
vn 0.2800 -0.9490 -0.1451
vn 0.3905 -0.0555 -0.9189
vn 0.4775 -0.7318 -0.4862
vn 0.2970 0.9455 -0.1333
vn 0.1508 0.9454 -0.2889
vn 0.5298 0.6729 -0.5163
vn -0.3030 -0.9530 -0.0003
vn -0.9791 0.2027 0.0145
vn -0.2894 0.9572 0.0084
vn 0.0034 -0.9594 -0.2820
vn -0.0014 0.9566 -0.2913
vn 0.2844 -0.9587 0.0018
vn 0.2849 0.9585 0.0019
vn 0.9999 0.0127 0.0059
vn -0.0051 -0.9541 0.2994
vn -0.0032 0.0071 1.0000
vn -0.0024 0.9620 0.2730
vn -0.1321 -0.9503 0.2821
vn -0.2776 -0.9516 0.1317
vn -0.4691 -0.7443 0.4753
vn -0.3808 0.0245 0.9243
vn -0.1362 0.9463 0.2933
vn -0.5037 0.6812 0.5313
vn -0.2966 -0.9463 -0.1289
vn -0.1546 -0.9461 -0.2846
vn -0.9272 -0.0086 -0.3746
vn -0.5301 -0.6813 -0.5048
vn -0.1352 0.9476 -0.2895
vn -0.2915 0.9455 -0.1450
vn -0.4012 0.0555 -0.9143
vn -0.4875 0.7304 -0.4784
vn 0.2867 -0.9455 0.1542
vn 0.1355 -0.9464 0.2931
vn 0.9151 -0.0063 0.4032
vn 0.4783 -0.7224 0.4993
vn 0.1317 0.9472 0.2925
vn 0.2881 0.9478 0.1365
vn 0.4999 0.6942 0.5179
vn 0.1370 -0.9477 -0.2881
vn 0.2768 -0.9506 -0.1403
vn 0.3813 -0.0513 -0.9230
vn 0.4608 -0.7536 -0.4687
vn 0.2918 0.9469 -0.1350
vn 0.1342 0.9461 -0.2947
vn 0.5294 0.6638 -0.5283
vn -0.2833 -0.9590 0.0008
vn -0.9911 0.1328 -0.0001
vn -0.3005 0.9538 0.0043
vn -0.0044 -0.9571 -0.2896
vn -0.0091 0.9567 -0.2910
vn 0.2861 -0.9582 0.0078
vn 0.2891 0.9572 0.0101
vn 0.9996 -0.0099 0.0277
vn 0.0018 -0.9563 0.2922
vn 0.0028 0.9559 0.2935
vn -0.1475 -0.9415 0.3031
vn -0.3020 -0.9432 0.1384
vn -0.5384 -0.6421 0.5458
vn -0.1275 0.9493 0.2874
vn -0.4400 0.7689 0.4639
vn -0.2796 0.9495 0.1422
vn -0.9126 0.1141 0.3925
vn -0.2952 -0.9462 -0.1324
vn -0.9252 -0.1052 -0.3647
vn -0.5283 -0.6869 -0.4991
vn -0.1237 0.9549 -0.2699
vn -0.3744 0.2733 -0.8861
vn -0.4601 0.7565 -0.4648
vn 0.2875 -0.9477 0.1385
vn 0.1326 -0.9496 0.2839
vn 0.9214 0.0083 0.3885
vn 0.4882 -0.7267 0.4833
vn 0.3038 0.9420 0.1424
vn 0.5104 0.6949 0.5065
vn 0.1366 -0.9423 -0.3057
vn 0.2929 -0.9450 -0.1455
vn 0.3765 0.1029 -0.9207
vn 0.5276 -0.6521 -0.5444
vn 0.1343 0.9550 -0.2646
vn 0.4616 0.7587 -0.4597
vn -0.2977 -0.9546 -0.0067
vn -0.2868 0.9580 -0.0095
vn -0.0102 -0.9535 -0.3012
vn -0.0046 0.9624 -0.2715
vn -0.0135 0.0825 -0.9965
vn 0.2976 -0.9547 0.0061
vn 0.2961 0.9552 -0.0025
vn 0.0072 -0.9582 0.2858
vn 0.0133 0.1601 0.9870
vn 0.0071 0.9569 0.2905
vn -0.1582 -0.9834 0.0884
vn -0.2897 0.8253 0.4848
vn -0.3685 -0.9245 -0.0979
vn -0.2308 -0.7860 -0.5735
vn -0.1849 0.9767 -0.1090
vn -0.1723 0.7438 -0.6459
vn -0.7175 0.6535 -0.2410
vn 0.4718 -0.8629 0.1810
vn 0.2840 0.8731 0.3963
vn 0.1078 -0.9359 -0.3353
vn 0.5321 -0.8320 -0.1571
vn 0.1419 0.9793 -0.1445
vn 0.4216 0.7684 -0.4814
vn -0.2182 -0.9759 -0.0016
vn -0.6504 0.1117 -0.7514
vn 0.0011 -0.9791 -0.2033
vn 0.0014 0.9703 -0.2418
vn 0.7650 -0.1372 -0.6292
vn 0.2201 -0.9755 0.0009
vn 0.8256 0.5642 0.0005
vn 0.5294 -0.1196 0.8399
vn 0.0045 -0.8887 0.4584
vn -0.2149 -0.9659 0.1446
vn -0.4658 -0.7481 0.4725
vn -0.5331 0.6881 0.4922
vn -0.2113 0.9638 0.1628
vn -0.9288 -0.0824 0.3612
vn -0.0909 -0.9929 -0.0773
vn -0.5577 -0.6084 -0.5646
vn -0.0817 0.9931 -0.0842
vn -0.5136 0.6741 -0.5309
vn 0.9118 0.0167 0.4103
vn 0.4530 -0.7509 0.4805
vn 0.2084 0.9688 0.1339
vn 0.4468 0.7421 0.4997
vn 0.2035 -0.9703 -0.1307
vn 0.4462 -0.7488 -0.4902
vn 0.9124 -0.0970 -0.3977
vn 0.4884 0.7104 -0.5067
vn -0.3052 -0.9523 -0.0039
vn -0.2886 0.9574 -0.0039
vn -0.0029 -0.9523 -0.3050
vn -0.0071 0.0417 -0.9991
vn -0.0021 0.9592 -0.2826
vn -0.0000 -0.9636 0.2673
vn 0.0006 0.0149 0.9999
vn -0.0001 0.9591 0.2832
vn 0.3832 -0.2083 0.8999
vn -0.9999 0.0149 -0.0087
vn -0.3758 0.1439 0.9155
vn 0.9237 -0.0119 -0.3830
vn 0.3949 -0.1629 0.9042
vn -0.9993 0.0363 0.0016
vn -0.0044 0.0148 -0.9999
vn 0.9832 -0.1825 0.0041
vn -0.3988 0.0313 0.9165
vn 0.3567 -0.0285 0.9338
vn 0.0164 0.0037 -0.9999
vn 0.9998 0.0071 -0.0159
vn 0.9152 -0.0510 -0.3998
vn -0.0113 0.0008 0.9999
vn 0.9861 0.1657 -0.0101
vn -0.3568 0.2749 0.8928
vn 0.9202 -0.0737 -0.3845
vn 0.0041 -0.0274 -0.9996
vn 0.9162 -0.1247 -0.3807
vn 0.3656 -0.0496 0.9294
vn 0.0063 -0.0386 0.9992
vn -0.0211 -0.0259 -0.9994
vn -0.3709 0.1600 0.9148
vn -0.9730 0.2303 -0.0181
vn 0.9998 0.0178 0.0119
vn -0.3696 -0.1852 0.9105
vn -0.1838 0.9830 0.0017
vn 0.1104 0.9939 0.0002
vn 0.0017 0.9829 0.1839
vn 0.1970 -0.9713 0.1333
vn 0.2010 0.9652 -0.1671
vn -0.0742 -0.9972 -0.0003
vn 0.1818 -0.9833 -0.0001
vn 0.1810 0.9835 -0.0006
vn -0.9957 0.0922 -0.0058
vn 0.9989 0.0463 0.0005
vn 0.0136 -0.7990 0.6011
vn -0.2510 -0.6979 0.6708
vn -0.1850 0.7615 0.6212
vn 0.0136 0.7797 0.6260
vn 0.0045 -0.9930 0.1184
vn -0.0962 -0.9874 0.1257
vn -0.6038 -0.7689 0.2100
vn -0.1194 -0.9928 -0.0019
vn -0.6142 -0.7891 -0.0070
vn -0.6086 0.7934 -0.0044
vn -0.6665 0.6995 0.2579
vn -0.1212 0.9877 0.0990
vn 0.0044 0.9924 0.1230
vn -0.1176 0.9931 -0.0013
vn -0.6599 -0.6894 -0.2989
vn -0.6060 0.7409 -0.2896
vn -0.1208 -0.9872 -0.1046
vn -0.2588 -0.7423 -0.6180
vn -0.3173 0.5822 -0.7486
vn 0.0014 -0.9924 -0.1229
vn 0.0054 -0.7771 -0.6293
vn 0.0057 0.7806 -0.6250
vn 0.0018 0.9924 -0.1234
vn -0.1168 0.9895 -0.0851
vn 0.6153 -0.7883 0.0048
vn 0.7159 -0.6434 0.2710
vn 0.6358 0.7393 0.2219
vn 0.6124 0.7906 0.0041
vn 0.1234 -0.9924 0.0014
vn 0.0769 -0.9900 0.1179
vn 0.2421 -0.7664 0.5950
vn 0.3118 0.6095 0.7288
vn 0.1203 0.9903 0.0692
vn 0.1201 0.9928 0.0010
vn 0.2736 -0.6761 -0.6842
vn 0.1972 0.7612 -0.6178
vn 0.1028 -0.9869 -0.1240
vn 0.5991 -0.7737 -0.2061
vn 0.6651 0.6892 -0.2874
vn 0.1182 0.9875 -0.1043
vn -0.0009 -0.7935 0.6085
vn -0.1876 0.7906 0.5829
vn -0.0018 0.8038 0.5949
vn -0.3097 -0.5885 0.7468
vn 0.0005 -0.9931 0.1169
vn -0.1177 -0.9904 0.0729
vn -0.6431 -0.7252 0.2460
vn -0.1182 -0.9930 -0.0005
vn -0.6293 -0.7771 -0.0006
vn -0.5964 0.8027 0.0019
vn -0.6417 0.7281 0.2409
vn -0.1130 0.9894 0.0917
vn -0.0010 0.9935 0.1135
vn -0.1144 0.9934 0.0006
vn -0.6553 -0.6952 -0.2953
vn -0.5863 0.7664 -0.2623
vn -0.1132 -0.9882 -0.1030
vn -0.2406 -0.7525 -0.6131
vn -0.2777 0.6311 -0.7243
vn 0.0003 -0.9926 -0.1217
vn -0.0022 -0.7901 -0.6130
vn -0.0042 0.7950 -0.6065
vn -0.0037 0.9885 -0.1512
vn -0.1127 0.9912 -0.0692
vn 0.6001 -0.7999 0.0033
vn 0.7179 -0.6448 0.2623
vn 0.6414 0.7293 0.2382
vn 0.6350 0.7725 -0.0000
vn 0.1551 -0.9879 0.0033
vn 0.0692 -0.9908 0.1160
vn 0.2544 -0.7674 0.5886
vn 0.2889 0.6813 0.6725
vn 0.1030 0.9876 0.1183
vn 0.1238 0.9923 -0.0009
vn 0.2774 -0.7034 -0.6544
vn 0.2063 0.7825 -0.5875
vn 0.0966 -0.9893 -0.1096
vn 0.5809 -0.7914 -0.1901
vn 0.6649 0.6965 -0.2699
vn 0.1132 0.9892 -0.0935
vn -0.0129 -0.7977 0.6029
vn -0.2615 0.7570 0.5989
vn -0.0136 0.7939 0.6078
vn -0.2705 -0.7369 0.6195
vn -0.0030 -0.9932 0.1161
vn -0.0742 -0.9897 0.1223
vn -0.5445 -0.8386 0.0143
vn -0.7562 -0.5884 0.2863
vn -0.1607 -0.9870 0.0058
vn -0.6102 0.7921 0.0115
vn -0.7297 0.6254 0.2765
vn -0.0712 0.9902 0.1205
vn -0.0038 0.9927 0.1203
vn -0.1570 0.9876 0.0058
vn -0.6803 -0.6816 -0.2694
vn -0.5942 0.7817 -0.1892
vn -0.1186 -0.9884 -0.0944
vn -0.2224 -0.7721 -0.5953
vn -0.2835 0.7017 -0.6536
vn 0.0056 -0.9876 -0.1571
vn 0.0112 -0.7871 -0.6167
vn 0.0124 0.8436 -0.5368
vn 0.0051 0.9880 -0.1545
vn -0.0981 0.9886 -0.1140
vn 0.6015 -0.7989 -0.0086
vn 0.6544 -0.7134 0.2507
vn 0.6014 0.7729 0.2023
vn 0.6103 0.7921 -0.0112
vn 0.1153 -0.9933 -0.0022
vn 0.1117 -0.9893 0.0937
vn 0.1779 -0.7892 0.5877
vn 0.2545 0.6943 0.6732
vn 0.0947 0.9881 0.1209
vn 0.1176 0.9931 -0.0030
vn 0.2755 -0.6121 -0.7412
vn 0.2831 0.5982 -0.7497
vn 0.1138 -0.9907 -0.0748
vn 0.5987 -0.7493 -0.2829
vn 0.6038 0.7494 -0.2717
vn 0.1154 0.9906 -0.0729
vn -0.0083 -0.7789 0.6271
vn -0.2802 -0.6913 0.6660
vn -0.2314 0.6566 0.7179
vn -0.0060 0.7857 0.6185
vn -0.0023 -0.9931 0.1177
vn -0.1066 -0.9863 0.1256
vn -0.6118 -0.7632 0.2082
vn -0.1259 -0.9920 -0.0014
vn -0.6127 -0.7903 0.0008
vn -0.6237 0.7816 0.0016
vn -0.7243 0.6497 0.2309
vn -0.1193 0.9877 0.1008
vn -0.0015 0.9928 0.1196
vn -0.1198 0.9928 0.0003
vn -0.5807 -0.7710 -0.2614
vn -0.6056 0.7664 -0.2144
vn -0.1086 -0.9907 -0.0817
vn 0.0007 -0.7926 -0.6097
vn -0.2921 -0.6051 -0.7407
vn -0.0033 -0.9877 -0.1564
vn -0.2497 0.7374 -0.6277
vn 0.0025 0.7720 -0.6356
vn 0.0007 0.9930 -0.1185
vn -0.0969 0.9873 -0.1259
vn 0.6168 -0.7871 -0.0061
vn 0.6219 -0.7481 0.2314
vn 0.7640 0.5754 0.2918
vn 0.5265 0.8502 0.0001
vn 0.1190 -0.9929 -0.0019
vn 0.1348 -0.9863 0.0946
vn 0.2438 -0.7589 0.6039
vn 0.2630 0.7453 0.6126
vn 0.0790 0.9899 0.1176
vn 0.1645 0.9864 0.0013
vn 0.2777 -0.6985 -0.6596
vn 0.2084 0.7462 -0.6323
vn 0.1013 -0.9873 -0.1226
vn 0.5970 -0.7704 -0.2240
vn 0.6882 0.6645 -0.2912
vn 0.1184 0.9881 -0.0980
vn -0.0021 -0.7804 0.6253
vn -0.2125 0.7899 0.5752
vn -0.0026 0.8170 0.5766
vn -0.3103 -0.5672 0.7629
vn -0.0001 -0.9928 0.1200
vn -0.1227 -0.9898 0.0721
vn -0.6505 -0.7194 0.2437
vn -0.1220 -0.9925 0.0027
vn -0.6402 -0.7682 0.0074
vn -0.5966 0.8025 0.0092
vn -0.7165 0.6361 0.2863
vn -0.0683 0.9916 0.1094
vn -0.0015 0.9937 0.1118
vn -0.1219 0.9925 0.0037
vn -0.7776 -0.5512 -0.3025
vn -0.5918 0.7721 -0.2315
vn -0.0870 -0.9896 -0.1143
vn -0.3032 -0.7175 -0.6271
vn -0.2815 0.7239 -0.6298
vn 0.0017 -0.9933 -0.1159
vn 0.0067 -0.7758 -0.6309
vn -0.0024 0.7725 -0.6350
vn -0.0007 0.9930 -0.1182
vn -0.1016 0.9881 -0.1153
vn 0.6048 -0.7964 0.0034
vn 0.6578 -0.6950 0.2903
vn 0.5904 0.7753 0.2244
vn 0.6119 0.7909 0.0031
vn 0.1180 -0.9930 0.0014
vn 0.1095 -0.9889 0.1006
vn 0.1791 -0.7598 0.6250
vn 0.2511 0.6944 0.6744
vn 0.0944 0.9874 0.1270
vn 0.1168 0.9932 0.0011
vn 0.2642 -0.7095 -0.6534
vn 0.2535 0.6429 -0.7228
vn 0.0982 -0.9874 -0.1237
vn 0.6034 -0.7664 -0.2202
vn 0.6997 0.6541 -0.2875
vn 0.1269 0.9871 -0.0973
vn 0.0036 -0.7950 0.6065
vn -0.2563 -0.7214 0.6433
vn -0.2551 0.7214 0.6438
vn 0.0049 0.7664 0.6424
vn -0.0000 -0.9919 0.1274
vn -0.0978 -0.9883 0.1174
vn -0.5789 -0.7785 0.2426
vn -0.1185 -0.9930 0.0006
vn -0.5980 -0.8015 -0.0000
vn -0.6284 0.7779 -0.0006
vn -0.7613 0.5620 0.3234
vn -0.0757 0.9894 0.1237
vn 0.0015 0.9924 0.1227
vn -0.1216 0.9926 -0.0006
vn -0.6958 -0.6628 -0.2766
vn -0.6224 0.7522 -0.2162
vn -0.1277 -0.9873 -0.0946
vn -0.2414 -0.7434 -0.6238
vn -0.2726 0.7088 -0.6507
vn -0.0023 -0.9933 -0.1158
vn -0.0085 -0.7709 -0.6369
vn -0.0175 0.7748 -0.6319
vn -0.0046 0.9929 -0.1185
vn -0.1007 0.9869 -0.1262
vn 0.5983 -0.8011 0.0155
vn 0.6484 -0.7028 0.2927
vn 0.6131 0.7627 0.2060
vn 0.6221 0.7827 0.0185
vn 0.1224 -0.9925 0.0042
vn 0.1201 -0.9865 0.1111
vn 0.1989 -0.7711 0.6049
vn 0.2701 0.6612 0.6999
vn 0.0972 0.9879 0.1207
vn 0.1190 0.9929 0.0052
vn 0.2545 -0.7300 -0.6343
vn 0.2039 0.7518 -0.6271
vn 0.1026 -0.9869 -0.1249
vn 0.5840 -0.7849 -0.2071
vn 0.7118 0.6376 -0.2946
vn 0.1176 0.9883 -0.0969
vn 0.0096 -0.7974 0.6034
vn -0.1815 0.8037 0.5667
vn 0.0067 0.8125 0.5829
vn -0.2486 -0.5951 0.7643
vn 0.0038 -0.9927 0.1205
vn -0.1043 -0.9873 0.1200
vn -0.6450 -0.7343 0.2118
vn -0.1231 -0.9924 -0.0035
vn -0.6540 -0.7564 -0.0121
vn -0.5033 0.8640 -0.0144
vn -0.6145 0.7434 0.2642
vn -0.1139 0.9881 0.1031
vn 0.0012 0.9926 0.1217
vn -0.1468 0.9892 -0.0061
vn -0.6499 -0.7193 -0.2454
vn -0.6975 0.6603 -0.2785
vn -0.1221 -0.9897 -0.0745
vn -0.0148 -0.8529 -0.5219
vn -0.3237 -0.5690 -0.7560
vn -0.0071 -0.9869 -0.1615
vn -0.2363 0.7775 -0.5827
vn -0.0086 0.8084 -0.5885
vn -0.0024 0.9937 -0.1118
vn -0.0654 0.9914 -0.1130
vn 0.6575 -0.7533 0.0121
vn 0.6625 -0.6998 0.2672
vn 0.6316 0.7298 0.2616
vn 0.6171 0.7869 0.0035
vn 0.1200 -0.9928 0.0032
vn 0.1174 -0.9879 0.1011
vn 0.2481 -0.7703 0.5875
vn 0.3287 0.5828 0.7432
vn 0.1213 0.9897 0.0763
vn 0.1210 0.9927 0.0004
vn 0.2869 -0.6393 -0.7134
vn 0.2399 0.7895 -0.5649
vn 0.0986 -0.9872 -0.1253
vn 0.6467 -0.7100 -0.2787
vn 0.7109 0.6458 -0.2785
vn 0.0779 0.9910 -0.1088
vn 0.0022 -0.9831 0.1833
vn -0.6117 -0.7721 0.1721
vn 0.0120 -0.0619 0.9980
vn -0.7995 -0.1460 0.5827
vn -0.5993 -0.8005 0.0011
vn 0.0008 -1.0000 -0.0028
vn -0.0785 -0.9969 -0.0008
vn 0.0037 0.8926 0.4509
vn -0.6876 0.6498 0.3240
vn -0.4778 0.8785 0.0022
vn -0.0001 1.0000 0.0017
vn -0.5392 -0.8181 -0.1997
vn -0.8134 -0.2532 -0.5236
vn -0.9600 -0.2800 -0.0070
vn 0.0027 -0.7211 -0.6928
vn 0.0016 -0.9972 -0.0748
vn -0.5497 -0.0296 -0.8348
vn 0.0093 -0.4816 -0.8763
vn 0.0034 0.9071 -0.4209
vn -0.4768 0.8743 -0.0907
vn 0.0003 0.9932 -0.1163
vn 0.1269 -0.9867 0.1018
vn 0.7479 -0.6638 -0.0021
vn 0.9654 0.2608 -0.0038
vn 0.8845 -0.1420 0.4443
vn 0.1462 -0.9893 -0.0007
vn 0.6328 0.7257 0.2700
vn 0.4379 0.8990 0.0025
vn 0.0633 0.9980 -0.0003
vn 0.2599 -0.7929 -0.5512
vn 0.3655 -0.3805 -0.8495
vn 0.9091 0.1050 -0.4031
vn 0.2049 0.8827 -0.4229
vn 0.0004 -0.8567 0.5159
vn -0.3223 -0.5974 0.7343
vn -0.3315 0.5442 0.7707
vn -0.0000 0.8306 0.5568
vn 0.0005 -0.9957 0.0930
vn -0.5907 -0.7792 0.2095
vn 0.0024 -1.0000 -0.0003
vn -0.5170 -0.8560 -0.0041
vn -0.1658 -0.9862 -0.0036
vn -0.0003 0.9946 0.1036
vn -0.6252 0.7432 0.2383
vn -0.1635 0.9865 -0.0021
vn -0.4748 0.8801 -0.0047
vn 0.0027 1.0000 0.0028
vn -0.0010 -0.9866 -0.1634
vn -0.7545 -0.5854 -0.2968
vn -0.7016 0.6488 -0.2947
vn -0.0041 -0.8445 -0.5355
vn -0.3136 -0.5713 -0.7585
vn -0.2953 0.6431 -0.7065
vn -0.0008 0.9867 -0.1623
vn -0.0039 0.8327 -0.5537
vn 0.5249 -0.8512 0.0004
vn 0.5730 -0.7911 0.2140
vn 0.5878 0.7811 0.2107
vn 0.5321 0.8467 -0.0004
vn 0.2899 -0.5974 0.7477
vn 0.3043 0.5704 0.7629
vn 0.2966 -0.5961 -0.7461
vn 0.2985 0.5706 -0.7650
vn 0.5798 -0.7841 -0.2215
vn 0.6042 0.7538 -0.2585
vn 0.0020 -1.0000 -0.0008
vn 0.0008 1.0000 0.0004
vn -0.0007 1.0000 -0.0004
vn 0.0007 -1.0000 0.0008
vn -0.0016 1.0000 -0.0014
vn -0.0001 -1.0000 -0.0006
vn -0.0007 1.0000 -0.0011
vn 0.0005 -1.0000 0.0012
vn -0.0012 1.0000 0.0008
vn -0.0019 1.0000 0.0024
vn 0.0017 -1.0000 -0.0016
vn -0.0010 1.0000 0.0002
vn -0.6978 -0.0139 0.7162
vn 0.7309 -0.0979 0.6754
vn 0.6961 -0.0013 -0.7180
vn -0.7114 0.0662 0.6997
vn 0.7139 -0.0160 -0.7001
vn -0.7197 0.0087 -0.6942
vn 0.6997 -0.0331 0.7137
vn -0.7114 -0.0401 0.7016
vn 0.6989 -0.0601 -0.7127
vn -0.6929 0.0443 0.7197
vn 0.6785 0.0139 0.7345
vn 0.7082 -0.0830 -0.7011
vn -0.7166 0.0467 -0.6960
vn 0.6918 -0.0577 0.7198
vn 0.6989 -0.1368 -0.7021
vn -0.6904 0.1859 0.6991
vn -0.7190 0.1389 -0.6810
vn -0.3541 0.8124 -0.4632
vn -0.2712 0.8957 -0.3522
vn 0.1696 0.9458 -0.2771
vn -0.1614 -0.9780 -0.1318
vn -0.1361 0.9778 -0.1592
vn -0.1274 -0.9507 0.2828
vn -0.2860 -0.9480 0.1395
vn -0.3463 0.0068 0.9381
vn -0.4765 -0.7263 0.4954
vn -0.1273 0.9492 0.2879
vn -0.4804 0.7269 0.4908
vn -0.2739 0.9527 0.1315
vn -0.9277 -0.0067 0.3732
vn -0.2870 -0.9469 -0.1452
vn -0.1385 -0.9455 -0.2948
vn -0.8956 0.1044 -0.4323
vn -0.5013 -0.7081 -0.4973
vn -0.2780 0.9481 -0.1545
vn -0.5031 0.6967 -0.5113
vn 0.1340 -0.9512 0.2781
vn 0.9272 0.1319 0.3505
vn 0.4722 -0.7427 0.4747
vn 0.2881 0.9499 0.1210
vn 0.5221 0.7130 0.4681
vn 0.1404 -0.9473 -0.2879
vn 0.2958 -0.9449 -0.1400
vn 0.3698 0.0067 -0.9291
vn 0.5049 -0.7026 -0.5014
vn 0.2815 0.9486 -0.1442
vn 0.1346 0.9431 -0.3039
vn 0.9184 -0.0010 -0.3956
vn 0.4861 0.7122 -0.5065
vn -0.2896 -0.9571 -0.0036
vn -0.2882 0.9576 -0.0023
vn 0.0027 -0.9557 -0.2944
vn -0.0013 0.9510 -0.3091
vn 0.0082 0.1838 -0.9829
vn 0.3007 -0.9537 0.0069
vn 0.9820 -0.1888 0.0070
vn 0.2894 0.9572 0.0021
vn 0.0077 -0.9573 0.2891
vn 0.0214 0.0002 0.9998
vn 0.0116 0.9556 0.2945
vn -0.2864 -0.9492 0.1303
vn -0.5235 -0.6968 0.4904
vn -0.1267 0.9539 0.2721
vn -0.4666 0.7560 0.4591
vn -0.2705 0.9549 0.1221
vn -0.9313 -0.0249 0.3635
vn -0.2740 -0.9512 -0.1422
vn -0.1264 -0.9480 -0.2919
vn -0.8974 0.1327 -0.4208
vn -0.4893 -0.7141 -0.5007
vn -0.2685 0.9539 -0.1343
vn -0.4741 0.7342 -0.4860
vn 0.1357 -0.9492 0.2839
vn 0.4800 -0.7445 0.4639
vn 0.1420 0.9483 0.2837
vn 0.3008 0.9450 0.1284
vn 0.5055 0.7032 0.5000
vn 0.1348 -0.9504 -0.2802
vn 0.2882 -0.9485 -0.1311
vn 0.3977 -0.0059 -0.9175
vn 0.4926 -0.7260 -0.4800
vn 0.2859 0.9495 -0.1291
vn 0.1390 0.9484 -0.2851
vn 0.4953 0.7200 -0.4861
vn -0.2812 -0.9596 -0.0003
vn -0.0012 -0.9590 -0.2833
vn -0.0057 0.9542 -0.2991
vn 0.3035 -0.9528 0.0050
vn 0.2863 0.9581 -0.0000
vn -0.0047 -0.9546 0.2978
vn -0.0025 -0.1552 0.9879
vn -0.0019 0.9577 0.2879
vn -0.1414 -0.9468 0.2891
vn -0.5070 -0.7046 0.4964
vn -0.1367 0.9495 0.2825
vn -0.4878 0.7305 0.4780
vn -0.3024 -0.9440 -0.1320
vn -0.1479 -0.9463 -0.2876
vn -0.9276 0.0183 -0.3732
vn -0.5114 -0.7070 -0.4886
vn -0.4085 0.0119 -0.9127
vn -0.1372 0.9473 -0.2894
vn -0.2912 0.9478 -0.1298
vn -0.4948 0.7231 -0.4819
vn 0.2692 -0.9549 0.1256
vn 0.1207 -0.9540 0.2743
vn 0.9286 -0.0187 0.3705
vn 0.4687 -0.7441 0.4761
vn 0.1260 0.9518 0.2796
vn 0.2795 0.9508 0.1339
vn 0.4826 0.7223 0.4954
vn 0.2723 -0.9513 -0.1445
vn 0.4798 -0.7163 -0.5067
vn 0.2802 0.9496 -0.1406
vn 0.9010 -0.0022 -0.4338
vn 0.4874 0.7137 -0.5031
vn -0.3002 -0.9538 0.0091
vn -0.3037 0.9527 0.0092
vn -0.9996 0.0214 0.0179
vn 0.0090 -0.9516 -0.3072
vn 0.0079 0.9562 -0.2927
vn 0.2793 -0.9602 -0.0044
vn 0.2819 0.9594 -0.0058
vn -0.0060 -0.9576 0.2879
vn -0.0206 0.0267 0.9994
vn -0.0072 0.9576 0.2880
vn -0.1454 -0.9474 0.2852
vn -0.2939 -0.9456 0.1394
vn -0.3871 -0.0320 0.9215
vn -0.4979 -0.7161 0.4892
vn -0.1394 0.9473 0.2884
vn -0.5146 0.6918 0.5065
vn -0.2922 0.9460 0.1403
vn -0.9253 -0.0352 0.3777
vn -0.2702 -0.9519 -0.1445
vn -0.8953 -0.1731 -0.4105
vn -0.4771 -0.7297 -0.4898
vn -0.1305 0.9470 -0.2936
vn -0.2866 0.9475 -0.1419
vn -0.5064 0.6943 -0.5113
vn 0.2983 -0.9463 0.1247
vn 0.1578 -0.9459 0.2835
vn 0.5203 -0.7097 0.4750
vn 0.1419 0.9477 0.2860
vn 0.4241 0.0929 0.9009
vn 0.5094 0.7008 0.4993
vn 0.1416 -0.9439 -0.2983
vn 0.2836 -0.9475 -0.1476
vn 0.3822 -0.0489 -0.9228
vn 0.4846 -0.7200 -0.4967
vn 0.3012 0.9436 -0.1375
vn 0.1366 0.9467 -0.2915
vn 0.5180 0.6829 -0.5151
vn -0.2783 -0.9605 0.0004
vn -0.2918 0.9565 0.0005
vn -0.9996 -0.0289 0.0020
vn -0.0037 -0.9554 -0.2953
vn 0.0013 0.9554 -0.2955
vn 0.0019 -0.1667 -0.9860
vn 0.2982 -0.9545 -0.0037
vn 0.2996 0.9541 0.0009
vn -0.0046 -0.9565 0.2918
vn -0.0031 0.9585 0.2851
vn -0.3020 -0.9440 0.1326
vn -0.5331 -0.6838 0.4982
vn -0.1191 0.9548 0.2725
vn -0.4514 0.7588 0.4696
vn -0.9220 -0.1062 0.3723
vn -0.1582 -0.9476 -0.2776
vn -0.5382 -0.6710 -0.5100
vn -0.1390 0.9516 -0.2741
vn -0.2910 0.9484 -0.1262
vn -0.4356 -0.0259 -0.8998
vn -0.4774 0.7433 -0.4686
vn 0.2779 -0.9502 0.1409
vn 0.1229 -0.9458 0.3006
vn 0.9113 0.0162 0.4113
vn 0.4790 -0.7138 0.5109
vn 0.1258 0.9484 0.2912
vn 0.2793 0.9488 0.1475
vn 0.3432 0.0090 0.9392
vn 0.4716 0.7222 0.5060
vn 0.1313 -0.9511 -0.2796
vn 0.2846 -0.9476 -0.1449
vn 0.3898 -0.0608 -0.9189
vn 0.4753 -0.7281 -0.4939
vn 0.3015 0.9441 -0.1329
vn 0.1507 0.9448 -0.2909
vn 0.5333 0.6800 -0.5032
vn -0.3150 -0.9491 -0.0005
vn -0.9965 -0.0826 0.0122
vn -0.2891 0.9573 0.0084
vn 0.0033 -0.9585 -0.2850
vn -0.0012 0.9590 -0.2835
vn 0.2838 -0.9589 0.0018
vn 0.2934 0.9560 0.0021
vn 0.9997 -0.0248 0.0062
vn -0.0053 -0.9517 0.3069
vn -0.0040 -0.1047 0.9945
vn -0.0029 0.9566 0.2914
vn -0.1325 -0.9518 0.2768
vn -0.2805 -0.9508 0.1315
vn -0.4645 -0.7464 0.4766
vn -0.3735 -0.0553 0.9260
vn -0.1366 0.9447 0.2982
vn -0.5101 0.6839 0.5216
vn -0.3022 -0.9446 -0.1284
vn -0.1546 -0.9456 -0.2862
vn -0.9278 0.0556 -0.3688
vn -0.5336 -0.6886 -0.4910
vn -0.1355 0.9487 -0.2856
vn -0.3012 0.9426 -0.1444
vn -0.4020 0.0492 -0.9143
vn -0.4832 0.7231 -0.4937
vn 0.2797 -0.9476 0.1544
vn 0.1353 -0.9456 0.2959
vn 0.9153 -0.0511 0.3995
vn 0.4710 -0.7259 0.5012
vn 0.1321 0.9484 0.2883
vn 0.2877 0.9480 0.1365
vn 0.5088 0.6895 0.5155
vn 0.1376 -0.9509 -0.2774
vn 0.2846 -0.9484 -0.1399
vn 0.3731 -0.1192 -0.9201
vn 0.4620 -0.7552 -0.4649
vn 0.2956 0.9457 -0.1348
vn 0.1344 0.9474 -0.2904
vn 0.5292 0.6634 -0.5290
vn -0.2942 -0.9557 0.0011
vn -1.0000 -0.0092 -0.0013
vn -0.3069 0.9517 0.0045
vn -0.0044 -0.9569 -0.2905
vn -0.0091 0.9563 -0.2924
vn 0.2878 -0.9577 0.0078
vn 0.2914 0.9566 0.0102
vn 0.9983 -0.0512 0.0279
vn 0.0019 -0.9580 0.2868
vn 0.0028 0.9570 0.2902
vn -0.1476 -0.9427 0.2991
vn -0.2983 -0.9443 0.1386
vn -0.5555 -0.6315 0.5409
vn -0.1274 0.9490 0.2883
vn -0.4495 0.7649 0.4614
vn -0.2728 0.9514 0.1426
vn -0.9072 0.1705 0.3846
vn -0.2987 -0.9451 -0.1327
vn -0.9262 -0.0864 -0.3670
vn -0.5345 -0.6846 -0.4956
vn -0.1239 0.9540 -0.2730
vn -0.3775 0.2579 -0.8894
vn -0.4572 0.7550 -0.4701
vn 0.2807 -0.9497 0.1389
vn 0.1325 -0.9494 0.2846
vn 0.9175 0.0617 0.3930
vn 0.4879 -0.7261 0.4845
vn 0.2953 0.9448 0.1417
vn 0.5257 0.6905 0.4968
vn 0.1366 -0.9421 -0.3061
vn 0.2983 -0.9434 -0.1453
vn 0.3796 0.2325 -0.8955
vn 0.5055 -0.6643 -0.5506
vn 0.1342 0.9553 -0.2635
vn 0.4590 0.7580 -0.4634
vn -0.2924 -0.9563 -0.0067
vn -0.2870 0.9579 -0.0095
vn -0.0104 -0.9523 -0.3049
vn -0.0046 0.9621 -0.2727
vn -0.0151 -0.1304 -0.9913
vn 0.2906 -0.9568 0.0062
vn 0.3005 0.9538 -0.0026
vn 0.0072 -0.9541 0.2996
vn 0.0131 0.1230 0.9923
vn 0.0070 0.9534 0.3016
vn -0.2062 -0.9675 0.1463
vn -0.2881 0.8226 0.4903
vn -0.1923 -0.9756 -0.1062
vn -0.2125 -0.8793 -0.4263
vn -0.1847 0.9766 -0.1098
vn -0.1691 0.7425 -0.6481
vn -0.7249 0.6044 -0.3305
vn 0.3687 -0.9036 0.2181
vn 0.2841 0.8722 0.3983
vn 0.1157 -0.9724 -0.2024
vn 0.5790 -0.7695 -0.2697
vn 0.0936 0.9874 -0.1277
vn 0.4194 0.7831 -0.4591
vn -0.4108 -0.9117 0.0027
vn -0.7060 -0.0146 -0.7081
vn 0.0033 -0.9208 -0.3899
vn 0.0016 0.9683 -0.2498
vn 0.6623 -0.0745 -0.7455
vn 0.4055 -0.9141 -0.0028
vn 0.9790 0.2039 -0.0042
vn 0.5300 -0.1188 0.8396
vn 0.0048 -0.9249 0.3802
vn -0.1936 -0.9676 0.1617
vn -0.5433 -0.7096 0.4486
vn -0.5200 0.6949 0.4967
vn -0.1508 0.9834 0.1004
vn -0.9264 0.0029 0.3764
vn -0.0916 -0.9928 -0.0772
vn -0.5548 -0.6106 -0.5650
vn -0.0819 0.9932 -0.0832
vn -0.5150 0.6731 -0.5307
vn 0.9164 -0.0587 0.3959
vn 0.5012 -0.7303 0.4642
vn 0.1823 0.9723 0.1465
vn 0.5437 0.6962 0.4687
vn 0.1851 -0.9727 -0.1403
vn 0.5216 -0.7136 -0.4677
vn 0.9097 -0.0013 -0.4153
vn 0.5019 0.7039 -0.5027
vn -0.3054 -0.9522 -0.0039
vn -0.2242 0.9745 -0.0025
vn -0.0018 -0.9657 -0.2595
vn -0.0075 -0.0309 -0.9995
vn -0.0025 0.9543 -0.2989
vn -0.0002 -0.9604 0.2785
vn 0.0002 -0.0702 0.9975
vn -0.0003 0.9621 0.2727
vn 0.3800 -0.2261 0.8969
vn -0.9998 -0.0201 -0.0085
vn -0.3584 0.2463 0.9005
vn 0.9239 -0.0332 -0.3812
vn 0.3901 -0.0339 0.9202
vn -0.9985 0.0544 0.0014
vn -0.0056 0.1506 -0.9886
vn 0.9995 -0.0323 0.0027
vn -0.3987 0.0326 0.9165
vn 0.3554 -0.0425 0.9337
vn 0.0164 0.0019 -0.9999
vn 0.9996 -0.0246 -0.0161
vn 0.9152 -0.0264 -0.4021
vn -0.0113 0.0088 0.9999
vn 0.9996 -0.0266 -0.0117
vn -0.3517 0.2988 0.8871
vn 0.9209 -0.0249 -0.3890
vn 0.0044 0.0384 -0.9993
vn 0.9193 -0.0736 -0.3866
vn 0.3660 -0.0454 0.9295
vn 0.0063 -0.0384 0.9992
vn -0.0208 0.0301 -0.9993
vn -0.3701 0.1653 0.9142
vn -0.9958 0.0900 -0.0174
vn 0.9805 0.1965 0.0095
vn -0.3708 -0.1868 0.9097
vn -0.2027 0.9792 0.0020
vn 0.1689 0.9856 0.0014
vn 0.0018 0.9862 0.1656
vn 0.1845 -0.9731 0.1381
vn 0.1986 0.9655 -0.1685
vn -0.0734 -0.9973 -0.0003
vn 0.1862 -0.9825 -0.0001
vn 0.1885 0.9821 -0.0005
vn -0.9968 -0.0800 -0.0070
vn 0.9984 -0.0559 0.0012
vn 0.0148 -0.7869 0.6169
vn -0.1871 -0.7680 0.6125
vn -0.2442 0.6965 0.6748
vn 0.0172 0.8595 0.5109
vn 0.0042 -0.9923 0.1238
vn -0.1191 -0.9876 0.1026
vn -0.6580 -0.7017 0.2732
vn -0.1206 -0.9927 -0.0018
vn -0.6190 -0.7853 -0.0073
vn -0.6280 0.7782 -0.0035
vn -0.6157 0.7632 0.1961
vn -0.0955 0.9876 0.1245
vn 0.0079 0.9876 0.1567
vn -0.1208 0.9927 -0.0015
vn -0.6014 -0.7682 -0.2195
vn -0.5864 0.7551 -0.2932
vn -0.1012 -0.9871 -0.1242
vn -0.2261 -0.6589 -0.7175
vn 0.0014 -0.9924 -0.1227
vn 0.0052 -0.7734 -0.6339
vn -0.0008 0.8553 -0.5181
vn -0.0014 0.9857 -0.1683
vn 0.5102 -0.8600 0.0096
vn 0.6109 0.7581 0.2282
vn 0.6291 0.7774 0.0032
vn 0.1639 -0.9865 0.0050
vn 0.2452 -0.7755 0.5818
vn 0.1189 0.9929 0.0011
vn 0.2119 -0.7470 -0.6302
vn 0.2662 0.6856 -0.6776
vn 0.1250 -0.9869 -0.1017
vn 0.6649 -0.6899 -0.2862
vn 0.6123 0.7594 -0.2199
vn 0.0976 0.9874 -0.1249
vn -0.0061 -0.8571 0.5151
vn -0.2496 0.7311 0.6350
vn -0.0032 0.7868 0.6172
vn -0.0035 -0.9869 0.1612
vn -0.6309 -0.7348 0.2489
vn -0.1154 -0.9933 -0.0002
vn -0.6211 -0.7837 -0.0001
vn -0.5925 0.8056 0.0021
vn -0.5879 0.7886 0.1804
vn -0.0936 0.9894 0.1108
vn -0.0015 0.9929 0.1189
vn -0.1150 0.9934 0.0005
vn -0.5984 -0.7708 -0.2186
vn -0.5622 0.7826 -0.2672
vn -0.0937 -0.9881 -0.1224
vn -0.2036 -0.6623 -0.7211
vn -0.0005 -0.9936 -0.1128
vn -0.0020 -0.7864 -0.6177
vn -0.0086 0.8528 -0.5221
vn -0.0000 0.9936 -0.1130
vn 0.5214 -0.8533 0.0076
vn 0.7332 0.6481 0.2058
vn 0.6229 0.7823 0.0008
vn 0.1155 -0.9933 -0.0003
vn 0.2539 -0.7657 0.5910
vn 0.2152 0.7621 0.6106
vn 0.1254 0.9875 0.0960
vn 0.1152 0.9933 -0.0001
vn 0.2050 -0.7748 -0.5980
vn 0.2863 0.7015 -0.6526
vn 0.1136 -0.9892 -0.0925
vn 0.6502 -0.7094 -0.2722
vn 0.6043 0.7727 -0.1944
vn 0.0966 0.9892 -0.1099
vn -0.0121 -0.7800 0.6256
vn -0.2613 0.7563 0.5998
vn -0.0128 0.7773 0.6289
vn -0.2701 -0.7355 0.6214
vn -0.0026 -0.9926 0.1216
vn -0.6347 -0.7727 0.0109
vn -0.1190 -0.9929 0.0019
vn -0.5303 0.8477 0.0144
vn -0.0038 0.9927 0.1206
vn -0.1188 0.9929 0.0021
vn -0.6197 -0.7599 -0.1964
vn -0.6622 0.6998 -0.2679
vn -0.1017 -0.9886 -0.1112
vn -0.3018 -0.6901 -0.6578
vn -0.2044 0.7784 -0.5935
vn 0.0015 -0.9935 -0.1141
vn 0.0142 -0.8434 -0.5370
vn 0.0092 0.7870 -0.6169
vn 0.0014 0.9933 -0.1159
vn -0.1183 0.9885 -0.0938
vn 0.6152 -0.7883 -0.0080
vn 0.6026 -0.7755 0.1884
vn 0.6625 0.6978 0.2725
vn 0.6182 0.7859 -0.0118
vn 0.1143 -0.9934 -0.0023
vn 0.0910 -0.9893 0.1144
vn 0.2484 -0.7185 0.6497
vn 0.1870 0.7655 0.6156
vn 0.1165 0.9882 0.0991
vn 0.1164 0.9932 -0.0031
vn 0.5770 -0.7646 -0.2870
vn 0.5913 0.7583 -0.2743
vn -0.0088 -0.7858 0.6184
vn -0.2186 -0.7575 0.6152
vn -0.2587 0.7445 0.6155
vn -0.0058 0.7831 0.6218
vn -0.0018 -0.9923 0.1239
vn -0.1285 -0.9863 0.1038
vn -0.6688 -0.6909 0.2744
vn -0.1116 -0.9937 -0.0000
vn -0.6107 -0.7918 0.0009
vn -0.6328 0.7743 0.0010
vn -0.6338 0.7300 0.2556
vn -0.1008 0.9877 0.1194
vn -0.0016 0.9930 0.1182
vn -0.1196 0.9928 0.0003
vn -0.5776 -0.7731 -0.2620
vn -0.6742 0.6745 -0.3007
vn -0.0043 -0.8488 -0.5288
vn -0.0001 -0.9926 -0.1218
vn -0.2113 0.6405 -0.7383
vn 0.0023 0.7741 -0.6330
vn 0.0012 0.9923 -0.1241
vn -0.1197 0.9875 -0.1030
vn 0.6230 -0.7822 -0.0065
vn 0.7240 -0.6617 0.1950
vn 0.6372 0.7707 -0.0074
vn 0.1303 -0.9915 -0.0031
vn 0.1128 -0.9868 0.1163
vn 0.3091 -0.6915 0.6529
vn 0.2686 0.7642 0.5863
vn 0.1189 0.9929 -0.0024
vn 0.2099 -0.7703 -0.6021
vn 0.2826 0.6603 -0.6958
vn 0.1184 -0.9873 -0.1055
vn 0.6520 -0.6988 -0.2941
vn 0.6206 0.7564 -0.2066
vn 0.0986 0.9881 -0.1178
vn -0.0070 -0.8495 0.5275
vn -0.2168 0.8012 0.5577
vn -0.0049 0.7903 0.6127
vn -0.0038 -0.9867 0.1628
vn -0.6213 -0.7423 0.2507
vn -0.1715 -0.9852 -0.0009
vn -0.5356 -0.8445 0.0005
vn -0.5275 0.8495 0.0121
vn -0.0028 0.9922 0.1248
vn -0.1441 0.9895 0.0060
vn -0.6913 0.6947 -0.1989
vn -0.3075 -0.7354 -0.6038
vn -0.2077 0.7894 -0.5777
vn 0.0012 -0.9925 -0.1225
vn 0.0058 -0.7874 -0.6164
vn -0.0007 0.7963 -0.6049
vn -0.0008 0.9932 -0.1168
vn -0.1228 0.9879 -0.0943
vn 0.6208 -0.7840 0.0044
vn 0.6008 -0.7697 0.2160
vn 0.6452 0.7041 0.2965
vn 0.6215 0.7834 0.0037
vn 0.1128 -0.9936 0.0009
vn 0.0900 -0.9887 0.1200
vn 0.2450 -0.6840 0.6871
vn 0.1837 0.7695 0.6116
vn 0.1151 0.9877 0.1062
vn 0.1247 0.9922 0.0018
vn 0.1954 -0.7757 -0.6000
vn 0.2789 0.7295 -0.6246
vn 0.1170 -0.9876 -0.1046
vn 0.6535 -0.7035 -0.2794
vn 0.6224 0.7572 -0.1983
vn 0.1067 0.9873 -0.1173
vn 0.0031 -0.7887 0.6147
vn -0.1968 -0.7789 0.5955
vn -0.2596 0.7369 0.6241
vn 0.0054 0.7734 0.6339
vn 0.0009 -0.9930 0.1182
vn -0.1178 -0.9882 0.0974
vn -0.6760 -0.7060 0.2109
vn -0.1254 -0.9921 0.0013
vn -0.6219 -0.7831 0.0016
vn -0.5225 0.8526 0.0057
vn 0.0017 0.9927 0.1205
vn -0.1657 0.9862 0.0034
vn -0.6183 -0.7626 -0.1901
vn -0.6660 0.6962 -0.2678
vn -0.1085 -0.9876 -0.1137
vn -0.3115 -0.6626 -0.6811
vn -0.1995 0.7778 -0.5961
vn -0.0031 -0.9924 -0.1233
vn -0.0096 -0.7896 -0.6135
vn -0.0162 0.7868 -0.6170
vn -0.0042 0.9922 -0.1244
vn -0.1222 0.9870 -0.1045
vn 0.6136 -0.7895 0.0149
vn 0.6029 -0.7623 0.2354
vn 0.6806 0.6734 0.2885
vn 0.6348 0.7724 0.0197
vn 0.1202 -0.9927 0.0043
vn 0.1006 -0.9863 0.1307
vn 0.2649 -0.6998 0.6634
vn 0.1998 0.7449 0.6366
vn 0.1185 0.9880 0.0992
vn 0.1184 0.9930 0.0053
vn 0.2029 -0.7779 -0.5947
vn 0.2934 0.6432 -0.7073
vn 0.1235 -0.9869 -0.1039
vn 0.6293 -0.7308 -0.2645
vn 0.6340 0.7455 -0.2057
vn 0.0967 0.9883 -0.1178
vn 0.0144 -0.7445 0.6675
vn -0.2463 0.7453 0.6196
vn 0.0100 0.8604 0.5095
vn -0.2758 -0.6895 0.6697
vn 0.0038 -0.9928 0.1200
vn -0.1246 -0.9872 0.0999
vn -0.7229 -0.6200 0.3051
vn -0.1215 -0.9926 -0.0036
vn -0.6365 -0.7712 -0.0128
vn -0.5985 0.8010 -0.0107
vn -0.5740 0.7911 0.2113
vn -0.0945 0.9880 0.1225
vn 0.0050 0.9866 0.1630
vn -0.1159 0.9933 -0.0029
vn -0.6363 -0.7302 -0.2488
vn -0.0096 -0.7567 -0.6537
vn -0.0033 -0.9923 -0.1236
vn -0.2390 0.7853 -0.5711
vn -0.0088 0.8118 -0.5839
vn -0.0022 0.9934 -0.1145
vn 0.6319 -0.7750 0.0103
vn 0.6176 -0.7579 0.2103
vn 0.5997 0.7539 0.2682
vn 0.5292 0.8485 -0.0022
vn 0.1182 -0.9930 0.0033
vn 0.0978 -0.9879 0.1207
vn 0.2140 -0.6893 0.6921
vn 0.1551 0.9879 -0.0025
vn 0.2051 -0.7366 -0.6444
vn 0.2410 0.7927 -0.5599
vn 0.1199 -0.9873 -0.1040
vn 0.7514 -0.6130 -0.2442
vn -0.0012 -0.9975 0.0705
vn 0.0101 -0.1809 0.9835
vn -0.0015 -1.0000 -0.0004
vn 0.0056 0.8448 0.5350
vn -0.4763 0.8792 0.0042
vn -0.5550 0.8318 0.0035
vn 0.0009 1.0000 0.0006
vn -0.9385 -0.0163 -0.3450
vn -0.9552 -0.2953 0.0172
vn 0.0066 -0.2373 -0.9714
vn 0.0280 -0.5128 -0.8580
vn 0.0042 0.8909 -0.4542
vn 0.9298 -0.3681 0.0002
vn 0.8745 -0.3886 0.2904
vn 0.8843 -0.1428 0.4445
vn -0.0003 -0.8317 0.5552
vn -0.3315 0.5442 0.7706
vn 0.0001 0.8370 0.5472
vn -0.0000 -0.9926 0.1216
vn -0.5618 -0.7955 0.2269
vn -0.0002 -1.0000 0.0024
vn -0.5166 -0.8562 -0.0041
vn -0.0012 0.9976 0.0690
vn -0.6197 0.7468 0.2415
vn -0.5693 0.8221 -0.0031
vn -0.0009 1.0000 -0.0009
vn 0.0013 -0.9958 -0.0915
vn -0.7545 -0.5854 -0.2967
vn -0.0045 -0.8612 -0.5082
vn 0.0008 0.9933 -0.1157
vn -0.0046 0.8736 -0.4866
vn 0.5578 -0.8300 0.0013
vn 0.5403 -0.8100 0.2278
vn 0.5272 0.8154 0.2393
vn 0.5603 0.8283 0.0004
vn 0.5364 -0.8086 -0.2418
vn 0.5972 0.7580 -0.2622
s 0
f 5//1 3//1 7//1
f 6//2 4//2 2//2
f 13//3 11//3 15//3
f 10//4 16//4 12//4
f 17//5 23//5 21//5
f 18//6 24//6 20//6
f 25//7 31//7 29//7
f 26//8 32//8 28//8
f 33//9 39//9 37//9
f 34//10 40//10 36//10
f 45//11 43//11 47//11
f 46//12 44//12 42//12
f 53//13 51//13 55//13
f 54//14 52//14 50//14
f 63//15 64//15 65//15
f 72//16 73//16 74//16
f 78//17 80//17 77//17
f 85//18 86//18 87//18
f 88//19 89//19 90//19
f 93//20 94//20 95//20
f 96//21 97//21 98//21
f 103//22 104//22 105//22
f 106//23 108//23 109//23
f 114//24 115//24 116//24
f 123//25 124//25 125//25
f 126//26 128//26 129//26
f 136//27 137//27 138//27
f 143//28 144//28 145//28
f 152//29 153//29 154//29
f 158//30 160//30 157//30
f 165//31 166//31 167//31
f 168//32 169//32 170//32
f 173//33 174//33 175//33
f 176//34 177//34 178//34
f 181//35 182//35 183//35
f 184//36 185//36 186//36
f 187//37 188//37 189//37
f 196//38 197//38 198//38
f 205//39 206//39 207//39
f 209//40 211//40 208//40
f 218//41 219//41 220//41
f 227//42 228//42 229//42
f 230//43 231//43 232//43
f 235//44 236//44 237//44
f 238//45 239//45 240//45
f 245//46 246//46 247//46
f 249//47 251//47 248//47
f 258//48 259//48 260//48
f 267//49 268//49 269//49
f 271//50 273//50 270//50
f 280//51 281//51 282//51
f 285//52 286//52 287//52
f 288//53 289//53 290//53
f 291//54 292//54 293//54
f 300//55 301//55 302//55
f 307//56 308//56 309//56
f 316//57 317//57 318//57
f 322//58 324//58 321//58
f 329//59 330//59 331//59
f 332//60 333//60 334//60
f 335//61 336//61 337//61
f 340//62 341//62 342//62
f 345//63 346//63 347//63
f 350//64 351//64 352//64
f 353//65 354//65 355//65
f 362//66 363//66 364//66
f 369//67 370//67 371//67
f 373//68 375//68 372//68
f 382//69 383//69 384//69
f 389//70 390//70 391//70
f 398//71 399//71 400//71
f 402//72 404//72 401//72
f 405//73 406//73 407//73
f 408//74 409//74 410//74
f 411//75 412//75 413//75
f 420//76 421//76 422//76
f 429//77 430//77 431//77
f 433//78 435//78 432//78
f 442//79 443//79 444//79
f 451//80 452//80 453//80
f 455//81 457//81 454//81
f 464//82 465//82 466//82
f 473//83 474//83 475//83
f 478//84 479//84 480//84
f 483//85 484//85 485//85
f 486//86 487//86 488//86
f 493//87 494//87 495//87
f 497//88 499//88 496//88
f 506//89 507//89 508//89
f 515//90 516//90 517//90
f 518//91 520//91 521//91
f 528//92 529//92 530//92
f 537//93 538//93 539//93
f 541//94 543//94 540//94
f 550//95 551//95 552//95
f 559//96 560//96 561//96
f 568//97 569//97 570//97
f 574//98 576//98 573//98
f 581//99 582//99 583//99
f 585//100 587//100 584//100
f 592//101 593//101 594//101
f 599//102 600//102 601//102
f 602//103 603//103 604//103
f 607//104 608//104 609//104
f 610//105 611//105 612//105
f 619//106 620//106 621//106
f 622//107 623//107 624//107
f 627//108 628//108 629//108
f 630//109 631//109 632//109
f 635//110 636//110 637//110
f 640//111 641//111 642//111
f 647//112 648//112 649//112
f 654//113 655//113 656//113
f 658//114 660//114 661//114
f 666//115 667//115 668//115
f 669//116 670//116 671//116
f 674//117 675//117 676//117
f 679//118 680//118 681//118
f 684//119 686//119 687//119
f 692//120 693//120 694//120
f 695//121 696//121 697//121
f 698//122 699//122 700//122
f 705//123 706//123 707//123
f 708//124 709//124 710//124
f 713//125 714//125 715//125
f 716//126 718//126 719//126
f 724//127 725//127 726//127
f 727//128 729//128 730//128
f 735//129 736//129 737//129
f 738//130 739//130 740//130
f 741//131 742//131 743//131
f 744//132 745//132 746//132
f 749//133 750//133 751//133
f 752//134 753//134 754//134
f 755//135 756//135 757//135
f 764//136 765//136 766//136
f 63//137 61//137 62//137
f 64//138 67//138 65//138
f 60//139 80//139 59//139
f 64//140 80//140 79//140
f 71//141 74//141 70//141
f 73//142 77//142 74//142
f 73//143 75//143 76//143
f 79//144 68//144 69//144
f 85//145 83//145 84//145
f 86//146 92//146 87//146
f 82//147 90//147 81//147
f 86//148 90//148 89//148
f 96//149 100//149 97//149
f 96//150 89//150 88//150
f 103//151 111//151 104//151
f 106//152 101//152 102//152
f 103//153 109//153 108//153
f 114//154 118//154 115//154
f 114//155 107//155 106//155
f 123//156 121//156 122//156
f 124//157 131//157 125//157
f 126//158 119//158 120//158
f 124//159 129//159 128//159
f 136//160 134//160 135//160
f 137//161 140//161 138//161
f 133//162 127//162 132//162
f 126//163 136//163 127//163
f 84//164 67//164 66//164
f 99//165 75//165 100//165
f 122//166 92//166 91//166
f 139//167 97//167 140//167
f 94//168 120//168 119//168
f 130//169 104//169 131//169
f 102//170 133//170 132//170
f 117//171 134//171 118//171
f 110//172 61//172 111//172
f 60//173 112//173 113//173
f 70//174 115//174 71//174
f 143//175 147//175 144//175
f 143//176 157//176 160//176
f 151//177 154//177 150//177
f 159//178 154//178 153//178
f 153//179 155//179 156//179
f 149//180 159//180 148//180
f 165//181 163//181 164//181
f 166//182 172//182 167//182
f 162//183 170//183 161//183
f 166//184 170//184 169//184
f 176//185 180//185 177//185
f 176//186 169//186 168//186
f 184//187 191//187 185//187
f 184//188 188//188 187//188
f 196//189 194//189 195//189
f 197//190 200//190 198//190
f 197//191 189//191 188//191
f 205//192 203//192 204//192
f 206//193 213//193 207//193
f 208//194 201//194 202//194
f 206//195 211//195 210//195
f 218//196 216//196 217//196
f 219//197 222//197 220//197
f 219//198 209//198 208//198
f 146//199 163//199 147//199
f 156//200 180//200 179//200
f 171//201 203//201 172//201
f 178//202 222//202 221//202
f 186//203 213//203 212//203
f 199//204 216//204 200//204
f 190//205 144//205 191//205
f 141//206 192//206 193//206
f 195//207 151//207 150//207
f 227//208 225//208 226//208
f 240//209 227//209 238//209
f 234//210 237//210 233//210
f 240//211 237//211 236//211
f 245//212 243//212 244//212
f 246//213 253//213 247//213
f 248//214 241//214 242//214
f 246//215 251//215 250//215
f 254//216 250//216 249//216
f 258//217 256//217 257//217
f 259//218 262//218 260//218
f 248//219 258//219 249//219
f 267//220 265//220 266//220
f 268//221 275//221 269//221
f 270//222 263//222 264//222
f 272//223 267//223 273//223
f 280//224 278//224 279//224
f 281//225 284//225 282//225
f 270//226 280//226 271//226
f 288//227 295//227 289//227
f 288//228 292//228 291//228
f 300//229 298//229 299//229
f 291//230 296//230 297//230
f 292//231 300//231 293//231
f 228//232 243//232 229//232
f 236//233 262//233 261//233
f 241//234 230//234 242//234
f 290//235 253//235 252//235
f 301//236 256//236 302//236
f 294//237 265//237 295//237
f 299//238 284//238 283//238
f 226//239 275//239 274//239
f 223//240 276//240 277//240
f 233//241 278//241 234//241
f 307//242 305//242 306//242
f 308//243 311//243 309//243
f 304//244 324//244 303//244
f 323//245 307//245 324//245
f 315//246 318//246 314//246
f 322//247 318//247 317//247
f 317//248 319//248 320//248
f 323//249 312//249 313//249
f 329//250 327//250 328//250
f 332//251 325//251 326//251
f 333//252 329//252 334//252
f 340//253 338//253 339//253
f 341//254 344//254 342//254
f 332//255 340//255 333//255
f 350//256 348//256 349//256
f 351//257 357//257 352//257
f 353//258 350//258 354//258
f 362//259 360//259 361//259
f 353//260 358//260 359//260
f 354//261 362//261 355//261
f 369//262 367//262 368//262
f 370//263 377//263 371//263
f 366//264 375//264 365//264
f 374//265 369//265 375//265
f 382//266 380//266 381//266
f 383//267 386//267 384//267
f 372//268 382//268 373//268
f 310//269 327//269 311//269
f 320//270 344//270 343//270
f 325//271 312//271 326//271
f 368//272 331//272 330//272
f 339//273 386//273 385//273
f 365//274 335//274 366//274
f 349//275 377//275 376//275
f 381//276 364//276 363//276
f 306//277 357//277 356//277
f 314//278 360//278 315//278
f 389//279 393//279 390//279
f 389//280 401//280 404//280
f 397//281 400//281 396//281
f 403//282 400//282 399//282
f 404//283 394//283 395//283
f 408//284 415//284 409//284
f 408//285 412//285 411//285
f 420//286 418//286 419//286
f 421//287 424//287 422//287
f 417//288 413//288 416//288
f 421//289 413//289 412//289
f 429//290 427//290 428//290
f 430//291 437//291 431//291
f 432//292 425//292 426//292
f 434//293 429//293 435//293
f 442//294 440//294 441//294
f 443//295 446//295 444//295
f 439//296 433//296 438//296
f 443//297 433//297 432//297
f 451//298 449//298 450//298
f 452//299 459//299 453//299
f 448//300 457//300 447//300
f 456//301 451//301 457//301
f 464//302 462//302 463//302
f 465//303 468//303 466//303
f 465//304 455//304 454//304
f 392//305 409//305 393//305
f 406//306 395//306 394//306
f 423//307 398//307 424//307
f 450//308 415//308 414//308
f 467//309 418//309 468//309
f 458//310 427//310 459//310
f 463//311 446//311 445//311
f 460//312 426//312 425//312
f 436//313 390//313 437//313
f 387//314 439//314 438//314
f 441//315 397//315 396//315
f 473//316 471//316 472//316
f 474//317 477//317 475//317
f 474//318 486//318 488//318
f 486//319 470//319 487//319
f 482//320 485//320 481//320
f 488//321 485//321 484//321
f 493//322 491//322 492//322
f 494//323 501//323 495//323
f 496//324 489//324 490//324
f 494//325 499//325 498//325
f 506//326 504//326 505//326
f 507//327 510//327 508//327
f 503//328 497//328 502//328
f 496//329 506//329 497//329
f 515//330 513//330 514//330
f 516//331 523//331 517//331
f 512//332 521//332 511//332
f 520//333 515//333 521//333
f 528//334 526//334 527//334
f 529//335 532//335 530//335
f 529//336 519//336 518//336
f 537//337 535//337 536//337
f 538//338 545//338 539//338
f 534//339 543//339 533//339
f 542//340 537//340 543//340
f 550//341 548//341 549//341
f 551//342 554//342 552//342
f 551//343 541//343 540//343
f 492//344 477//344 476//344
f 490//345 479//345 478//345
f 509//346 483//346 510//346
f 500//347 535//347 501//347
f 505//348 554//348 553//348
f 514//349 545//349 544//349
f 531//350 548//350 532//350
f 546//351 512//351 511//351
f 522//352 471//352 523//352
f 527//353 482//353 481//353
f 559//354 557//354 558//354
f 560//355 563//355 561//355
f 560//356 573//356 576//356
f 567//357 570//357 566//357
f 569//358 574//358 570//358
f 569//359 571//359 572//359
f 565//360 575//360 564//360
f 581//361 579//361 580//361
f 578//362 587//362 577//362
f 586//363 581//363 587//363
f 592//364 590//364 591//364
f 589//365 585//365 588//365
f 584//366 592//366 585//366
f 599//367 597//367 598//367
f 600//368 606//368 601//368
f 596//369 604//369 595//369
f 600//370 604//370 603//370
f 610//371 614//371 611//371
f 610//372 603//372 602//372
f 619//373 617//373 618//373
f 620//374 626//374 621//374
f 616//375 624//375 615//375
f 620//376 624//376 623//376
f 630//377 634//377 631//377
f 630//378 623//378 622//378
f 580//379 563//379 562//379
f 593//380 571//380 594//380
f 618//381 583//381 582//381
f 591//382 634//382 633//382
f 615//383 588//383 616//383
f 598//384 626//384 625//384
f 613//385 631//385 614//385
f 605//386 557//386 606//386
f 555//387 608//387 607//387
f 612//388 567//388 566//388
f 635//389 638//389 639//389
f 640//390 643//390 644//390
f 647//391 645//391 646//391
f 648//392 650//392 651//392
f 663//393 661//393 662//393
f 658//394 652//394 659//394
f 655//395 661//395 660//395
f 666//396 664//396 665//396
f 669//397 673//397 670//397
f 679//398 677//398 678//398
f 683//399 679//399 682//399
f 690//400 684//400 687//400
f 687//401 688//401 689//401
f 646//402 639//402 638//402
f 660//403 651//403 650//403
f 648//404 677//404 649//404
f 658//405 691//405 690//405
f 682//406 688//406 683//406
f 665//407 681//407 680//407
f 674//408 685//408 675//408
f 666//409 672//409 667//409
f 667//410 635//410 668//410
f 697//411 700//411 695//411
f 697//412 709//412 708//412
f 705//413 709//413 706//413
f 707//414 702//414 705//414
f 708//415 703//415 704//415
f 711//416 716//416 712//416
f 721//417 718//417 720//417
f 722//418 730//418 723//418
f 729//419 721//419 720//419
f 734//420 740//420 733//420
f 739//421 737//421 740//421
f 746//422 748//422 744//422
f 746//423 739//423 738//423
f 754//424 759//424 752//424
f 754//425 756//425 755//425
f 755//426 762//426 763//426
f 756//427 766//427 757//427
f 718//428 699//428 698//428
f 702//429 730//429 729//429
f 753//430 716//430 719//430
f 724//431 749//431 725//431
f 764//432 727//432 765//432
f 735//433 695//433 736//433
f 693//434 742//434 741//434
f 706//435 744//435 707//435
f 113//436 108//436 107//436
f 81//437 68//437 82//437
f 142//438 158//438 157//438
f 214//439 210//439 209//439
f 189//440 192//440 187//440
f 161//441 148//441 162//441
f 174//442 202//442 201//442
f 215//443 182//443 181//443
f 224//444 239//444 238//444
f 277//445 272//445 271//445
f 285//446 254//446 286//446
f 263//447 296//447 264//447
f 378//448 374//448 373//448
f 303//449 358//449 304//449
f 345//450 378//450 346//450
f 388//451 402//451 401//451
f 461//452 456//452 455//452
f 447//453 416//453 448//453
f 547//454 542//454 541//454
f 524//455 520//455 519//455
f 469//456 524//456 470//456
f 533//457 502//457 534//457
f 556//458 574//458 573//458
f 577//459 564//459 578//459
f 628//460 596//460 595//460
f 643//461 636//461 644//461
f 662//462 641//462 663//462
f 671//463 685//463 684//463
f 669//464 641//464 640//464
f 731//465 737//465 736//465
f 760//466 766//466 765//466
f 699//467 712//467 700//467
f 758//468 731//468 759//468
f 761//469 748//469 747//469
f 704//470 714//470 713//470
f 763//471 734//471 733//471
f 59//472 110//472 112//472
f 63//473 59//473 80//473
f 74//474 60//474 70//474
f 113//475 70//475 60//475
f 111//476 1//476 5//476
f 65//477 1//477 61//477
f 64//478 69//478 66//478
f 83//479 1//479 67//479
f 69//480 84//480 66//480
f 82//481 76//481 99//481
f 73//482 68//482 78//482
f 72//483 2//483 75//483
f 71//484 6//484 2//484
f 75//485 4//485 100//485
f 85//486 81//486 90//486
f 88//487 99//487 96//487
f 87//488 3//488 83//488
f 89//489 94//489 91//489
f 95//490 98//490 93//490
f 121//491 3//491 92//491
f 119//492 91//492 94//492
f 93//493 139//493 120//493
f 140//494 4//494 8//494
f 4//495 97//495 100//495
f 101//496 130//496 133//496
f 101//497 109//497 105//497
f 106//498 117//498 114//498
f 102//499 135//499 117//499
f 131//500 5//500 7//500
f 5//501 104//501 111//501
f 108//502 110//502 103//502
f 113//503 107//503 116//503
f 6//504 115//504 118//504
f 118//505 8//505 6//505
f 123//506 119//506 129//506
f 137//507 120//507 139//507
f 125//508 7//508 121//508
f 124//509 133//509 130//509
f 136//510 132//510 127//510
f 138//511 8//511 134//511
f 142//512 190//512 192//512
f 154//513 141//513 150//513
f 193//514 150//514 141//514
f 142//515 157//515 145//515
f 191//516 9//516 13//516
f 9//517 144//517 147//517
f 160//518 146//518 143//518
f 147//519 11//519 9//519
f 149//520 164//520 146//520
f 148//521 179//521 162//521
f 153//522 148//522 159//522
f 152//523 10//523 155//523
f 194//524 10//524 151//524
f 155//525 12//525 180//525
f 165//526 161//526 170//526
f 168//527 179//527 176//527
f 167//528 11//528 163//528
f 169//529 174//529 171//529
f 175//530 178//530 173//530
f 172//531 15//531 11//531
f 174//532 204//532 171//532
f 173//533 221//533 202//533
f 12//534 222//534 177//534
f 12//535 177//535 180//535
f 181//536 212//536 215//536
f 183//537 186//537 181//537
f 188//538 182//538 199//538
f 182//539 217//539 199//539
f 13//540 213//540 185//540
f 13//541 185//541 191//541
f 187//542 190//542 184//542
f 196//543 193//543 189//543
f 198//544 14//544 194//544
f 200//545 16//545 14//545
f 205//546 201//546 211//546
f 219//547 202//547 221//547
f 207//548 15//548 203//548
f 206//549 215//549 212//549
f 218//550 214//550 209//550
f 220//551 16//551 216//551
f 224//552 274//552 276//552
f 239//553 233//553 237//553
f 223//554 279//554 233//554
f 226//555 238//555 227//555
f 225//556 21//556 275//556
f 17//557 225//557 229//557
f 231//558 244//558 228//558
f 232//559 228//559 240//559
f 243//560 17//560 229//560
f 230//561 261//561 242//561
f 232//562 236//562 230//562
f 18//563 235//563 234//563
f 234//564 22//564 18//564
f 18//565 262//565 235//565
f 245//566 241//566 251//566
f 259//567 242//567 261//567
f 247//568 19//568 243//568
f 246//569 255//569 252//569
f 258//570 254//570 249//570
f 23//571 253//571 289//571
f 285//572 252//572 255//572
f 286//573 257//573 301//573
f 256//574 24//574 302//574
f 260//575 20//575 256//575
f 297//576 266//576 294//576
f 267//577 263//577 273//577
f 281//578 264//578 283//578
f 264//579 299//579 283//579
f 295//580 21//580 23//580
f 269//581 21//581 265//581
f 268//582 276//582 274//582
f 280//583 277//583 271//583
f 282//584 22//584 278//584
f 298//585 22//585 284//585
f 287//586 290//586 285//586
f 287//587 301//587 292//587
f 23//588 289//588 295//588
f 291//589 294//589 288//589
f 299//590 293//590 300//590
f 24//591 298//591 302//591
f 303//592 356//592 359//592
f 307//593 303//593 324//593
f 321//594 314//594 318//594
f 304//595 361//595 314//595
f 305//596 29//596 357//596
f 309//597 25//597 305//597
f 308//598 313//598 310//598
f 311//599 27//599 25//599
f 313//600 328//600 310//600
f 312//601 343//601 326//601
f 320//602 322//602 317//602
f 316//603 26//603 319//603
f 315//604 30//604 26//604
f 319//605 28//605 344//605
f 328//606 334//606 329//606
f 341//607 326//607 343//607
f 27//608 327//608 331//608
f 368//609 336//609 365//609
f 337//610 330//610 333//610
f 367//611 27//611 331//611
f 339//612 337//612 333//612
f 335//613 385//613 366//613
f 338//614 32//614 386//614
f 342//615 28//615 338//615
f 345//616 376//616 379//616
f 349//617 347//617 354//617
f 347//618 363//618 354//618
f 346//619 381//619 363//619
f 348//620 31//620 377//620
f 352//621 29//621 348//621
f 351//622 359//622 356//622
f 361//623 355//623 362//623
f 30//624 360//624 364//624
f 380//625 30//625 364//625
f 369//626 365//626 375//626
f 383//627 366//627 385//627
f 371//628 31//628 367//628
f 370//629 379//629 376//629
f 382//630 378//630 373//630
f 384//631 32//631 380//631
f 388//632 436//632 439//632
f 402//633 396//633 400//633
f 438//634 396//634 387//634
f 388//635 401//635 391//635
f 437//636 33//636 37//636
f 33//637 390//637 393//637
f 404//638 392//638 389//638
f 393//639 35//639 33//639
f 405//640 392//640 395//640
f 394//641 423//641 406//641
f 394//642 403//642 399//642
f 34//643 398//643 397//643
f 440//644 34//644 397//644
f 424//645 34//645 36//645
f 407//646 410//646 405//646
f 412//647 406//647 423//647
f 35//648 409//648 415//648
f 411//649 414//649 408//649
f 420//650 416//650 413//650
f 449//651 35//651 415//651
f 417//652 450//652 414//652
f 448//653 419//653 467//653
f 418//654 40//654 468//654
f 422//655 36//655 418//655
f 460//656 428//656 458//656
f 429//657 425//657 435//657
f 443//658 426//658 445//658
f 461//659 445//659 426//659
f 459//660 37//660 39//660
f 431//661 37//661 427//661
f 430//662 439//662 436//662
f 442//663 438//663 433//663
f 444//664 38//664 440//664
f 462//665 38//665 446//665
f 451//666 447//666 457//666
f 454//667 467//667 465//667
f 453//668 39//668 449//668
f 452//669 460//669 458//669
f 464//670 461//670 455//670
f 466//671 40//671 462//671
f 525//672 472//672 522//672
f 473//673 469//673 486//673
f 487//674 481//674 485//674
f 524//675 481//675 470//675
f 523//676 41//676 45//676
f 475//677 41//677 471//677
f 488//678 479//678 476//678
f 491//679 41//679 477//679
f 489//680 476//680 479//680
f 478//681 509//681 490//681
f 480//682 484//682 478//682
f 42//683 483//683 482//683
f 526//684 42//684 482//684
f 510//685 42//685 44//685
f 493//686 489//686 499//686
f 507//687 490//687 509//687
f 495//688 43//688 491//688
f 494//689 503//689 500//689
f 506//690 502//690 497//690
f 535//691 43//691 501//691
f 503//692 536//692 500//692
f 534//693 505//693 553//693
f 504//694 48//694 554//694
f 508//695 44//695 504//695
f 511//696 544//696 546//696
f 515//697 511//697 521//697
f 529//698 512//698 531//698
f 547//699 531//699 512//699
f 513//700 47//700 545//700
f 517//701 45//701 513//701
f 516//702 525//702 522//702
f 528//703 524//703 519//703
f 530//704 46//704 526//704
f 532//705 48//705 46//705
f 537//706 533//706 543//706
f 551//707 534//707 553//707
f 539//708 47//708 535//708
f 538//709 546//709 544//709
f 550//710 547//710 541//710
f 552//711 48//711 548//711
f 556//712 605//712 608//712
f 570//713 555//713 566//713
f 607//714 566//714 555//714
f 558//715 573//715 559//715
f 606//716 49//716 53//716
f 561//717 49//717 557//717
f 560//718 565//718 562//718
f 579//719 49//719 563//719
f 577//720 562//720 565//720
f 578//721 572//721 593//721
f 569//722 564//722 575//722
f 568//723 50//723 571//723
f 567//724 54//724 50//724
f 571//725 52//725 594//725
f 580//726 587//726 581//726
f 578//727 593//727 584//727
f 51//728 579//728 583//728
f 589//729 618//729 582//729
f 589//730 582//730 586//730
f 617//731 51//731 583//731
f 591//732 585//732 592//732
f 588//733 633//733 616//733
f 590//734 56//734 634//734
f 52//735 590//735 594//735
f 628//736 598//736 625//736
f 599//737 595//737 604//737
f 602//738 613//738 610//738
f 627//739 613//739 596//739
f 597//740 55//740 626//740
f 601//741 53//741 597//741
f 603//742 608//742 605//742
f 609//743 612//743 607//743
f 54//744 611//744 614//744
f 614//745 56//745 54//745
f 619//746 615//746 624//746
f 622//747 633//747 630//747
f 621//748 55//748 617//748
f 623//749 628//749 625//749
f 629//750 632//750 627//750
f 56//751 631//751 634//751
f 635//752 58//752 668//752
f 57//753 638//753 637//753
f 644//754 667//754 672//754
f 643//755 57//755 637//755
f 646//756 638//756 57//756
f 58//757 649//757 681//757
f 639//758 645//758 649//758
f 669//759 644//759 672//759
f 57//760 643//760 642//760
f 656//761 642//761 662//761
f 671//762 663//762 641//762
f 646//763 650//763 647//763
f 660//764 646//764 655//764
f 656//765 646//765 57//765
f 678//766 648//766 651//766
f 681//767 649//767 677//767
f 652//768 651//768 659//768
f 651//769 653//769 689//769
f 653//770 690//770 689//770
f 654//771 662//771 661//771
f 691//772 657//772 663//772
f 58//773 664//773 668//773
f 680//774 683//774 665//774
f 674//775 683//775 686//775
f 674//776 673//776 666//776
f 681//777 664//777 58//777
f 676//778 670//778 673//778
f 670//779 675//779 685//779
f 671//780 684//780 691//780
f 678//781 682//781 679//781
f 682//782 678//782 689//782
f 686//783 683//783 688//783
f 689//784 690//784 687//784
f 696//785 742//785 692//785
f 694//786 696//786 692//786
f 694//787 706//787 709//787
f 741//788 706//788 693//788
f 736//789 700//789 731//789
f 708//790 698//790 697//790
f 731//791 712//791 759//791
f 713//792 698//792 704//792
f 711//793 699//793 717//793
f 748//794 707//794 744//794
f 702//795 710//795 705//795
f 723//796 730//796 701//796
f 714//797 702//797 729//797
f 760//798 723//798 701//798
f 752//799 712//799 716//799
f 715//800 718//800 713//800
f 715//801 729//801 720//801
f 753//802 725//802 749//802
f 726//803 719//803 721//803
f 726//804 728//804 724//804
f 722//805 765//805 727//805
f 724//806 764//806 750//806
f 763//807 732//807 758//807
f 732//808 740//808 737//808
f 738//809 747//809 746//809
f 762//810 747//810 734//810
f 743//811 735//811 739//811
f 743//812 745//812 741//812
f 751//813 753//813 749//813
f 751//814 764//814 756//814
f 755//815 758//815 754//815
f 761//816 757//816 766//816
f 5//817 1//817 3//817
f 6//818 8//818 4//818
f 13//3 9//3 11//3
f 10//819 14//819 16//819
f 17//820 19//820 23//820
f 18//821 22//821 24//821
f 25//822 27//822 31//822
f 26//823 30//823 32//823
f 33//824 35//824 39//824
f 34//825 38//825 40//825
f 45//9 41//9 43//9
f 46//826 48//826 44//826
f 53//827 49//827 51//827
f 54//828 56//828 52//828
f 78//829 79//829 80//829
f 106//830 107//830 108//830
f 126//831 127//831 128//831
f 158//832 159//832 160//832
f 209//833 210//833 211//833
f 249//834 250//834 251//834
f 271//835 272//835 273//835
f 322//836 323//836 324//836
f 373//837 374//837 375//837
f 402//838 403//838 404//838
f 433//839 434//839 435//839
f 455//840 456//840 457//840
f 497//841 498//841 499//841
f 518//842 519//842 520//842
f 541//843 542//843 543//843
f 574//844 575//844 576//844
f 585//845 586//845 587//845
f 661//846 657//846 658//846
f 658//847 659//847 660//847
f 684//848 685//848 686//848
f 716//849 717//849 718//849
f 727//850 728//850 729//850
f 63//851 65//851 61//851
f 64//852 66//852 67//852
f 60//853 77//853 80//853
f 64//854 63//854 80//854
f 71//855 72//855 74//855
f 73//856 78//856 77//856
f 73//857 72//857 75//857
f 79//858 78//858 68//858
f 85//859 87//859 83//859
f 86//860 91//860 92//860
f 82//861 88//861 90//861
f 86//862 85//862 90//862
f 96//863 99//863 100//863
f 96//864 98//864 89//864
f 103//865 110//865 111//865
f 106//866 109//866 101//866
f 103//867 105//867 109//867
f 114//868 117//868 118//868
f 114//869 116//869 107//869
f 123//870 125//870 121//870
f 124//871 130//871 131//871
f 126//872 129//872 119//872
f 124//873 123//873 129//873
f 136//874 138//874 134//874
f 137//875 139//875 140//875
f 133//876 128//876 127//876
f 126//877 137//877 136//877
f 84//878 83//878 67//878
f 99//879 76//879 75//879
f 122//880 121//880 92//880
f 139//881 98//881 97//881
f 94//882 93//882 120//882
f 130//883 105//883 104//883
f 102//884 101//884 133//884
f 117//885 135//885 134//885
f 110//886 62//886 61//886
f 60//887 59//887 112//887
f 70//888 116//888 115//888
f 143//889 146//889 147//889
f 143//890 145//890 157//890
f 151//891 152//891 154//891
f 159//892 158//892 154//892
f 153//893 152//893 155//893
f 149//894 160//894 159//894
f 165//895 167//895 163//895
f 166//896 171//896 172//896
f 162//897 168//897 170//897
f 166//898 165//898 170//898
f 176//899 179//899 180//899
f 176//900 178//900 169//900
f 184//901 190//901 191//901
f 184//902 186//902 188//902
f 196//903 198//903 194//903
f 197//904 199//904 200//904
f 197//905 196//905 189//905
f 205//906 207//906 203//906
f 206//907 212//907 213//907
f 208//908 211//908 201//908
f 206//909 205//909 211//909
f 218//910 220//910 216//910
f 219//911 221//911 222//911
f 219//912 218//912 209//912
f 146//913 164//913 163//913
f 156//200 155//200 180//200
f 171//914 204//914 203//914
f 178//915 177//915 222//915
f 186//916 185//916 213//916
f 199//917 217//917 216//917
f 190//918 145//918 144//918
f 141//919 142//919 192//919
f 195//920 194//920 151//920
f 227//921 229//921 225//921
f 240//922 228//922 227//922
f 234//923 235//923 237//923
f 240//924 239//924 237//924
f 245//925 247//925 243//925
f 246//926 252//926 253//926
f 248//927 251//927 241//927
f 246//928 245//928 251//928
f 254//929 255//929 250//929
f 258//930 260//930 256//930
f 259//931 261//931 262//931
f 248//932 259//932 258//932
f 267//933 269//933 265//933
f 268//934 274//934 275//934
f 270//935 273//935 263//935
f 272//936 268//936 267//936
f 280//937 282//937 278//937
f 281//938 283//938 284//938
f 270//939 281//939 280//939
f 288//940 294//940 295//940
f 288//941 290//941 292//941
f 300//942 302//942 298//942
f 291//943 293//943 296//943
f 292//944 301//944 300//944
f 228//945 244//945 243//945
f 236//946 235//946 262//946
f 241//947 231//947 230//947
f 290//948 289//948 253//948
f 301//949 257//949 256//949
f 294//950 266//950 265//950
f 299//951 298//951 284//951
f 226//952 225//952 275//952
f 223//953 224//953 276//953
f 233//954 279//954 278//954
f 307//955 309//955 305//955
f 308//956 310//956 311//956
f 304//957 321//957 324//957
f 323//958 308//958 307//958
f 315//959 316//959 318//959
f 322//960 321//960 318//960
f 317//961 316//961 319//961
f 323//962 322//962 312//962
f 329//963 331//963 327//963
f 332//964 334//964 325//964
f 333//965 330//965 329//965
f 340//966 342//966 338//966
f 341//967 343//967 344//967
f 332//968 341//968 340//968
f 350//969 352//969 348//969
f 351//970 356//970 357//970
f 353//971 351//971 350//971
f 362//972 364//972 360//972
f 353//973 355//973 358//973
f 354//974 363//974 362//974
f 369//975 371//975 367//975
f 370//976 376//976 377//976
f 366//977 372//977 375//977
f 374//978 370//978 369//978
f 382//979 384//979 380//979
f 383//980 385//980 386//980
f 372//981 383//981 382//981
f 310//982 328//982 327//982
f 320//983 319//983 344//983
f 325//984 313//984 312//984
f 368//985 367//985 331//985
f 339//986 338//986 386//986
f 365//987 336//987 335//987
f 349//988 348//988 377//988
f 381//989 380//989 364//989
f 306//990 305//990 357//990
f 314//991 361//991 360//991
f 389//992 392//992 393//992
f 389//993 391//993 401//993
f 397//994 398//994 400//994
f 403//995 402//995 400//995
f 404//996 403//996 394//996
f 408//997 414//997 415//997
f 408//998 410//998 412//998
f 420//999 422//999 418//999
f 421//1000 423//1000 424//1000
f 417//1001 411//1001 413//1001
f 421//1002 420//1002 413//1002
f 429//1003 431//1003 427//1003
f 430//1004 436//1004 437//1004
f 432//1005 435//1005 425//1005
f 434//1006 430//1006 429//1006
f 442//1007 444//1007 440//1007
f 443//1008 445//1008 446//1008
f 439//1009 434//1009 433//1009
f 443//1010 442//1010 433//1010
f 451//1011 453//1011 449//1011
f 452//1012 458//1012 459//1012
f 448//1013 454//1013 457//1013
f 456//1014 452//1014 451//1014
f 464//1015 466//1015 462//1015
f 465//1016 467//1016 468//1016
f 465//1017 464//1017 455//1017
f 392//1018 410//1018 409//1018
f 406//1019 405//1019 395//1019
f 423//1020 399//1020 398//1020
f 450//1021 449//1021 415//1021
f 467//1022 419//1022 418//1022
f 458//1023 428//1023 427//1023
f 463//1024 462//1024 446//1024
f 460//1025 461//1025 426//1025
f 436//1026 391//1026 390//1026
f 387//1027 388//1027 439//1027
f 441//1028 440//1028 397//1028
f 473//1029 475//1029 471//1029
f 474//1030 476//1030 477//1030
f 474//1031 473//1031 486//1031
f 486//1032 469//1032 470//1032
f 482//1033 483//1033 485//1033
f 488//1034 487//1034 485//1034
f 493//1035 495//1035 491//1035
f 494//1036 500//1036 501//1036
f 496//1037 499//1037 489//1037
f 494//1038 493//1038 499//1038
f 506//1039 508//1039 504//1039
f 507//1040 509//1040 510//1040
f 503//1041 498//1041 497//1041
f 496//1042 507//1042 506//1042
f 515//1043 517//1043 513//1043
f 516//1044 522//1044 523//1044
f 512//1045 518//1045 521//1045
f 520//1046 516//1046 515//1046
f 528//1047 530//1047 526//1047
f 529//1048 531//1048 532//1048
f 529//1049 528//1049 519//1049
f 537//1050 539//1050 535//1050
f 538//1051 544//1051 545//1051
f 534//1052 540//1052 543//1052
f 542//1053 538//1053 537//1053
f 550//1054 552//1054 548//1054
f 551//1055 553//1055 554//1055
f 551//1056 550//1056 541//1056
f 492//1057 491//1057 477//1057
f 490//1058 489//1058 479//1058
f 509//1059 484//1059 483//1059
f 500//1060 536//1060 535//1060
f 505//1061 504//1061 554//1061
f 514//1062 513//1062 545//1062
f 531//1063 549//1063 548//1063
f 546//1064 547//1064 512//1064
f 522//1065 472//1065 471//1065
f 527//1066 526//1066 482//1066
f 559//1067 561//1067 557//1067
f 560//1068 562//1068 563//1068
f 560//1069 559//1069 573//1069
f 567//1070 568//1070 570//1070
f 569//1071 575//1071 574//1071
f 569//1072 568//1072 571//1072
f 565//1073 576//1073 575//1073
f 581//1074 583//1074 579//1074
f 578//1075 584//1075 587//1075
f 586//1076 582//1076 581//1076
f 592//1077 594//1077 590//1077
f 589//1078 586//1078 585//1078
f 584//1079 593//1079 592//1079
f 599//1080 601//1080 597//1080
f 600//1081 605//1081 606//1081
f 596//1082 602//1082 604//1082
f 600//1083 599//1083 604//1083
f 610//1084 613//1084 614//1084
f 610//1085 612//1085 603//1085
f 619//1086 621//1086 617//1086
f 620//1087 625//1087 626//1087
f 616//1088 622//1088 624//1088
f 620//1089 619//1089 624//1089
f 630//1090 633//1090 634//1090
f 630//1091 632//1091 623//1091
f 580//1092 579//1092 563//1092
f 593//1093 572//1093 571//1093
f 618//1094 617//1094 583//1094
f 591//1095 590//1095 634//1095
f 615//1096 589//1096 588//1096
f 598//1097 597//1097 626//1097
f 613//1098 632//1098 631//1098
f 605//1099 558//1099 557//1099
f 555//1100 556//1100 608//1100
f 612//1101 611//1101 567//1101
f 635//1102 637//1102 638//1102
f 640//1103 642//1103 643//1103
f 647//1104 649//1104 645//1104
f 648//1105 647//1105 650//1105
f 663//1106 657//1106 661//1106
f 658//1107 653//1107 652//1107
f 655//1108 654//1108 661//1108
f 666//1109 668//1109 664//1109
f 669//1110 672//1110 673//1110
f 679//1111 681//1111 677//1111
f 683//1112 680//1112 679//1112
f 690//1113 691//1113 684//1113
f 687//1114 686//1114 688//1114
f 646//1115 645//1115 639//1115
f 660//1116 659//1116 651//1116
f 648//1117 678//1117 677//1117
f 658//1118 657//1118 691//1118
f 682//1119 689//1119 688//1119
f 665//1120 664//1120 681//1120
f 674//1121 686//1121 685//1121
f 666//1122 673//1122 672//1122
f 667//1123 636//1123 635//1123
f 697//1124 698//1124 700//1124
f 697//1125 696//1125 709//1125
f 705//1126 710//1126 709//1126
f 707//1127 701//1127 702//1127
f 708//1128 710//1128 703//1128
f 711//1129 717//1129 716//1129
f 721//1130 719//1130 718//1130
f 722//1131 727//1131 730//1131
f 729//1132 728//1132 721//1132
f 734//1133 738//1133 740//1133
f 739//1134 735//1134 737//1134
f 746//1135 747//1135 748//1135
f 746//1136 745//1136 739//1136
f 754//1137 758//1137 759//1137
f 754//1138 753//1138 756//1138
f 755//1139 757//1139 762//1139
f 756//1140 764//1140 766//1140
f 718//1141 717//1141 699//1141
f 702//1142 701//1142 730//1142
f 753//1143 752//1143 716//1143
f 724//1144 750//1144 749//1144
f 764//1145 728//1145 727//1145
f 735//1146 696//1146 695//1146
f 693//1147 692//1147 742//1147
f 706//1148 745//1148 744//1148
f 113//1149 112//1149 108//1149
f 81//1150 69//1150 68//1150
f 142//1151 141//1151 158//1151
f 214//1152 215//1152 210//1152
f 189//1153 193//1153 192//1153
f 161//1154 149//1154 148//1154
f 174//1155 173//1155 202//1155
f 215//1156 214//1156 182//1156
f 224//1157 223//1157 239//1157
f 277//1158 276//1158 272//1158
f 285//1159 255//1159 254//1159
f 263//1160 297//1160 296//1160
f 378//1161 379//1161 374//1161
f 303//1162 359//1162 358//1162
f 345//1163 379//1163 378//1163
f 388//1164 387//1164 402//1164
f 461//1165 460//1165 456//1165
f 447//1166 417//1166 416//1166
f 547//1167 546//1167 542//1167
f 524//1168 525//1168 520//1168
f 469//1169 525//1169 524//1169
f 533//1170 503//1170 502//1170
f 556//1171 555//1171 574//1171
f 577//1172 565//1172 564//1172
f 628//1173 627//1173 596//1173
f 643//1174 637//1174 636//1174
f 662//1175 642//1175 641//1175
f 671//1176 670//1176 685//1176
f 669//1177 671//1177 641//1177
f 731//1178 732//1178 737//1178
f 760//1179 761//1179 766//1179
f 699//1180 711//1180 712//1180
f 758//1181 732//1181 731//1181
f 761//1182 760//1182 748//1182
f 704//1183 703//1183 714//1183
f 763//1184 762//1184 734//1184
f 59//1185 62//1185 110//1185
f 63//1186 62//1186 59//1186
f 74//1187 77//1187 60//1187
f 113//1188 116//1188 70//1188
f 111//1189 61//1189 1//1189
f 65//1190 67//1190 1//1190
f 64//1191 79//1191 69//1191
f 83//1192 3//1192 1//1192
f 69//1193 81//1193 84//1193
f 82//1194 68//1194 76//1194
f 73//1195 76//1195 68//1195
f 72//1196 71//1196 2//1196
f 71//1197 115//1197 6//1197
f 75//1198 2//1198 4//1198
f 85//1199 84//1199 81//1199
f 88//1200 82//1200 99//1200
f 87//1201 92//1201 3//1201
f 91//1202 86//1202 89//1202
f 89//489 95//489 94//489
f 95//490 89//490 98//490
f 121//1203 7//1203 3//1203
f 119//1204 122//1204 91//1204
f 93//1205 98//1205 139//1205
f 140//1206 97//1206 4//1206
f 101//1207 105//1207 130//1207
f 106//1208 102//1208 117//1208
f 102//1209 132//1209 135//1209
f 131//1210 104//1210 5//1210
f 108//1211 112//1211 110//1211
f 118//1212 134//1212 8//1212
f 123//1213 122//1213 119//1213
f 137//1214 126//1214 120//1214
f 125//1215 131//1215 7//1215
f 124//1216 128//1216 133//1216
f 136//1217 135//1217 132//1217
f 138//1218 140//1218 8//1218
f 142//1219 145//1219 190//1219
f 154//1220 158//1220 141//1220
f 193//1221 195//1221 150//1221
f 191//1222 144//1222 9//1222
f 160//1223 149//1223 146//1223
f 147//1224 163//1224 11//1224
f 149//1225 161//1225 164//1225
f 148//1226 156//1226 179//1226
f 153//1227 156//1227 148//1227
f 152//1228 151//1228 10//1228
f 194//1229 14//1229 10//1229
f 155//1230 10//1230 12//1230
f 165//1231 164//1231 161//1231
f 168//1232 162//1232 179//1232
f 167//1233 172//1233 11//1233
f 171//1234 166//1234 169//1234
f 169//529 175//529 174//529
f 175//530 169//530 178//530
f 172//1235 203//1235 15//1235
f 174//1236 201//1236 204//1236
f 173//1237 178//1237 221//1237
f 12//1238 16//1238 222//1238
f 181//1239 186//1239 212//1239
f 183//537 188//537 186//537
f 199//1240 197//1240 188//1240
f 188//538 183//538 182//538
f 182//1241 214//1241 217//1241
f 13//1242 15//1242 213//1242
f 187//1243 192//1243 190//1243
f 196//1244 195//1244 193//1244
f 198//1245 200//1245 14//1245
f 200//1246 216//1246 16//1246
f 205//1247 204//1247 201//1247
f 219//1248 208//1248 202//1248
f 207//1249 213//1249 15//1249
f 206//1250 210//1250 215//1250
f 218//1251 217//1251 214//1251
f 220//1252 222//1252 16//1252
f 224//1253 226//1253 274//1253
f 239//1254 223//1254 233//1254
f 223//1255 277//1255 279//1255
f 226//1256 224//1256 238//1256
f 225//1257 17//1257 21//1257
f 231//1258 241//1258 244//1258
f 232//559 231//559 228//559
f 243//1259 19//1259 17//1259
f 230//1260 236//1260 261//1260
f 232//562 240//562 236//562
f 234//1261 278//1261 22//1261
f 18//1262 20//1262 262//1262
f 245//1263 244//1263 241//1263
f 259//1264 248//1264 242//1264
f 247//1265 253//1265 19//1265
f 246//1266 250//1266 255//1266
f 258//1267 257//1267 254//1267
f 23//1268 19//1268 253//1268
f 285//1269 290//1269 252//1269
f 286//1270 254//1270 257//1270
f 256//1271 20//1271 24//1271
f 260//1272 262//1272 20//1272
f 297//1273 263//1273 266//1273
f 267//1274 266//1274 263//1274
f 281//1275 270//1275 264//1275
f 264//1276 296//1276 299//1276
f 295//1277 265//1277 21//1277
f 269//1278 275//1278 21//1278
f 268//1279 272//1279 276//1279
f 280//1280 279//1280 277//1280
f 282//1281 284//1281 22//1281
f 298//1282 24//1282 22//1282
f 287//586 292//586 290//586
f 287//587 286//587 301//587
f 291//1283 297//1283 294//1283
f 299//1284 296//1284 293//1284
f 303//1285 306//1285 356//1285
f 307//1286 306//1286 303//1286
f 321//1287 304//1287 314//1287
f 304//1288 358//1288 361//1288
f 305//1289 25//1289 29//1289
f 309//1290 311//1290 25//1290
f 308//1291 323//1291 313//1291
f 311//1292 327//1292 27//1292
f 313//1293 325//1293 328//1293
f 312//1294 320//1294 343//1294
f 320//1295 312//1295 322//1295
f 316//1296 315//1296 26//1296
f 315//1297 360//1297 30//1297
f 319//1298 26//1298 28//1298
f 328//1299 325//1299 334//1299
f 341//1300 332//1300 326//1300
f 368//1301 330//1301 336//1301
f 337//610 336//610 330//610
f 367//1302 31//1302 27//1302
f 333//1303 340//1303 339//1303
f 339//612 335//612 337//612
f 335//1304 339//1304 385//1304
f 338//1305 28//1305 32//1305
f 342//1306 344//1306 28//1306
f 345//1307 349//1307 376//1307
f 354//1308 350//1308 349//1308
f 349//617 345//617 347//617
f 347//618 346//618 363//618
f 346//1309 378//1309 381//1309
f 348//1310 29//1310 31//1310
f 352//1311 357//1311 29//1311
f 351//1312 353//1312 359//1312
f 361//1313 358//1313 355//1313
f 380//1314 32//1314 30//1314
f 369//1315 368//1315 365//1315
f 383//1316 372//1316 366//1316
f 371//1317 377//1317 31//1317
f 370//1318 374//1318 379//1318
f 382//1319 381//1319 378//1319
f 384//1320 386//1320 32//1320
f 388//1321 391//1321 436//1321
f 402//1322 387//1322 396//1322
f 438//1323 441//1323 396//1323
f 437//1324 390//1324 33//1324
f 404//1325 395//1325 392//1325
f 393//1326 409//1326 35//1326
f 405//1327 410//1327 392//1327
f 394//1328 399//1328 423//1328
f 440//1329 38//1329 34//1329
f 424//1330 398//1330 34//1330
f 407//646 412//646 410//646
f 423//1331 421//1331 412//1331
f 412//647 407//647 406//647
f 411//1332 417//1332 414//1332
f 420//1333 419//1333 416//1333
f 449//1334 39//1334 35//1334
f 417//1335 447//1335 450//1335
f 448//1336 416//1336 419//1336
f 418//1337 36//1337 40//1337
f 422//1338 424//1338 36//1338
f 460//1339 425//1339 428//1339
f 429//1340 428//1340 425//1340
f 443//1341 432//1341 426//1341
f 461//1342 463//1342 445//1342
f 459//1343 427//1343 37//1343
f 431//1344 437//1344 37//1344
f 430//1345 434//1345 439//1345
f 442//1346 441//1346 438//1346
f 444//1347 446//1347 38//1347
f 462//1348 40//1348 38//1348
f 451//1349 450//1349 447//1349
f 454//1350 448//1350 467//1350
f 453//1351 459//1351 39//1351
f 452//1352 456//1352 460//1352
f 464//1353 463//1353 461//1353
f 466//1354 468//1354 40//1354
f 525//1355 469//1355 472//1355
f 473//1356 472//1356 469//1356
f 487//1357 470//1357 481//1357
f 524//1358 527//1358 481//1358
f 523//1359 471//1359 41//1359
f 475//1360 477//1360 41//1360
f 476//1361 474//1361 488//1361
f 488//678 480//678 479//678
f 491//1362 43//1362 41//1362
f 489//1363 492//1363 476//1363
f 478//1364 484//1364 509//1364
f 480//682 488//682 484//682
f 526//1365 46//1365 42//1365
f 510//1366 483//1366 42//1366
f 493//1367 492//1367 489//1367
f 507//1368 496//1368 490//1368
f 495//1369 501//1369 43//1369
f 494//1370 498//1370 503//1370
f 506//1371 505//1371 502//1371
f 535//1372 47//1372 43//1372
f 503//1373 533//1373 536//1373
f 534//1374 502//1374 505//1374
f 504//1375 44//1375 48//1375
f 508//1376 510//1376 44//1376
f 511//1377 514//1377 544//1377
f 515//1378 514//1378 511//1378
f 529//1379 518//1379 512//1379
f 547//1380 549//1380 531//1380
f 513//1381 45//1381 47//1381
f 517//1382 523//1382 45//1382
f 516//1383 520//1383 525//1383
f 528//1384 527//1384 524//1384
f 530//1385 532//1385 46//1385
f 532//1386 548//1386 48//1386
f 537//1387 536//1387 533//1387
f 551//1388 540//1388 534//1388
f 539//1389 545//1389 47//1389
f 538//1390 542//1390 546//1390
f 550//1391 549//1391 547//1391
f 552//1392 554//1392 48//1392
f 556//1393 558//1393 605//1393
f 570//1394 574//1394 555//1394
f 607//1395 612//1395 566//1395
f 558//1396 556//1396 573//1396
f 606//1397 557//1397 49//1397
f 561//1398 563//1398 49//1398
f 560//1399 576//1399 565//1399
f 579//1400 51//1400 49//1400
f 577//1401 580//1401 562//1401
f 578//1402 564//1402 572//1402
f 569//1403 572//1403 564//1403
f 568//1404 567//1404 50//1404
f 567//1405 611//1405 54//1405
f 571//1406 50//1406 52//1406
f 580//1407 577//1407 587//1407
f 589//1408 615//1408 618//1408
f 617//1409 55//1409 51//1409
f 591//1410 588//1410 585//1410
f 588//1411 591//1411 633//1411
f 590//1412 52//1412 56//1412
f 628//1413 595//1413 598//1413
f 599//1414 598//1414 595//1414
f 602//1415 596//1415 613//1415
f 627//1416 632//1416 613//1416
f 597//1417 53//1417 55//1417
f 601//1418 606//1418 53//1418
f 605//1419 600//1419 603//1419
f 603//742 609//742 608//742
f 609//743 603//743 612//743
f 614//1420 631//1420 56//1420
f 619//1421 618//1421 615//1421
f 622//1422 616//1422 633//1422
f 621//1423 626//1423 55//1423
f 625//1424 620//1424 623//1424
f 623//749 629//749 628//749
f 629//750 623//750 632//750
f 635//1425 639//1425 58//1425
f 644//1426 636//1426 667//1426
f 58//1427 639//1427 649//1427
f 669//1428 640//1428 644//1428
f 662//1429 654//1429 656//1429
f 656//1430 57//1430 642//1430
f 671//1431 691//1431 663//1431
f 660//1432 650//1432 646//1432
f 656//1433 655//1433 646//1433
f 689//1434 678//1434 651//1434
f 651//1435 652//1435 653//1435
f 653//1436 658//1436 690//1436
f 674//1437 665//1437 683//1437
f 666//1438 665//1438 674//1438
f 674//1439 676//1439 673//1439
f 676//778 675//778 670//778
f 696//1440 735//1440 742//1440
f 694//786 709//786 696//786
f 694//1441 693//1441 706//1441
f 741//1442 745//1442 706//1442
f 736//1443 695//1443 700//1443
f 708//1444 704//1444 698//1444
f 731//1445 700//1445 712//1445
f 713//1446 718//1446 698//1446
f 748//1447 701//1447 707//1447
f 702//1448 703//1448 710//1448
f 714//1449 703//1449 702//1449
f 701//1450 748//1450 760//1450
f 760//798 722//798 723//798
f 752//1451 759//1451 712//1451
f 715//1452 720//1452 718//1452
f 715//801 714//801 729//801
f 753//1453 719//1453 725//1453
f 726//803 725//803 719//803
f 726//804 721//804 728//804
f 722//1454 760//1454 765//1454
f 724//1455 728//1455 764//1455
f 763//1456 733//1456 732//1456
f 732//1457 733//1457 740//1457
f 738//1458 734//1458 747//1458
f 762//1459 761//1459 747//1459
f 743//811 742//811 735//811
f 743//812 739//812 745//812
f 751//813 756//813 753//813
f 751//814 750//814 764//814
f 755//1460 763//1460 758//1460
f 761//1461 762//1461 757//1461
