# Blender 5.2.1 LTS
# www.blender.org
o ZombieHead0.001
v -0.268498 -0.370430 0.189319
v -0.234869 -0.351122 0.173258
v -0.226327 -0.376539 0.197067
v -0.211016 -0.382839 0.184615
v -0.202855 -0.359450 0.187609
v -0.266773 -0.345320 0.172944
v -0.275372 -0.345299 0.150381
v -0.270219 -0.364353 0.115468
v -0.258861 -0.376350 0.095492
v -0.247888 -0.347008 0.102218
v -0.222900 -0.373290 0.091734
v -0.213361 -0.368714 0.137401
v -0.201899 -0.365781 0.172281
v -0.197251 -0.351435 0.149225
v -0.213903 -0.407187 0.131437
v -0.198636 -0.356392 0.124647
v -0.196452 -0.372584 0.111954
v -0.228003 -0.424118 0.056790
v -0.228102 -0.433631 -0.009811
v -0.205961 -0.438689 0.022589
v -0.282382 -0.375221 0.007531
v -0.292726 -0.339060 0.000689
v -0.281565 -0.401909 -0.004449
v -0.256774 -0.408807 0.087716
v -0.263551 -0.399590 0.003322
v -0.264387 -0.358552 0.013652
v -0.238958 -0.369092 0.004020
v -0.233162 -0.413981 0.008324
v -0.218493 -0.411932 0.032118
v -0.221645 -0.368713 0.017743
v -0.212472 -0.375920 0.078997
v -0.211915 -0.363184 0.072585
v -0.132463 -0.366567 0.269089
v -0.183871 -0.365680 0.197349
v -0.178770 -0.360395 0.220000
v -0.159583 -0.352304 0.247904
v -0.150510 -0.378258 0.160689
v -0.129835 -0.396579 0.228333
v -0.144561 -0.385285 0.231701
v -0.192551 -0.444349 0.110202
v -0.178811 -0.440165 0.111759
v -0.200618 -0.390217 0.120157
v -0.190133 -0.419942 0.110688
v -0.177797 -0.354203 0.142594
v -0.179577 -0.364783 0.122516
v -0.162074 -0.371115 0.139878
v -0.408713 -0.122927 0.102373
v -0.434589 -0.085398 0.121041
v -0.423748 -0.041558 0.109784
v -0.411649 0.006746 0.097702
v -0.417555 0.028411 0.067290
v -0.441674 -0.104512 0.035513
v -0.417082 -0.137054 0.043859
v -0.442576 -0.069611 0.059747
v -0.445322 -0.086968 -0.041695
v -0.449910 -0.020589 -0.036243
v -0.439958 -0.035143 0.017627
v -0.434798 0.009051 0.029134
v -0.418875 0.065926 0.032068
v -0.424288 0.071759 -0.015260
v -0.320242 -0.098272 0.288359
v -0.293598 -0.121476 0.266938
v -0.345398 -0.081526 0.277165
v -0.340322 -0.063690 0.289561
v -0.314123 -0.069614 0.317718
v -0.313081 -0.003403 0.284425
v -0.315460 0.057059 0.286073
v -0.307804 0.118637 0.284658
v -0.416822 -0.088158 0.149771
v -0.334489 -0.154245 0.183499
v -0.402949 -0.055782 0.167696
v -0.379895 -0.079099 0.204679
v -0.363353 -0.102975 0.211396
v -0.358257 -0.046690 0.251246
v -0.365549 0.048477 0.221898
v -0.364051 0.000217 0.228314
v -0.373786 0.105340 0.179622
v -0.347176 0.154498 0.223428
v -0.350895 0.095930 0.237305
v -0.349897 0.125879 0.224537
v -0.323289 0.158651 0.258400
v -0.363315 0.172658 0.168655
v -0.335352 0.185056 0.219076
v -0.329164 0.213887 0.213172
v -0.338171 -0.200250 0.123675
v -0.316004 -0.229973 0.118442
v -0.375893 -0.129661 0.158424
v -0.350573 -0.172212 0.149198
v -0.392056 -0.005764 0.174312
v -0.389258 0.042697 0.166157
v -0.395950 0.075402 0.096394
v -0.380810 0.194261 0.077606
v -0.366975 0.235018 0.095504
v -0.359566 0.274245 0.056452
v -0.346171 0.247804 0.147125
v -0.317953 0.300822 0.124272
v -0.333367 -0.265491 0.032606
v -0.374738 -0.216775 0.022187
v -0.385305 -0.177553 0.086171
v -0.323480 -0.257509 0.068165
v -0.406937 -0.169032 0.033393
v -0.388267 0.112397 0.069546
v -0.403462 0.177078 -0.023768
v -0.416997 0.122888 -0.027326
v -0.380380 0.241669 0.022664
v -0.372982 0.269109 -0.021405
v -0.344981 0.314035 -0.033374
v -0.323708 0.330247 0.025033
v -0.215324 -0.033142 0.356516
v -0.202777 -0.066198 0.364126
v -0.242462 0.110608 0.356648
v -0.219599 0.123008 0.380421
v -0.209845 0.158377 0.368358
v -0.196681 0.124792 0.397916
v -0.249882 -0.253907 0.264999
v -0.225947 -0.250901 0.280797
v -0.210747 -0.219561 0.274721
v -0.281326 -0.095227 0.322941
v -0.257493 -0.126703 0.290528
v -0.230522 -0.121714 0.315306
v -0.302962 -0.059793 0.327789
v -0.327834 -0.027236 0.281914
v -0.266382 -0.076977 0.342214
v -0.263187 -0.004275 0.321069
v -0.246879 -0.020888 0.334059
v -0.278388 0.023385 0.310582
v -0.280989 0.073764 0.321858
v -0.271226 0.069715 0.321040
v -0.250784 0.121911 0.349146
v -0.263034 0.091141 0.336881
v -0.260189 0.177396 0.314819
v -0.298383 0.215168 0.254819
v -0.203921 0.213018 0.334499
v -0.238390 0.239148 0.287255
v -0.225921 0.271868 0.278409
v -0.257918 -0.269443 0.212013
v -0.253682 -0.288699 0.179442
v -0.206306 -0.271486 0.230085
v -0.192627 -0.270991 0.261503
v -0.252262 -0.250516 0.244878
v -0.263814 -0.238254 0.179877
v -0.241969 -0.259875 0.248104
v -0.245181 -0.218020 0.231634
v -0.254990 -0.184676 0.221340
v -0.222397 -0.199345 0.256313
v -0.274191 -0.178798 0.201203
v -0.270592 -0.148960 0.252132
v -0.273696 0.241670 0.253468
v -0.308280 0.266394 0.190442
v -0.271092 0.270727 0.236595
v -0.265949 0.325585 0.170867
v -0.212665 0.310092 0.259195
v -0.240624 0.328487 0.200720
v -0.235113 0.361567 0.161692
v -0.283126 -0.284967 0.074118
v -0.257789 -0.312050 0.162986
v -0.259163 -0.309903 0.138783
v -0.261822 -0.258115 0.147788
v -0.254583 -0.298350 0.115635
v -0.232997 -0.342519 0.085254
v -0.281588 -0.233007 0.149021
v -0.299481 0.339577 0.079452
v -0.268725 0.360000 0.110953
v -0.204357 0.406252 0.074843
v -0.305577 -0.290895 0.016873
v -0.283002 -0.305597 0.036803
v -0.260680 -0.338384 0.024235
v -0.257341 -0.304742 0.085727
v -0.297027 0.356722 -0.057037
v -0.269863 0.371652 0.063626
v -0.268733 0.378204 0.014420
v -0.179207 -0.287053 0.366701
v -0.173845 -0.254361 0.378811
v -0.174893 -0.201524 0.354763
v -0.140769 -0.229307 0.402825
v -0.137836 -0.195180 0.383389
v -0.124707 -0.166727 0.365253
v -0.081698 -0.204372 0.419573
v -0.077769 -0.137283 0.373569
v -0.178301 -0.036534 0.370736
v -0.145508 -0.043314 0.384560
v -0.145498 -0.032246 0.376890
v -0.108167 -0.015710 0.395459
v -0.095788 -0.027373 0.400607
v -0.170947 0.131586 0.408703
v -0.150311 0.122951 0.421914
v -0.133435 0.115392 0.420998
v -0.136122 0.145893 0.409628
v -0.106607 0.100602 0.420483
v -0.054342 0.152253 0.418186
v -0.136139 0.186801 0.371824
v -0.195684 -0.264156 0.350853
v -0.205644 -0.262680 0.297671
v -0.166247 -0.290624 0.316004
v -0.186275 -0.230816 0.346545
v -0.196307 -0.195867 0.316035
v -0.209103 -0.251368 0.300763
v -0.204845 -0.183464 0.294433
v -0.159943 -0.167015 0.338906
v -0.170780 -0.102252 0.358558
v -0.185920 -0.169100 0.319896
v -0.120282 -0.104667 0.377775
v -0.129049 -0.149683 0.358597
v -0.204787 0.187043 0.346744
v -0.177836 0.242147 0.320119
v -0.119079 0.233412 0.350586
v -0.167998 0.275656 0.310973
v -0.166203 0.315307 0.279495
v -0.087895 0.309672 0.310529
v -0.127493 0.342509 0.266504
v -0.178634 -0.327023 0.199738
v -0.191004 0.336186 0.234482
v -0.164761 0.362881 0.224753
v -0.121752 0.402942 0.184821
v -0.197448 0.397358 0.137775
v -0.158586 0.414648 0.123065
v -0.091190 0.430086 0.144034
v -0.188477 0.425762 0.030605
v -0.128582 0.434627 0.103468
v -0.119057 0.455932 0.019229
v -0.074386 -0.187266 0.403041
v -0.075959 -0.154598 0.372733
v -0.069871 -0.096759 0.388572
v -0.048048 -0.170496 0.352660
v -0.066433 -0.035213 0.400937
v -0.040937 -0.076397 0.386787
v 0.002318 -0.044854 0.387914
v -0.024851 -0.012992 0.399657
v -0.082640 0.014259 0.398723
v -0.075014 0.032962 0.408781
v -0.075481 0.068985 0.415323
v -0.064605 0.012524 0.405937
v -0.035532 0.056050 0.418683
v -0.073362 0.101700 0.434180
v -0.001861 0.087036 0.440049
v 0.009488 0.118029 0.439741
v -0.069128 0.178844 0.389856
v -0.060218 0.211599 0.372526
v -0.060656 0.249593 0.356260
v -0.000087 0.182956 0.389390
v -0.001846 0.238723 0.365312
v -0.047724 -0.116456 0.354033
v -0.047942 0.352661 0.278835
v -0.037519 0.288277 0.327766
v -0.003517 0.356475 0.279210
v -0.071171 0.395497 0.224441
v -0.037609 0.392317 0.234110
v 0.044896 0.414803 0.195777
v -0.095708 0.455930 0.060924
v -0.027380 0.433587 0.161561
v -0.039040 0.460298 0.074885
v -0.055425 0.476118 -0.013252
v -0.005264 0.483109 -0.026629
v -0.299388 -0.341637 -0.016327
v -0.304806 -0.330986 -0.041207
v -0.294740 -0.385717 -0.069058
v -0.292152 -0.361874 -0.081211
v -0.256790 -0.418383 -0.094566
v -0.202552 -0.445633 -0.015694
v -0.214290 -0.432785 -0.031247
v -0.295683 -0.398390 -0.027795
v -0.276623 -0.387775 -0.085236
v -0.258471 -0.387277 -0.077549
v -0.251875 -0.361283 -0.081198
v -0.241580 -0.393189 -0.048264
v -0.236821 -0.379815 -0.045458
v -0.230526 -0.421318 -0.051394
v -0.224338 -0.388792 -0.039373
v -0.225361 -0.361475 -0.062330
v -0.201282 -0.422980 -0.050138
v -0.208468 -0.377479 -0.049828
v -0.211188 -0.362260 -0.071161
v -0.274858 -0.338601 -0.089015
v -0.244828 -0.338868 -0.105537
v -0.206413 -0.353978 -0.164467
v -0.170371 -0.438313 -0.080924
v -0.096080 -0.477112 -0.101176
v -0.182479 -0.375282 -0.109444
v -0.155664 -0.405799 -0.107852
v -0.104624 -0.441029 -0.122169
v -0.160594 -0.389969 -0.114019
v -0.156207 -0.376145 -0.156250
v -0.110969 -0.394949 -0.146434
v -0.098284 -0.410341 -0.135303
v -0.080054 -0.383721 -0.200689
v -0.164185 -0.356654 -0.207151
v -0.091928 -0.355438 -0.253173
v -0.065247 -0.468843 -0.121341
v -0.046328 -0.441345 -0.140300
v -0.020048 -0.402773 -0.161469
v -0.017041 -0.349302 -0.269841
v -0.010249 -0.384429 -0.209598
v -0.421065 -0.137519 -0.033737
v -0.418468 -0.137595 -0.094489
v -0.436681 -0.092425 -0.090650
v -0.396404 -0.171755 -0.109463
v -0.444700 -0.049717 -0.027750
v -0.448565 -0.020541 -0.082919
v -0.434325 -0.054573 -0.102148
v -0.443482 0.032672 -0.047571
v -0.444625 0.023679 -0.102899
v -0.434734 0.060919 -0.118885
v -0.434178 0.097536 -0.088985
v -0.421463 0.144470 -0.100018
v -0.417954 0.153722 -0.057277
v -0.405899 0.181049 -0.098987
v -0.414661 -0.111488 -0.155925
v -0.423295 -0.024662 -0.164361
v -0.419362 -0.079248 -0.148766
v -0.420547 -0.051205 -0.171397
v -0.431438 0.008463 -0.162496
v -0.425799 0.056548 -0.167873
v -0.398998 0.031116 -0.230677
v -0.419618 0.124516 -0.159778
v -0.421055 0.096580 -0.162439
v -0.408155 0.156703 -0.149217
v -0.399248 -0.046297 -0.227142
v -0.391487 0.090850 -0.237398
v -0.385452 0.160779 -0.221617
v -0.311441 -0.300851 -0.073702
v -0.324331 -0.282841 -0.032529
v -0.295705 -0.328389 -0.071881
v -0.380675 -0.218727 -0.040036
v -0.378438 -0.219898 -0.074205
v -0.324264 -0.274823 -0.126648
v -0.400724 0.212054 -0.054979
v -0.394412 0.226356 -0.097367
v -0.344127 0.312758 -0.077909
v -0.365375 -0.213505 -0.144608
v -0.345826 -0.206575 -0.198130
v -0.343256 -0.237404 -0.150955
v -0.390879 -0.164188 -0.154590
v -0.396172 -0.104542 -0.198638
v -0.386394 0.218404 -0.156824
v -0.367552 0.215856 -0.207956
v -0.358918 0.270833 -0.147117
v -0.339212 0.304924 -0.120829
v -0.311604 0.302191 -0.193599
v -0.336688 0.276237 -0.195761
v -0.306266 0.330707 -0.160423
v -0.314413 -0.200813 -0.247021
v -0.297538 -0.249267 -0.218316
v -0.280809 -0.229640 -0.273670
v -0.367244 -0.155702 -0.214377
v -0.353621 -0.106783 -0.269321
v -0.330331 -0.169065 -0.260823
v -0.335542 -0.139041 -0.270702
v -0.357826 -0.047987 -0.287183
v -0.357690 0.005887 -0.297235
v -0.365893 0.071060 -0.284145
v -0.334637 0.194287 -0.275420
v -0.321592 0.246342 -0.260825
v -0.279789 0.315097 -0.231424
v -0.341623 -0.113722 -0.284606
v -0.286881 -0.133722 -0.332726
v -0.317907 -0.056547 -0.329851
v -0.315669 -0.021730 -0.345230
v -0.304278 -0.083730 -0.339981
v -0.329617 0.062969 -0.322892
v -0.319243 0.028563 -0.341557
v -0.352778 0.126209 -0.289817
v -0.313807 0.095463 -0.341056
v -0.305143 0.153375 -0.336932
v -0.307507 0.179772 -0.317663
v -0.282056 -0.318615 -0.098138
v -0.265990 0.374653 -0.112258
v -0.236097 0.403926 -0.087823
v -0.234540 0.406236 -0.038600
v -0.314022 -0.262666 -0.178073
v -0.259045 -0.313439 -0.175923
v -0.239249 -0.332266 -0.155531
v -0.242617 0.369557 -0.198526
v -0.221203 0.391964 -0.165336
v -0.229677 -0.262204 -0.288225
v -0.230835 -0.287928 -0.246663
v -0.163050 -0.289845 -0.299730
v -0.255437 0.298720 -0.274783
v -0.227993 0.341849 -0.263904
v -0.200316 0.380071 -0.234751
v -0.278128 -0.175990 -0.308112
v -0.229919 -0.175286 -0.359942
v -0.222054 -0.225887 -0.332026
v -0.183130 -0.200200 -0.372200
v -0.252457 -0.114809 -0.374674
v -0.211355 -0.052885 -0.426622
v -0.265603 0.151123 -0.370823
v -0.262186 0.109584 -0.382033
v -0.288599 0.249801 -0.299853
v -0.283151 0.214957 -0.327087
v -0.244606 0.205183 -0.363592
v -0.231608 0.253423 -0.349400
v -0.201585 0.308631 -0.317361
v -0.204201 -0.114719 -0.407331
v -0.270267 -0.024907 -0.381301
v -0.214686 0.006010 -0.420870
v -0.198022 -0.029319 -0.437526
v -0.272917 0.036281 -0.383270
v -0.256499 0.075532 -0.392475
v -0.198266 0.037353 -0.435178
v -0.193797 0.178073 -0.412206
v -0.168873 0.440973 -0.046777
v -0.158755 0.440218 -0.100546
v -0.181411 0.419805 -0.154885
v -0.131299 0.432087 -0.176544
v -0.088172 0.455078 -0.139142
v -0.204716 -0.318399 -0.238900
v -0.164195 -0.320974 -0.270231
v -0.160989 0.386686 -0.254638
v -0.141915 0.357890 -0.304587
v -0.087678 0.372678 -0.305925
v -0.117450 0.407774 -0.239091
v -0.065193 0.414299 -0.248862
v -0.151458 -0.268138 -0.332624
v -0.070935 -0.310815 -0.324504
v -0.175315 -0.228626 -0.361086
v -0.101586 -0.266403 -0.358829
v -0.188257 0.248593 -0.378991
v -0.168559 0.304409 -0.344912
v -0.192912 0.343152 -0.293389
v -0.103263 0.332808 -0.344117
v -0.195174 -0.171669 -0.389409
v -0.127163 -0.104564 -0.451529
v -0.124838 -0.165328 -0.425245
v -0.066750 -0.113085 -0.470964
v -0.158064 -0.080487 -0.448748
v -0.148872 -0.030317 -0.462175
v -0.143780 0.090237 -0.456226
v -0.125139 0.009268 -0.471833
v -0.148625 0.038050 -0.462904
v -0.122593 0.133797 -0.451037
v -0.203986 0.101782 -0.420801
v -0.184303 0.221493 -0.391967
v -0.145624 0.155922 -0.437771
v -0.129463 0.212680 -0.418040
v -0.113039 0.272968 -0.389144
v -0.081888 -0.050934 -0.481626
v -0.074473 -0.080180 -0.473687
v -0.069928 0.004523 -0.486984
v -0.076462 0.038286 -0.482829
v -0.073428 0.073988 -0.479156
v -0.068200 0.125831 -0.470722
v -0.054959 0.479475 -0.056150
v -0.012215 0.479853 -0.089110
v -0.045315 0.454979 -0.162946
v -0.003723 0.409624 -0.267201
v -0.059207 -0.331699 -0.292880
v -0.055427 -0.263522 -0.372724
v 0.010236 -0.288077 -0.353326
v 0.015374 -0.319143 -0.318405
v -0.047197 0.391101 -0.285212
v -0.027422 0.366972 -0.317677
v -0.061278 -0.210012 -0.411282
v -0.061905 -0.166200 -0.440742
v -0.115516 -0.216452 -0.393408
v 0.012841 -0.228318 -0.406043
v -0.010311 -0.165153 -0.442924
v -0.071013 -0.139732 -0.451881
v -0.057814 0.233182 -0.421668
v 0.007005 0.226130 -0.430554
v -0.062799 0.275501 -0.397863
v -0.106624 0.306039 -0.364282
v -0.033264 0.330511 -0.359458
v -0.003505 0.292322 -0.385337
v -0.011119 -0.112396 -0.478779
v -0.008242 -0.056256 -0.487018
v -0.006544 0.004144 -0.491939
v -0.001550 0.061117 -0.486619
v -0.068704 0.155653 -0.453304
v -0.007489 0.118662 -0.477417
v -0.005470 0.178038 -0.448408
v 0.117496 -0.392978 0.274387
v 0.150490 -0.370819 0.294919
v 0.175231 -0.345454 0.309803
v 0.141112 -0.389717 0.170759
v 0.164938 -0.377865 0.226665
v 0.196770 -0.348258 0.246336
v 0.185602 -0.365755 0.184767
v 0.201202 -0.364319 0.203381
v 0.145547 -0.398080 0.158190
v 0.155471 -0.419298 0.147325
v 0.176376 -0.363836 0.137116
v 0.192329 -0.394061 0.124825
v 0.194553 -0.373872 0.116301
v 0.190189 -0.415252 0.123549
v 0.208964 -0.379888 0.183870
v 0.230289 -0.352609 0.243372
v 0.223326 -0.377915 0.218756
v 0.205255 -0.412889 0.145505
v 0.197353 -0.359060 0.137119
v 0.209310 -0.369814 0.141682
v 0.227389 -0.372553 0.086959
v 0.255412 -0.368527 0.091063
v 0.270473 -0.373757 0.099384
v 0.274605 -0.336035 0.172101
v 0.280359 -0.380531 0.129924
v 0.265488 -0.404651 0.085124
v 0.231543 -0.437005 0.040347
v 0.232727 -0.431496 0.012159
v 0.217065 -0.365355 0.073246
v 0.221864 -0.377309 0.078673
v 0.228174 -0.418019 0.046452
v 0.228869 -0.363782 0.028528
v 0.230062 -0.402715 0.026258
v 0.239924 -0.371857 0.012937
v 0.258829 -0.345239 0.027567
v 0.247860 -0.398684 0.014062
v 0.277173 -0.392087 0.014752
v 0.290161 -0.326066 0.015693
v 0.293210 -0.392663 0.002781
v 0.068806 -0.228044 0.436490
v 0.048873 -0.209038 0.422262
v 0.078066 -0.183341 0.407698
v 0.064829 -0.102110 0.390517
v 0.068079 -0.141035 0.373862
v 0.081079 -0.154863 0.380997
v 0.089040 -0.140442 0.379595
v 0.087496 -0.106827 0.392166
v 0.037241 -0.078962 0.386648
v 0.068260 -0.013058 0.407570
v 0.069162 -0.058359 0.400809
v 0.110212 -0.027407 0.393827
v 0.009500 0.036250 0.414455
v 0.060649 0.038225 0.415000
v 0.068461 0.067282 0.428629
v 0.074213 0.023735 0.402637
v 0.077614 0.049987 0.407527
v 0.089162 -0.007394 0.401042
v 0.077624 0.124063 0.435345
v 0.091877 0.171684 0.391840
v 0.104650 0.088584 0.422311
v 0.119665 0.099411 0.423982
v 0.145520 0.124804 0.424655
v 0.067884 0.221093 0.368655
v 0.070682 0.188679 0.381723
v 0.129711 0.261996 0.329674
v 0.115095 0.299418 0.302553
v 0.059848 0.269930 0.338999
v 0.051453 0.328824 0.296231
v 0.042560 0.365921 0.265005
v 0.101125 0.383763 0.221370
v 0.048200 0.444609 0.139532
v 0.048516 0.479606 0.004937
v 0.019527 0.473600 0.037489
v 0.189355 -0.296023 0.353662
v 0.182099 -0.265544 0.369827
v 0.110424 -0.229705 0.423701
v 0.129669 -0.191666 0.394250
v 0.153076 -0.215163 0.393154
v 0.188877 -0.230757 0.360963
v 0.141048 -0.146125 0.364149
v 0.162533 -0.167011 0.354928
v 0.139455 -0.114281 0.379293
v 0.105537 -0.039486 0.402943
v 0.146394 -0.045042 0.390541
v 0.142663 -0.063287 0.392847
v 0.166050 -0.042933 0.368274
v 0.189135 -0.044481 0.369192
v 0.182513 -0.058129 0.382743
v 0.130442 0.096976 0.370425
v 0.155982 0.146547 0.409941
v 0.150924 0.111374 0.422824
v 0.176549 0.111906 0.398559
v 0.179273 0.121124 0.411070
v 0.213396 0.112123 0.392125
v 0.205811 0.132276 0.395006
v 0.141238 0.187843 0.368040
v 0.194719 0.168179 0.366562
v 0.148411 -0.328949 0.324227
v 0.175638 -0.323955 0.331451
v 0.193732 -0.334009 0.282227
v 0.208000 -0.240515 0.305523
v 0.208782 -0.291127 0.310787
v 0.188060 -0.194363 0.339508
v 0.204591 -0.195971 0.303917
v 0.217853 -0.085728 0.365354
v 0.196752 -0.170335 0.328155
v 0.174376 0.246511 0.321497
v 0.187127 0.213945 0.330959
v 0.222960 0.279834 0.269097
v 0.157553 0.294993 0.294597
v 0.223962 0.322123 0.223480
v 0.115381 0.410256 0.180434
v 0.100065 0.365723 0.248510
v 0.160830 0.383799 0.195517
v 0.206364 0.366357 0.186295
v 0.196356 0.331505 0.236172
v 0.099741 0.447293 0.113537
v 0.158090 0.444704 0.069755
v 0.170373 0.422862 0.115554
v 0.141388 0.454619 0.042164
v 0.181953 0.443487 0.006126
v 0.226687 -0.050145 0.370846
v 0.239025 0.124121 0.367951
v 0.234833 0.103330 0.369952
v 0.257217 0.151938 0.335959
v 0.227248 -0.283622 0.294181
v 0.217844 -0.330230 0.262191
v 0.254722 -0.297510 0.274293
v 0.254182 -0.268687 0.277524
v 0.219398 -0.250662 0.290972
v 0.217464 -0.220531 0.270433
v 0.229515 -0.192311 0.256147
v 0.242824 -0.111593 0.337371
v 0.231597 -0.164241 0.291051
v 0.209433 -0.135859 0.333904
v 0.256489 -0.134917 0.295521
v 0.292011 -0.132366 0.262361
v 0.310409 -0.088812 0.330664
v 0.242115 -0.026472 0.342074
v 0.250804 -0.006338 0.293485
v 0.282242 -0.080391 0.351575
v 0.277762 -0.023615 0.340251
v 0.265453 -0.011152 0.331367
v 0.274985 0.000783 0.321949
v 0.301461 -0.065362 0.342949
v 0.322486 -0.002536 0.284842
v 0.265186 0.066053 0.323345
v 0.256108 0.024802 0.274832
v 0.279873 0.017315 0.318309
v 0.276763 0.043461 0.321053
v 0.283392 0.073128 0.323945
v 0.288617 0.042954 0.318351
v 0.222984 0.094967 0.320822
v 0.251254 0.091479 0.355072
v 0.262931 0.077527 0.335021
v 0.267139 0.096096 0.344489
v 0.319322 0.131947 0.269134
v 0.316108 0.088947 0.291944
v 0.222513 0.240221 0.293210
v 0.248613 0.195264 0.312927
v 0.276626 0.223455 0.261594
v 0.304399 0.188465 0.261774
v 0.253731 -0.293290 0.258490
v 0.250650 -0.244841 0.252444
v 0.250530 -0.328965 0.254619
v 0.262014 -0.304766 0.182688
v 0.263651 -0.239264 0.177764
v 0.246452 -0.218962 0.231611
v 0.249504 -0.188902 0.231471
v 0.270656 -0.193140 0.191299
v 0.291048 -0.161288 0.221443
v 0.347588 -0.128987 0.198167
v 0.315335 0.245175 0.207090
v 0.259759 0.297922 0.218166
v 0.282889 0.252075 0.237563
v 0.269991 0.316005 0.182026
v 0.237616 -0.342440 0.082692
v 0.258015 -0.275932 0.165011
v 0.253996 -0.307800 0.118375
v 0.262914 -0.266970 0.136804
v 0.269525 -0.327188 0.138780
v 0.281250 -0.215799 0.161200
v 0.311529 -0.232123 0.114764
v 0.328086 -0.244539 0.078398
v 0.341453 0.297290 0.086202
v 0.224297 0.406646 0.085783
v 0.241346 0.373595 0.147204
v 0.262549 0.376166 0.110488
v 0.297982 0.335976 0.120998
v 0.246281 -0.332347 0.065448
v 0.255628 -0.335096 0.039367
v 0.291607 -0.280283 0.065578
v 0.304680 -0.296817 0.018932
v 0.244410 0.410160 0.012691
v 0.278105 0.384858 0.013258
v 0.300325 0.366759 0.042193
v 0.328659 -0.092774 0.302625
v 0.338140 -0.050517 0.303536
v 0.331825 -0.068609 0.317746
v 0.349824 -0.078735 0.283677
v 0.323838 0.047846 0.286850
v 0.363170 -0.167977 0.130514
v 0.366708 -0.048965 0.248507
v 0.384222 -0.071951 0.202013
v 0.392106 -0.035971 0.171573
v 0.365422 -0.015009 0.234720
v 0.388611 0.019897 0.172860
v 0.354072 0.068367 0.242753
v 0.350649 0.127723 0.227538
v 0.368752 0.134869 0.177175
v 0.381601 0.075078 0.165610
v 0.339874 0.184044 0.215914
v 0.341429 0.202757 0.199130
v 0.355034 0.220742 0.160846
v 0.330659 -0.204031 0.130261
v 0.380353 -0.167313 0.101338
v 0.376585 -0.098425 0.197150
v 0.379864 -0.128377 0.154414
v 0.426176 -0.100325 0.112176
v 0.401617 -0.132134 0.098203
v 0.429250 -0.084407 0.110925
v 0.405041 0.035804 0.085260
v 0.395586 0.073024 0.063077
v 0.388092 0.115059 0.057315
v 0.372254 0.174101 0.126786
v 0.374843 0.218527 0.100927
v 0.339256 0.273434 0.139701
v 0.369430 0.257057 0.078258
v 0.330977 0.317659 0.077055
v 0.329936 -0.262737 0.021694
v 0.364032 -0.225472 0.030967
v 0.392976 -0.170437 0.040781
v 0.423068 -0.117046 0.043318
v 0.391984 0.164836 0.043024
v 0.390903 0.211231 0.029544
v 0.374146 0.278964 -0.034168
v 0.349737 0.311683 0.023025
v 0.427578 -0.061667 0.106523
v 0.417667 -0.019809 0.085757
v 0.446808 -0.085657 0.046896
v 0.431449 -0.039458 0.064808
v 0.441684 -0.063933 -0.027643
v 0.443837 -0.008361 -0.019871
v 0.427700 0.035219 0.016295
v 0.435712 0.057803 -0.041922
v 0.408942 0.138151 -0.021452
v -0.004822 -0.480922 -0.120947
v -0.004087 -0.423024 -0.148811
v 0.033737 -0.460655 -0.133504
v 0.061178 -0.418716 -0.144872
v 0.084408 -0.461563 -0.122766
v 0.040102 -0.403097 -0.166818
v 0.109779 -0.395383 -0.150576
v 0.088811 -0.377651 -0.205048
v 0.101781 -0.340403 -0.263350
v 0.183882 -0.414219 -0.089177
v 0.213322 -0.445950 -0.027539
v 0.127110 -0.452786 -0.110566
v 0.104563 -0.410246 -0.135770
v 0.149413 -0.389818 -0.130225
v 0.160772 -0.397083 -0.110703
v 0.176424 -0.381047 -0.112540
v 0.238982 -0.325823 -0.182088
v 0.158187 -0.351801 -0.222971
v 0.217580 -0.427193 -0.052351
v 0.209101 -0.416366 -0.062471
v 0.209939 -0.378995 -0.057059
v 0.226740 -0.388746 -0.046887
v 0.224309 -0.414378 -0.061559
v 0.220963 -0.366055 -0.066097
v 0.238279 -0.348591 -0.103140
v 0.249414 -0.363389 -0.085979
v 0.237496 -0.382750 -0.053105
v 0.253842 -0.386675 -0.082457
v 0.249294 -0.417049 -0.097493
v 0.274552 -0.387057 -0.093167
v 0.279538 -0.337279 -0.090441
v 0.304673 -0.394520 -0.024716
v 0.305638 -0.343028 -0.018726
v 0.297082 -0.344300 -0.071195
v 0.306771 -0.377250 -0.062739
v 0.038742 0.469818 -0.124119
v 0.106189 0.462399 -0.103802
v 0.069138 0.476302 -0.058261
v 0.116756 0.466681 -0.045349
v 0.002064 0.441452 -0.199813
v 0.106918 0.402420 -0.249019
v 0.058415 0.433280 -0.212768
v 0.057315 0.402025 -0.272058
v 0.071091 -0.289405 -0.345161
v 0.080855 -0.323315 -0.301420
v 0.087443 -0.258247 -0.366756
v 0.100780 0.311129 -0.357115
v 0.070216 0.370612 -0.300728
v 0.057720 -0.233187 -0.400342
v 0.090913 -0.167542 -0.436219
v 0.145512 -0.166827 -0.427748
v 0.069368 -0.138689 -0.460346
v 0.061392 0.213376 -0.433259
v 0.064981 0.180609 -0.443255
v 0.127879 0.220199 -0.413298
v 0.069222 0.272989 -0.391310
v 0.055389 0.307764 -0.372555
v 0.119659 0.277107 -0.377242
v 0.071378 -0.086556 -0.479038
v 0.080415 -0.021640 -0.484901
v 0.100983 -0.056807 -0.476855
v 0.072370 0.032196 -0.485582
v 0.074556 0.068115 -0.478566
v 0.067028 0.154463 -0.460316
v 0.066772 0.096839 -0.477732
v 0.194990 0.433762 -0.097102
v 0.117597 0.435241 -0.180465
v 0.150578 0.439372 -0.142137
v 0.187147 0.401641 -0.194701
v 0.209007 0.404746 -0.168304
v 0.139232 -0.321331 -0.277025
v 0.213769 -0.310749 -0.233176
v 0.127290 0.381952 -0.264760
v 0.162376 -0.260771 -0.342439
v 0.182012 -0.286885 -0.293875
v 0.131368 -0.232049 -0.381075
v 0.151352 0.296209 -0.343935
v 0.210172 0.292645 -0.310996
v 0.166481 0.363300 -0.273958
v 0.169188 0.324433 -0.309908
v 0.184665 -0.205034 -0.382464
v 0.197210 -0.153519 -0.411065
v 0.146407 -0.111072 -0.452561
v 0.214346 -0.092926 -0.424269
v 0.142097 -0.078617 -0.461413
v 0.156021 -0.050807 -0.463832
v 0.214217 -0.005236 -0.434721
v 0.173172 0.065756 -0.455798
v 0.136917 0.162982 -0.436629
v 0.133163 0.093205 -0.463241
v 0.191971 0.216604 -0.390614
v 0.205991 0.186796 -0.394857
v 0.173610 0.270788 -0.361224
v 0.175321 0.243740 -0.376383
v 0.139809 0.050484 -0.468820
v 0.150578 0.007096 -0.468337
v 0.295237 -0.311095 -0.099998
v 0.271985 0.391043 -0.065359
v 0.313269 0.355964 -0.016703
v 0.291507 0.356544 -0.123281
v 0.246707 0.413273 -0.044130
v 0.288885 -0.288929 -0.172813
v 0.268800 0.359780 -0.168119
v 0.228684 0.408451 -0.125630
v 0.240388 -0.282327 -0.246211
v 0.314365 -0.206837 -0.256646
v 0.298648 0.292570 -0.219246
v 0.217287 0.359157 -0.240536
v 0.245650 0.357667 -0.209658
v 0.229912 -0.204371 -0.348813
v 0.227098 -0.238708 -0.320787
v 0.275151 -0.215928 -0.296555
v 0.271408 -0.180197 -0.328991
v 0.246207 -0.149220 -0.378514
v 0.272352 -0.048647 -0.396266
v 0.278878 0.126020 -0.372874
v 0.233502 0.219975 -0.360971
v 0.290340 0.194603 -0.320944
v 0.286927 0.228216 -0.310171
v 0.244133 0.294594 -0.277165
v 0.222462 0.264825 -0.334822
v 0.269628 0.265759 -0.293382
v 0.261860 -0.098338 -0.389875
v 0.214170 -0.051277 -0.437026
v 0.271240 -0.014524 -0.398159
v 0.208856 0.067550 -0.437166
v 0.262840 0.040456 -0.402446
v 0.322307 0.008313 -0.357977
v 0.211548 0.164101 -0.405093
v 0.259626 0.080062 -0.399433
v 0.318788 -0.293483 -0.013586
v 0.313772 -0.330409 -0.049017
v 0.319049 -0.292160 -0.062722
v 0.347729 -0.252099 -0.023966
v 0.338357 -0.267463 -0.080284
v 0.342222 -0.250271 -0.118978
v 0.374856 -0.216102 -0.066669
v 0.406862 -0.161589 -0.029574
v 0.401322 -0.167965 -0.080813
v 0.411787 0.153341 -0.064002
v 0.395327 0.218792 -0.037048
v 0.393444 0.227215 -0.096117
v 0.367703 0.284055 -0.083335
v 0.337079 0.334001 -0.061762
v 0.285820 -0.258135 -0.234795
v 0.334755 -0.231348 -0.191364
v 0.361859 -0.218554 -0.139940
v 0.369336 -0.166538 -0.207404
v 0.397154 -0.140581 -0.161263
v 0.386781 -0.107738 -0.223099
v 0.402062 0.179368 -0.159274
v 0.393681 0.208216 -0.157439
v 0.292799 0.320049 -0.200037
v 0.334969 0.309266 -0.150280
v 0.332032 0.280405 -0.192265
v 0.362122 0.268599 -0.141814
v 0.319556 -0.173139 -0.270238
v 0.343448 -0.142394 -0.276368
v 0.356719 -0.088714 -0.286664
v 0.363388 -0.025256 -0.297814
v 0.396210 -0.036342 -0.230195
v 0.399173 0.072556 -0.234298
v 0.352139 0.154581 -0.281432
v 0.361243 0.100234 -0.291791
v 0.383408 0.153683 -0.226928
v 0.351716 0.250797 -0.201285
v 0.332028 0.217508 -0.268536
v 0.340446 0.185418 -0.269129
v 0.367652 0.207113 -0.216171
v 0.306465 0.267993 -0.248058
v 0.308204 -0.117051 -0.341566
v 0.321631 -0.077317 -0.333191
v 0.318396 -0.051541 -0.347127
v 0.367864 0.027977 -0.293748
v 0.329091 0.047310 -0.341317
v 0.315166 0.128283 -0.340110
v 0.320776 0.078292 -0.346894
v 0.410323 -0.135064 -0.112847
v 0.437075 -0.105274 -0.036360
v 0.430708 -0.106986 -0.085948
v 0.436505 -0.044451 -0.106463
v 0.448979 0.008959 -0.061593
v 0.438802 0.043890 -0.091376
v 0.425948 0.123518 -0.068019
v 0.431901 0.086824 -0.103836
v 0.418973 -0.083621 -0.162658
v 0.415495 -0.052862 -0.177380
v 0.429567 -0.024711 -0.161065
v 0.419126 0.064367 -0.169111
v 0.432925 0.026984 -0.147061
v 0.444786 0.006786 -0.101483
v 0.414181 0.122551 -0.164779
v 0.418801 0.148040 -0.118872
v 0.412216 0.157385 -0.159721
v 0.421849 0.096382 -0.164817
v 0.406269 0.035162 -0.221376
vn -0.2992 0.5356 0.7897
vn -0.0160 0.4959 0.8683
vn 0.1835 0.2709 0.9449
vn 0.8693 -0.3522 0.3467
vn -0.1623 -0.4482 0.8791
vn -0.5448 0.4265 0.7220
vn -0.9359 0.3510 0.0302
vn -0.7423 0.3829 -0.5498
vn -0.2966 0.3005 -0.9065
vn -0.6810 0.1538 -0.7160
vn -0.5665 0.1013 -0.8178
vn 0.9165 -0.3601 0.1745
vn 0.6834 -0.7159 -0.1431
vn 0.2766 -0.9516 -0.1341
vn 0.8364 -0.0222 0.5476
vn 0.3148 -0.7878 0.5294
vn 0.0746 -0.0393 0.9964
vn -0.8381 0.3069 -0.4510
vn -0.5737 -0.8108 0.1161
vn -0.7606 -0.6283 0.1632
vn -0.5589 -0.1919 0.8067
vn -0.7780 -0.2963 0.5540
vn -0.6597 -0.3245 0.6778
vn -0.3559 0.4332 -0.8281
vn -0.1006 -0.3211 0.9417
vn -0.1343 -0.2819 0.9500
vn -0.2808 -0.3973 0.8737
vn -0.7943 -0.2832 0.5375
vn -0.9895 -0.0910 0.1127
vn -0.7971 -0.3273 0.5075
vn -0.9030 0.1428 -0.4052
vn -0.9308 -0.3374 -0.1403
vn -0.6743 -0.5495 0.4933
vn -0.4347 -0.8940 0.1085
vn -0.7188 -0.4901 0.4931
vn -0.6378 -0.5536 0.5355
vn -0.5013 -0.8575 -0.1157
vn -0.5123 -0.8580 0.0377
vn -0.6149 -0.7084 0.3465
vn 0.1908 -0.0384 0.9809
vn -0.2635 -0.0558 0.9630
vn 0.2750 0.1155 0.9545
vn 0.1663 -0.1118 0.9797
vn -0.4267 -0.9043 -0.0122
vn -0.4975 -0.4640 0.7329
vn -0.7448 -0.5285 0.4074
vn -0.7670 -0.5602 0.3129
vn -0.9214 -0.1804 0.3442
vn -0.9222 0.2799 0.2667
vn -0.9502 0.1823 0.2527
vn -0.9455 0.1901 0.2645
vn -0.9339 -0.3494 0.0754
vn -0.8614 -0.4811 0.1631
vn -0.9869 0.1022 0.1251
vn -0.9790 -0.1863 -0.0834
vn -0.9975 -0.0150 0.0687
vn -0.9794 0.1168 0.1645
vn -0.9434 0.1706 0.2846
vn -0.9460 0.2696 0.1798
vn -0.9494 0.2469 0.1940
vn -0.5345 -0.6595 0.5286
vn -0.4711 -0.7673 0.4351
vn -0.7851 -0.3735 0.4940
vn -0.8007 0.0809 0.5936
vn -0.6446 -0.2576 0.7198
vn -0.6470 0.1351 0.7504
vn -0.7249 0.0037 0.6888
vn -0.7468 0.1527 0.6472
vn -0.8160 -0.3032 0.4922
vn -0.5433 -0.6398 0.5436
vn -0.8792 0.1108 0.4634
vn -0.8380 -0.2239 0.4977
vn -0.6841 -0.5678 0.4578
vn -0.8563 0.1140 0.5038
vn -0.8666 0.0896 0.4909
vn -0.8373 0.0923 0.5389
vn -0.9384 0.1799 0.2949
vn -0.8713 0.2221 0.4375
vn -0.8350 0.1603 0.5264
vn -0.8704 0.1702 0.4620
vn -0.7691 0.2360 0.5940
vn -0.9180 0.2418 0.3143
vn -0.8220 0.3342 0.4612
vn -0.7827 0.3873 0.4873
vn -0.6006 -0.6124 0.5141
vn -0.5879 -0.6194 0.5203
vn -0.6962 -0.5625 0.4461
vn -0.5953 -0.6179 0.5136
vn -0.9171 0.1311 0.3766
vn -0.9439 0.1531 0.2928
vn -0.9325 0.2918 0.2130
vn -0.9660 0.1674 0.1970
vn -0.9182 0.3163 0.2384
vn -0.8281 0.5268 0.1916
vn -0.8304 0.4358 0.3472
vn -0.7203 0.6157 0.3195
vn -0.6869 -0.6897 0.2292
vn -0.7776 -0.6052 0.1704
vn -0.7704 -0.5407 0.3378
vn -0.6319 -0.6769 0.3775
vn -0.8802 -0.4514 0.1469
vn -0.9541 0.2180 0.2053
vn -0.9582 0.2208 0.1818
vn -0.9511 0.2005 0.2351
vn -0.9320 0.3285 0.1535
vn -0.8754 0.4805 0.0523
vn -0.7644 0.6444 0.0199
vn -0.7635 0.6315 0.1353
vn -0.3561 0.1568 0.9212
vn -0.3101 -0.1404 0.9403
vn -0.6971 -0.0380 0.7160
vn -0.6200 0.3399 0.7071
vn -0.4541 0.5273 0.7182
vn -0.4957 0.3988 0.7715
vn -0.8024 -0.0978 0.5887
vn -0.7131 -0.2154 0.6671
vn -0.8509 0.1796 0.4937
vn -0.4052 -0.6315 0.6610
vn -0.4788 -0.6786 0.5570
vn -0.4156 -0.5963 0.6868
vn -0.5412 0.1516 0.8271
vn -0.6711 0.3532 0.6518
vn -0.3544 -0.2721 0.8946
vn -0.5619 0.0921 0.8221
vn -0.4507 0.4074 0.7943
vn -0.5840 -0.0830 0.8075
vn -0.5223 -0.1583 0.8380
vn -0.0779 -0.3746 0.9239
vn -0.7084 0.1452 0.6907
vn -0.5683 -0.1279 0.8128
vn -0.6253 0.3865 0.6779
vn -0.6675 0.4818 0.5677
vn -0.4070 0.5170 0.7530
vn -0.5374 0.4747 0.6970
vn -0.5299 0.4629 0.7106
vn -0.9178 -0.3393 0.2063
vn -0.9907 -0.1337 0.0265
vn -0.1541 -0.9410 0.3014
vn -0.4106 -0.8864 0.2138
vn -0.9595 -0.1565 0.2341
vn -0.9409 -0.1896 0.2807
vn -0.3840 -0.8863 0.2588
vn -0.8638 0.1522 0.4802
vn -0.7521 -0.4291 0.5003
vn -0.8030 -0.1503 0.5768
vn -0.5890 -0.6102 0.5298
vn -0.5638 -0.6600 0.4965
vn -0.6254 0.4965 0.6019
vn -0.6944 0.5470 0.4675
vn -0.6594 0.5079 0.5543
vn -0.6460 0.6316 0.4285
vn -0.4729 0.6541 0.5904
vn -0.5640 0.6655 0.4889
vn -0.5402 0.7230 0.4308
vn -0.6237 -0.6768 0.3912
vn -0.9069 0.3043 0.2915
vn -0.9567 0.2642 -0.1224
vn -0.8771 -0.4221 0.2290
vn -0.9807 -0.1953 -0.0068
vn -0.7672 -0.3675 -0.5256
vn -0.6748 -0.5435 0.4992
vn -0.7046 0.6678 0.2400
vn -0.6377 0.7106 0.2973
vn -0.4474 0.8711 0.2023
vn -0.7326 -0.6043 0.3132
vn -0.6581 -0.5992 0.4558
vn -0.3276 -0.5003 0.8015
vn -0.7478 -0.6038 0.2761
vn -0.6319 0.7733 -0.0518
vn -0.5881 0.7933 0.1573
vn -0.5951 0.8013 0.0615
vn -0.8124 -0.4695 0.3457
vn -0.7777 0.1791 0.6026
vn -0.7197 0.3941 0.5717
vn -0.5628 0.4080 0.7189
vn -0.4890 0.5440 0.6819
vn -0.4048 0.4709 0.7839
vn -0.3079 0.6292 0.7137
vn 0.1872 -0.1997 0.9618
vn -0.3521 0.1466 0.9244
vn -0.3397 0.1157 0.9334
vn -0.3971 0.5230 0.7542
vn -0.3386 0.1252 0.9326
vn -0.1983 -0.0676 0.9778
vn -0.3682 0.4759 0.7987
vn -0.3394 -0.1256 0.9322
vn -0.3032 -0.7320 0.6101
vn -0.1911 0.6102 0.7689
vn -0.3061 -0.5370 0.7861
vn -0.0671 0.5554 0.8289
vn -0.2226 0.5664 0.7935
vn -0.9190 -0.1039 0.3803
vn -0.7607 -0.6182 0.1977
vn -0.5508 -0.8306 -0.0823
vn -0.8751 0.2143 0.4339
vn -0.8448 0.2093 0.4924
vn -0.9021 -0.0032 0.4316
vn -0.8100 -0.2450 0.5329
vn -0.5839 0.0963 0.8061
vn -0.3571 -0.4052 0.8416
vn -0.6262 -0.1606 0.7629
vn -0.2406 -0.2923 0.9256
vn -0.3848 -0.0822 0.9193
vn -0.3979 0.5013 0.7684
vn -0.3830 0.4947 0.7801
vn -0.2332 0.4791 0.8462
vn -0.3556 0.4869 0.7978
vn -0.3165 0.6674 0.6741
vn -0.1506 0.6137 0.7750
vn -0.2594 0.7139 0.6505
vn -0.7478 0.3468 0.5662
vn -0.4191 0.7275 0.5432
vn -0.3752 0.7367 0.5626
vn -0.2790 0.8530 0.4410
vn -0.4136 0.8542 0.3152
vn -0.3457 0.8996 0.2668
vn -0.2067 0.9103 0.3588
vn -0.4400 0.8862 0.1452
vn -0.3239 0.9016 0.2868
vn -0.3213 0.9396 0.1183
vn -0.0490 0.7159 0.6964
vn 0.1422 0.3890 0.9102
vn 0.0863 -0.2886 0.9535
vn 0.6738 0.5198 0.5252
vn 0.0441 -0.1709 0.9843
vn 0.1766 -0.2203 0.9593
vn -0.0268 -0.2532 0.9670
vn 0.6963 0.6698 0.2578
vn -0.3697 0.0195 0.9290
vn -0.1943 -0.2237 0.9551
vn -0.2034 -0.3701 0.9065
vn -0.1323 -0.1612 0.9780
vn -0.1267 -0.3347 0.9338
vn -0.1861 -0.1131 0.9760
vn -0.0444 -0.2314 0.9718
vn -0.0035 0.2658 0.9640
vn -0.0934 0.6119 0.7854
vn -0.1092 0.4341 0.8942
vn -0.1126 0.4953 0.8614
vn 0.0202 0.5323 0.8463
vn 0.0080 0.4957 0.8684
vn 0.6535 -0.2849 0.7013
vn -0.1077 0.6890 0.7167
vn 0.0030 0.5988 0.8009
vn 0.0054 0.6875 0.7261
vn -0.1640 0.8228 0.5441
vn -0.0361 0.8286 0.5587
vn 0.0886 0.8278 0.5540
vn -0.2307 0.9478 0.2202
vn -0.0751 0.9117 0.4040
vn -0.1000 0.9604 0.2602
vn -0.1709 0.9774 0.1244
vn -0.0241 0.9982 0.0542
vn -0.9346 -0.2096 0.2874
vn -0.9603 -0.2672 -0.0799
vn -0.9150 -0.1752 -0.3635
vn -0.7278 -0.0527 -0.6838
vn 0.7017 0.3708 -0.6084
vn -0.4529 -0.8760 -0.1658
vn -0.4068 -0.8122 -0.4181
vn -0.9570 -0.1667 0.2373
vn 0.0075 -0.0024 -1.0000
vn 0.6704 0.0621 -0.7394
vn 0.2670 -0.5508 -0.7908
vn 0.7226 0.1228 -0.6802
vn 0.4569 -0.4260 -0.7809
vn 0.4456 0.0996 -0.8897
vn -0.0111 -0.1242 -0.9922
vn 0.0050 -0.9048 -0.4258
vn -0.5858 -0.2494 -0.7711
vn -0.5121 -0.4863 -0.7080
vn -0.4510 -0.8324 -0.3219
vn -0.4457 -0.3297 -0.8322
vn -0.4227 -0.8249 -0.3754
vn -0.4713 -0.8443 -0.2551
vn -0.6459 -0.3540 -0.6765
vn -0.4106 -0.5292 -0.7425
vn -0.5766 -0.7723 -0.2664
vn -0.5588 -0.4062 -0.7230
vn -0.3936 -0.4145 -0.8205
vn -0.4775 -0.6372 -0.6050
vn -0.3405 -0.8939 -0.2915
vn -0.2953 -0.8385 -0.4580
vn -0.3079 -0.5022 -0.8081
vn -0.1515 -0.9130 -0.3789
vn -0.3422 -0.8573 -0.3846
vn -0.1668 -0.8403 -0.5158
vn -0.2412 -0.4820 -0.8423
vn -0.1487 -0.3255 -0.9338
vn -0.1108 -0.8010 -0.5884
vn 0.0029 -0.8576 -0.5143
vn -0.0062 -0.8954 -0.4453
vn -0.8942 -0.4457 -0.0419
vn -0.8928 -0.4356 -0.1150
vn -0.9637 -0.1936 -0.1838
vn -0.8700 -0.4703 -0.1480
vn -0.9981 -0.0605 0.0081
vn -0.9834 -0.1272 -0.1295
vn -0.9660 -0.1342 -0.2211
vn -0.9629 0.2571 0.0823
vn -0.9859 0.1201 -0.1168
vn -0.9814 0.1579 -0.1088
vn -0.9908 0.1287 0.0412
vn -0.9495 0.3110 -0.0424
vn -0.9602 0.2610 0.0994
vn -0.9460 0.3160 -0.0723
vn -0.9087 -0.2439 -0.3387
vn -0.9410 -0.1112 -0.3195
vn -0.9445 -0.1412 -0.2967
vn -0.9380 -0.1608 -0.3070
vn -0.9361 -0.0674 -0.3451
vn -0.9436 0.1131 -0.3112
vn -0.8876 0.0104 -0.4604
vn -0.9393 0.2291 -0.2554
vn -0.9480 0.1064 -0.3000
vn -0.9150 0.3544 -0.1928
vn -0.8819 -0.1388 -0.4505
vn -0.8808 0.1226 -0.4574
vn -0.8586 0.2885 -0.4237
vn -0.8209 -0.5355 -0.1984
vn -0.8317 -0.5535 0.0451
vn -0.8347 -0.2741 -0.4777
vn -0.8278 -0.5609 -0.0050
vn -0.8347 -0.5438 -0.0866
vn -0.7185 -0.6635 -0.2086
vn -0.9603 0.2746 0.0484
vn -0.9166 0.3870 -0.1005
vn -0.7029 0.7071 -0.0768
vn -0.7992 -0.5348 -0.2742
vn -0.7434 -0.5310 -0.4066
vn -0.7397 -0.5791 -0.3427
vn -0.8473 -0.4398 -0.2977
vn -0.8662 -0.2759 -0.4166
vn -0.8870 0.3936 -0.2415
vn -0.8185 0.4148 -0.3976
vn -0.8046 0.5449 -0.2358
vn -0.7541 0.6169 -0.2251
vn -0.6989 0.6302 -0.3383
vn -0.7379 0.5792 -0.3466
vn -0.6990 0.6627 -0.2688
vn -0.7047 -0.4589 -0.5412
vn -0.6537 -0.6187 -0.4358
vn -0.6564 -0.5289 -0.5380
vn -0.8031 -0.3964 -0.4448
vn -0.7944 -0.2840 -0.5369
vn -0.6894 -0.4430 -0.5731
vn -0.6768 -0.3886 -0.6252
vn -0.7829 -0.1793 -0.5958
vn -0.8002 -0.0251 -0.5992
vn -0.8074 0.0671 -0.5862
vn -0.7620 0.3421 -0.5499
vn -0.7214 0.4775 -0.5015
vn -0.6382 0.6209 -0.4551
vn -0.7707 -0.3043 -0.5599
vn -0.6585 -0.4056 -0.6340
vn -0.7166 -0.1975 -0.6689
vn -0.6837 -0.1294 -0.7182
vn -0.6995 -0.1969 -0.6870
vn -0.7261 0.0393 -0.6865
vn -0.7108 0.0749 -0.6994
vn -0.7875 0.2114 -0.5790
vn -0.6990 0.0576 -0.7128
vn -0.6657 0.2984 -0.6840
vn -0.6912 0.3554 -0.6292
vn -0.6216 -0.6712 -0.4038
vn -0.6243 0.7681 -0.1423
vn -0.5627 0.8203 -0.1019
vn -0.5510 0.8343 0.0204
vn -0.7105 -0.5806 -0.3976
vn -0.5811 -0.7402 -0.3381
vn -0.5610 -0.8071 -0.1842
vn -0.5593 0.7639 -0.3220
vn -0.5020 0.8277 -0.2507
vn -0.4860 -0.6885 -0.5383
vn -0.5150 -0.6945 -0.5024
vn -0.3900 -0.6806 -0.6203
vn -0.5867 0.5915 -0.5531
vn -0.5599 0.6394 -0.5270
vn -0.4408 0.7965 -0.4138
vn -0.6596 -0.4376 -0.6111
vn -0.5739 -0.4537 -0.6817
vn -0.5183 -0.5454 -0.6587
vn -0.4238 -0.5153 -0.7449
vn -0.6008 -0.3114 -0.7363
vn -0.5573 -0.1663 -0.8135
vn -0.5996 0.2465 -0.7614
vn -0.5892 0.1538 -0.7932
vn -0.6434 0.5126 -0.5685
vn -0.6567 0.3372 -0.6746
vn -0.5647 0.3503 -0.7473
vn -0.5207 0.5017 -0.6908
vn -0.5077 0.5942 -0.6238
vn -0.4862 -0.3340 -0.8075
vn -0.6305 -0.1072 -0.7688
vn -0.5575 0.0023 -0.8301
vn -0.5159 0.0060 -0.8566
vn -0.6354 0.0284 -0.7717
vn -0.5954 0.1063 -0.7964
vn -0.5140 0.0070 -0.8578
vn -0.4352 0.3165 -0.8429
vn -0.3960 0.9182 -0.0097
vn -0.3633 0.9211 -0.1398
vn -0.4166 0.8744 -0.2486
vn -0.2775 0.9054 -0.3213
vn -0.2269 0.9413 -0.2499
vn -0.5037 -0.7041 -0.5006
vn -0.3833 -0.7173 -0.5819
vn -0.3105 0.8182 -0.4840
vn -0.2792 0.7330 -0.6203
vn -0.1386 0.7783 -0.6124
vn -0.2163 0.8639 -0.4549
vn -0.1491 0.8558 -0.4953
vn -0.3531 -0.6966 -0.6246
vn -0.1604 -0.7702 -0.6173
vn -0.3987 -0.5568 -0.7287
vn -0.2522 -0.6544 -0.7129
vn -0.3900 0.4627 -0.7962
vn -0.3508 0.6150 -0.7062
vn -0.4375 0.6674 -0.6026
vn -0.1900 0.6660 -0.7214
vn -0.4577 -0.4658 -0.7573
vn -0.3462 -0.3355 -0.8761
vn -0.3131 -0.4676 -0.8266
vn -0.1968 -0.3394 -0.9198
vn -0.4021 -0.2870 -0.8695
vn -0.3858 -0.0723 -0.9197
vn -0.3813 0.2124 -0.8997
vn -0.3316 0.0029 -0.9434
vn -0.4078 0.0401 -0.9122
vn -0.2950 0.3006 -0.9070
vn -0.4885 0.1685 -0.8562
vn -0.4025 0.3964 -0.8251
vn -0.3256 0.2453 -0.9132
vn -0.2338 0.4223 -0.8758
vn -0.2185 0.5428 -0.8109
vn -0.1993 -0.1700 -0.9651
vn -0.1996 -0.2220 -0.9544
vn -0.1630 0.0106 -0.9866
vn -0.1812 0.1013 -0.9782
vn -0.1763 0.1453 -0.9735
vn -0.1684 0.3336 -0.9275
vn -0.1948 0.9793 -0.0554
vn -0.0336 0.9842 -0.1741
vn -0.1022 0.9340 -0.3423
vn -0.0027 0.8428 -0.5382
vn -0.1022 -0.8325 -0.5446
vn -0.1145 -0.6294 -0.7686
vn 0.0292 -0.6993 -0.7142
vn 0.0351 -0.8068 -0.5898
vn -0.0986 0.8041 -0.5862
vn -0.0052 0.7528 -0.6582
vn -0.1314 -0.6268 -0.7680
vn -0.1120 -0.4868 -0.8663
vn -0.2542 -0.5659 -0.7843
vn 0.0032 -0.5906 -0.8070
vn -0.0250 -0.5350 -0.8445
vn -0.1328 -0.5174 -0.8454
vn -0.1160 0.4357 -0.8926
vn 0.0107 0.4595 -0.8881
vn -0.0898 0.5844 -0.8065
vn -0.1907 0.6101 -0.7690
vn -0.0438 0.6546 -0.7547
vn 0.0140 0.5689 -0.8223
vn -0.0463 -0.3513 -0.9351
vn -0.0229 -0.1205 -0.9924
vn -0.0110 0.0055 -0.9999
vn -0.0059 0.1246 -0.9922
vn -0.1479 0.4391 -0.8862
vn -0.0172 0.2902 -0.9568
vn -0.0283 0.4074 -0.9128
vn 0.4645 -0.8655 0.1877
vn 0.5046 -0.7934 0.3404
vn 0.4935 -0.6902 0.5293
vn 0.6546 -0.7368 0.1691
vn 0.5781 -0.8053 0.1318
vn 0.2979 -0.8624 0.4094
vn 0.0854 -0.9959 0.0289
vn -0.4399 -0.8107 0.3862
vn 0.7058 -0.2316 0.6695
vn 0.5803 -0.1309 0.8038
vn 0.5480 -0.7414 0.3874
vn -0.0823 0.2521 0.9642
vn -0.1507 -0.2094 0.9662
vn -0.0729 -0.0526 0.9960
vn -0.7364 -0.6695 0.0973
vn -0.0895 -0.7242 0.6838
vn -0.6798 -0.5079 0.5291
vn -0.9173 0.1244 0.3784
vn -0.2798 -0.9316 0.2319
vn -0.9126 -0.3690 0.1759
vn 0.5100 0.1099 -0.8531
vn 0.4514 0.2645 -0.8522
vn 0.7907 0.2763 -0.5462
vn 0.9470 0.3155 -0.0606
vn 0.9574 0.1694 -0.2337
vn 0.5658 0.3634 -0.7401
vn 0.9770 0.1158 0.1791
vn 0.5841 -0.3128 0.7490
vn 0.9501 -0.2560 -0.1784
vn 0.7745 0.3726 -0.5111
vn 0.9714 0.2364 -0.0207
vn 0.8056 -0.3828 0.4521
vn 0.8716 -0.0313 0.4892
vn 0.3611 -0.2418 0.9006
vn 0.3823 -0.4633 0.7995
vn 0.3492 0.0026 0.9370
vn 0.2766 -0.1441 0.9501
vn 0.6741 -0.3092 0.6708
vn 0.8007 -0.0892 0.5923
vn 0.1374 0.5161 0.8455
vn -0.0693 0.5503 0.8321
vn 0.2325 0.5605 0.7948
vn -0.1156 -0.2166 0.9694
vn -0.2605 -0.0880 0.9615
vn 0.1396 0.3493 0.9266
vn 0.0363 -0.1783 0.9833
vn 0.0546 -0.2648 0.9628
vn -0.2229 -0.1981 0.9545
vn 0.0634 -0.0911 0.9938
vn -0.1261 -0.1605 0.9789
vn 0.4599 0.4598 0.7596
vn -0.0415 -0.3461 0.9373
vn 0.2872 -0.2942 0.9116
vn 0.2554 -0.3882 0.8855
vn 0.5723 -0.0464 0.8187
vn 0.5444 -0.4362 0.7165
vn 0.3032 0.1658 0.9384
vn 0.1053 0.2823 0.9535
vn 0.0870 0.6555 0.7502
vn 0.5315 -0.7701 0.3527
vn 0.3551 -0.4999 0.7899
vn 0.2207 0.2103 0.9524
vn 0.1348 0.4529 0.8813
vn 0.1010 0.4809 0.8710
vn 0.2506 0.5405 0.8031
vn 0.1802 0.6136 0.7688
vn 0.0993 0.6272 0.7725
vn 0.1336 0.5689 0.8115
vn 0.1223 0.7634 0.6342
vn 0.1899 0.8020 0.5663
vn 0.0627 0.9249 0.3751
vn 0.1045 0.9882 0.1118
vn -0.0146 0.9748 0.2228
vn 0.8948 -0.1962 0.4011
vn 0.9309 -0.0271 0.3644
vn 0.3210 0.4657 0.8247
vn 0.3837 0.5328 0.7542
vn 0.5633 0.4092 0.7178
vn 0.8822 0.1370 0.4505
vn 0.3057 -0.2554 0.9172
vn 0.5292 0.1804 0.8291
vn 0.2418 -0.3372 0.9098
vn 0.2380 0.0850 0.9675
vn 0.3586 0.4892 0.7951
vn 0.2357 -0.1210 0.9643
vn 0.1318 0.9692 0.2082
vn 0.1475 0.7316 0.6656
vn 0.2932 0.1542 0.9435
vn 0.5671 -0.8097 0.1509
vn 0.2508 0.5900 0.7675
vn 0.3445 -0.4917 0.7997
vn 0.2705 -0.8145 0.5133
vn 0.4323 -0.2114 0.8766
vn 0.5914 -0.0284 0.8059
vn 0.5096 0.3702 0.7767
vn 0.2322 0.6064 0.7605
vn 0.3744 0.6336 0.6770
vn 0.0111 -0.6477 0.7618
vn 0.1918 -0.6982 0.6898
vn 0.6646 -0.6523 0.3644
vn 0.9098 0.1047 0.4016
vn 0.8318 -0.2533 0.4939
vn 0.8077 0.2045 0.5530
vn 0.8885 -0.1397 0.4371
vn 0.2873 -0.3648 0.8856
vn 0.7166 -0.2249 0.6602
vn 0.3947 0.4624 0.7940
vn 0.3798 0.5197 0.7653
vn 0.4826 0.5459 0.6849
vn 0.3329 0.6116 0.7178
vn 0.5013 0.6421 0.5800
vn 0.2422 0.8314 0.5001
vn 0.2359 0.7393 0.6307
vn 0.3534 0.7544 0.5531
vn 0.4240 0.7186 0.5512
vn 0.4243 0.6531 0.6273
vn 0.1906 0.9255 0.3273
vn 0.3429 0.9114 0.2275
vn 0.3855 0.8390 0.3840
vn 0.2633 0.9553 0.1343
vn 0.3923 0.9181 0.0559
vn 0.2115 0.3204 0.9234
vn 0.6817 0.1714 0.7113
vn 0.4923 -0.3267 0.8068
vn 0.6459 0.3809 0.6616
vn 0.5640 -0.1525 0.8115
vn 0.3114 -0.6563 0.6872
vn 0.8220 -0.2694 0.5017
vn 0.8418 0.2127 0.4960
vn 0.7147 0.3130 0.6256
vn 0.8558 0.1463 0.4962
vn 0.7893 -0.3351 0.5144
vn 0.3587 -0.6708 0.6491
vn 0.6544 -0.5373 0.5320
vn 0.5074 -0.5251 0.6833
vn 0.5455 -0.6148 0.5697
vn 0.5090 -0.7352 0.4477
vn 0.5298 -0.5482 0.6472
vn -0.0977 0.7899 0.6053
vn -0.5084 0.8075 0.2992
vn 0.3588 -0.3319 0.8724
vn 0.3461 0.5008 0.7934
vn -0.2362 0.7452 0.6235
vn 0.0089 0.6080 0.7939
vn 0.5521 0.1052 0.8271
vn 0.7184 0.1837 0.6709
vn 0.1269 -0.4035 0.9061
vn -0.8740 0.0383 0.4844
vn -0.1519 0.0051 0.9884
vn -0.1048 -0.1383 0.9848
vn 0.5134 -0.1949 0.8357
vn 0.4737 -0.0932 0.8758
vn -0.4618 -0.8493 0.2559
vn 0.2704 -0.6218 0.7350
vn 0.1771 -0.6891 0.7027
vn 0.6756 -0.1002 0.7304
vn 0.7701 0.2509 0.5865
vn 0.7575 0.1531 0.6347
vn 0.4850 0.5036 0.7150
vn 0.5226 0.5250 0.6717
vn 0.6121 0.4793 0.6290
vn 0.7058 0.4096 0.5781
vn 0.9996 -0.0188 0.0229
vn 0.9814 0.1686 0.0921
vn 0.6537 -0.4533 0.6059
vn 0.9928 0.1151 -0.0319
vn 0.9506 -0.1824 0.2513
vn 0.8965 0.1387 0.4208
vn 0.7449 -0.4515 0.4912
vn 0.6875 -0.5287 0.4978
vn 0.5588 -0.6955 0.4517
vn 0.6165 -0.6509 0.4431
vn 0.7088 0.4514 0.5421
vn 0.5852 0.6116 0.5324
vn 0.6218 0.4744 0.6232
vn 0.6626 0.5633 0.4936
vn 0.8793 -0.3509 -0.3220
vn 0.9915 -0.0881 -0.0954
vn 0.9826 -0.0127 -0.1853
vn 0.8578 -0.4288 0.2835
vn 0.9034 0.3557 -0.2393
vn 0.6801 -0.4941 0.5417
vn 0.5938 -0.6121 0.5222
vn 0.6581 -0.6636 0.3557
vn 0.7852 0.5437 0.2965
vn 0.4679 0.8459 0.2561
vn 0.4937 0.7480 0.4436
vn 0.5769 0.7576 0.3052
vn 0.7142 0.5688 0.4079
vn 0.7795 -0.5877 0.2167
vn 0.6172 -0.6294 0.4723
vn 0.6575 -0.6594 0.3644
vn 0.7577 -0.5031 0.4157
vn 0.5316 0.8373 0.1276
vn 0.6009 0.7957 0.0753
vn 0.6614 0.7363 0.1429
vn 0.6234 -0.6394 0.4500
vn 0.7757 0.2839 0.5637
vn 0.7554 -0.0323 0.6544
vn 0.8493 -0.2954 0.4375
vn 0.7432 0.0144 0.6689
vn 0.6593 -0.5968 0.4574
vn 0.8954 0.1216 0.4284
vn 0.9131 -0.1100 0.3927
vn 0.9248 0.1230 0.3600
vn 0.8717 0.1327 0.4717
vn 0.9439 0.1132 0.3101
vn 0.8667 0.1257 0.4828
vn 0.8613 0.2091 0.4631
vn 0.9421 0.1935 0.2740
vn 0.9551 0.1715 0.2417
vn 0.8228 0.3128 0.4744
vn 0.8305 0.3242 0.4529
vn 0.8842 0.2650 0.3848
vn 0.5970 -0.5923 0.5411
vn 0.7820 -0.5356 0.3187
vn 0.7686 -0.4815 0.4213
vn 0.7051 -0.5643 0.4295
vn 0.8505 -0.4204 0.3161
vn 0.7902 -0.5647 0.2383
vn 0.9342 -0.0109 0.3565
vn 0.9403 0.2609 0.2187
vn 0.9360 0.2731 0.2219
vn 0.9697 0.1293 0.2073
vn 0.9621 0.1273 0.2412
vn 0.9492 0.1880 0.2523
vn 0.7354 0.5661 0.3724
vn 0.8960 0.3890 0.2139
vn 0.7706 0.5793 0.2658
vn 0.7248 -0.6522 0.2222
vn 0.7873 -0.5913 0.1747
vn 0.8596 -0.4858 0.1582
vn 0.8244 -0.5547 0.1124
vn 0.9775 0.0554 0.2035
vn 0.9757 0.1794 0.1261
vn 0.8948 0.4456 0.0279
vn 0.8179 0.5622 0.1226
vn 0.9179 0.2327 0.3215
vn 0.9241 0.2710 0.2694
vn 0.9819 -0.1643 0.0946
vn 0.9378 0.2803 0.2047
vn 0.9984 -0.0380 -0.0418
vn 0.9899 0.0489 0.1329
vn 0.9284 0.2469 0.2777
vn 0.9577 0.2455 0.1501
vn 0.9520 0.2198 0.2129
vn -0.0547 -0.4843 -0.8732
vn -0.0489 -0.4798 -0.8760
vn 0.0705 -0.3748 -0.9244
vn 0.1956 -0.5341 -0.8225
vn 0.2573 -0.3515 -0.9001
vn 0.0914 -0.8264 -0.5556
vn 0.3106 -0.8061 -0.5037
vn 0.1671 -0.8800 -0.4445
vn 0.1681 -0.8468 -0.5046
vn 0.6747 -0.0258 -0.7377
vn -0.2350 -0.7555 -0.6115
vn 0.4071 -0.3131 -0.8580
vn 0.3498 -0.5438 -0.7628
vn 0.4143 -0.8006 -0.4329
vn 0.5768 -0.4673 -0.6701
vn 0.5439 -0.7727 -0.3274
vn 0.5259 -0.7742 -0.3520
vn 0.3435 -0.8257 -0.4474
vn -0.1380 -0.7318 -0.6674
vn 0.4001 -0.0949 -0.9115
vn 0.5304 -0.4186 -0.7372
vn -0.0941 -0.0372 -0.9949
vn -0.3442 0.2694 -0.8994
vn 0.1629 -0.8338 -0.5275
vn 0.3941 -0.8240 -0.4071
vn -0.2795 -0.5060 -0.8160
vn -0.5885 -0.2145 -0.7795
vn -0.6854 0.1284 -0.7167
vn -0.6424 0.4151 -0.6442
vn -0.3673 0.1475 -0.9183
vn 0.4002 -0.4257 -0.8116
vn 0.9724 -0.0449 0.2292
vn 0.9554 -0.1789 0.2347
vn 0.8537 -0.1679 -0.4930
vn 0.9813 0.1077 -0.1595
vn 0.0920 0.9566 -0.2764
vn 0.2452 0.9504 -0.1913
vn 0.1508 0.9857 -0.0755
vn 0.3104 0.9490 -0.0550
vn 0.0128 0.9180 -0.3964
vn 0.2736 0.8050 -0.5264
vn 0.1139 0.9202 -0.3746
vn 0.1542 0.7953 -0.5863
vn 0.1541 -0.6921 -0.7051
vn 0.1684 -0.8177 -0.5504
vn 0.1671 -0.6715 -0.7219
vn 0.2580 0.6564 -0.7089
vn 0.1792 0.7254 -0.6646
vn 0.0743 -0.6682 -0.7402
vn 0.1032 -0.5544 -0.8259
vn 0.2763 -0.4941 -0.8243
vn 0.1146 -0.4784 -0.8706
vn 0.1250 0.4321 -0.8931
vn 0.1183 0.4197 -0.8999
vn 0.2699 0.4729 -0.8387
vn 0.1407 0.5390 -0.8304
vn 0.1195 0.6204 -0.7752
vn 0.2634 0.5805 -0.7705
vn 0.1441 -0.1933 -0.9705
vn 0.1481 -0.0669 -0.9867
vn 0.2030 -0.1319 -0.9703
vn 0.1390 0.0903 -0.9862
vn 0.1536 0.1297 -0.9796
vn 0.1382 0.4242 -0.8949
vn 0.1435 0.1813 -0.9729
vn 0.3950 0.9062 -0.1513
vn 0.2388 0.8929 -0.3818
vn 0.3154 0.9031 -0.2915
vn 0.3750 0.8165 -0.4390
vn 0.4549 0.8134 -0.3625
vn 0.3135 -0.7739 -0.5502
vn 0.4781 -0.7255 -0.4951
vn 0.2762 0.7760 -0.5670
vn 0.3547 -0.6594 -0.6629
vn 0.4236 -0.7327 -0.5326
vn 0.2539 -0.6477 -0.7184
vn 0.3563 0.6499 -0.6713
vn 0.4679 0.6481 -0.6008
vn 0.3499 0.7311 -0.5857
vn 0.4061 0.6197 -0.6716
vn 0.3990 -0.5977 -0.6954
vn 0.4612 -0.4206 -0.7813
vn 0.3298 -0.2966 -0.8963
vn 0.4910 -0.2761 -0.8263
vn 0.3167 -0.2205 -0.9226
vn 0.3519 -0.1357 -0.9261
vn 0.4956 0.0219 -0.8683
vn 0.4015 0.1650 -0.9008
vn 0.3010 0.3674 -0.8800
vn 0.2855 0.2434 -0.9270
vn 0.4009 0.4538 -0.7958
vn 0.4172 0.4182 -0.8068
vn 0.3799 0.5971 -0.7065
vn 0.3902 0.5229 -0.7578
vn 0.2877 0.0951 -0.9530
vn 0.3631 0.0285 -0.9313
vn 0.6945 -0.6128 -0.3770
vn 0.6541 0.7451 -0.1301
vn 0.6926 0.7213 -0.0024
vn 0.6417 0.7290 -0.2381
vn 0.5364 0.8431 -0.0386
vn 0.6610 -0.6723 -0.3332
vn 0.6268 0.7096 -0.3219
vn 0.5299 0.8106 -0.2492
vn 0.5090 -0.7124 -0.4831
vn 0.7185 -0.4719 -0.5109
vn 0.6058 0.6099 -0.5110
vn 0.4967 0.6907 -0.5256
vn 0.5653 0.6987 -0.4384
vn 0.5411 -0.5365 -0.6476
vn 0.4947 -0.6402 -0.5878
vn 0.6236 -0.5413 -0.5641
vn 0.6347 -0.4922 -0.5958
vn 0.5653 -0.4329 -0.7021
vn 0.6517 -0.1237 -0.7483
vn 0.6013 0.2728 -0.7511
vn 0.5287 0.4579 -0.7147
vn 0.6662 0.3585 -0.6539
vn 0.6323 0.4273 -0.6462
vn 0.5405 0.6398 -0.5464
vn 0.4720 0.6035 -0.6426
vn 0.5504 0.6275 -0.5508
vn 0.6058 -0.2716 -0.7478
vn 0.4870 -0.1133 -0.8660
vn 0.6122 -0.0162 -0.7905
vn 0.4894 0.1485 -0.8593
vn 0.5974 0.0684 -0.7990
vn 0.7190 0.0037 -0.6950
vn 0.4582 0.3536 -0.8155
vn 0.5911 0.1709 -0.7883
vn 0.8945 -0.4004 0.1990
vn 0.9022 -0.4095 -0.1356
vn 0.8705 -0.4756 -0.1265
vn 0.8036 -0.5927 0.0544
vn 0.8428 -0.5306 -0.0902
vn 0.7678 -0.6119 -0.1900
vn 0.8269 -0.5602 -0.0493
vn 0.8774 -0.4795 0.0183
vn 0.9002 -0.4235 -0.1018
vn 0.9470 0.2920 0.1340
vn 0.9615 0.2627 0.0808
vn 0.9223 0.3791 -0.0744
vn 0.8575 0.4970 -0.1327
vn 0.7203 0.6884 -0.0847
vn 0.6059 -0.6673 -0.4331
vn 0.7206 -0.6120 -0.3258
vn 0.8160 -0.5378 -0.2121
vn 0.8162 -0.4388 -0.3758
vn 0.9147 -0.3166 -0.2510
vn 0.8724 -0.2704 -0.4073
vn 0.9056 0.3454 -0.2460
vn 0.8895 0.3805 -0.2529
vn 0.6353 0.6150 -0.4671
vn 0.7280 0.6107 -0.3116
vn 0.7032 0.5759 -0.4170
vn 0.8312 0.4963 -0.2505
vn 0.7092 -0.4777 -0.5185
vn 0.7452 -0.4471 -0.4948
vn 0.8206 -0.2227 -0.5263
vn 0.8382 -0.1146 -0.5331
vn 0.8982 -0.1138 -0.4246
vn 0.9001 0.1076 -0.4222
vn 0.7541 0.3737 -0.5401
vn 0.8219 0.1417 -0.5517
vn 0.8551 0.2804 -0.4361
vn 0.7612 0.5207 -0.3866
vn 0.7362 0.3743 -0.5638
vn 0.7521 0.3442 -0.5621
vn 0.8192 0.3712 -0.4372
vn 0.6149 0.6240 -0.4822
vn 0.7047 -0.3008 -0.6426
vn 0.7417 -0.1940 -0.6420
vn 0.7297 -0.1961 -0.6551
vn 0.8392 0.0664 -0.5397
vn 0.7504 0.1117 -0.6515
vn 0.6904 0.2915 -0.6620
vn 0.7141 0.1197 -0.6897
vn 0.8905 -0.4115 -0.1940
vn 0.9479 -0.3125 -0.0617
vn 0.9332 -0.3296 -0.1429
vn 0.9786 -0.1440 -0.1467
vn 0.9993 0.0288 0.0250
vn 0.9773 0.1895 -0.0946
vn 0.9700 0.0933 0.2247
vn 0.9873 0.1440 -0.0675
vn 0.9271 -0.2242 -0.3004
vn 0.9297 -0.1412 -0.3402
vn 0.9392 -0.1212 -0.3212
vn 0.9633 0.0671 -0.2599
vn 0.9577 0.1163 -0.2631
vn 0.9885 0.0203 -0.1500
vn 0.9348 0.2109 -0.2859
vn 0.9647 0.2556 -0.0639
vn 0.9380 0.2606 -0.2286
vn 0.9622 0.1082 -0.2499
vn 0.9256 0.0004 -0.3784
vt 0.312138 0.182505
vt 0.306246 0.201368
vt 0.312248 0.209409
vt 0.341058 0.191881
vt 0.362428 0.199805
vt 0.364395 0.201208
vt 0.353079 0.195209
vt 0.332439 0.173626
vt 0.337693 0.175870
vt 0.335886 0.171852
vt 0.339191 0.185250
vt 0.258211 0.202448
vt 0.254244 0.205411
vt 0.252006 0.185606
vt 0.247486 0.194541
vt 0.302390 0.186522
vt 0.264754 0.209604
vt 0.252677 0.182909
vt 0.255680 0.163359
vt 0.262714 0.172735
vt 0.273229 0.156646
vt 0.302521 0.175917
vt 0.267386 0.140454
vt 0.288851 0.161040
vt 0.306653 0.172723
vt 0.305827 0.199543
vt 0.380625 0.202295
vt 0.411221 0.196277
vt 0.391397 0.212153
vt 0.408971 0.221802
vt 0.417713 0.186209
vt 0.333906 0.153610
vt 0.368789 0.208609
vt 0.345288 0.171069
vt 0.357583 0.181997
vt 0.332732 0.147401
vt 0.338905 0.142206
vt 0.380204 0.167788
vt 0.363322 0.166554
vt 0.271357 0.450780
vt 0.293232 0.440449
vt 0.290347 0.469870
vt 0.312766 0.459537
vt 0.316584 0.495724
vt 0.287088 0.505075
vt 0.266675 0.399459
vt 0.262769 0.426269
vt 0.235142 0.438870
vt 0.256373 0.474648
vt 0.244278 0.553297
vt 0.275429 0.521351
vt 0.262161 0.549548
vt 0.288007 0.558238
vt 0.357626 0.442051
vt 0.375905 0.450799
vt 0.362202 0.454934
vt 0.381261 0.457612
vt 0.363037 0.479975
vt 0.385944 0.430359
vt 0.367373 0.497439
vt 0.383691 0.517828
vt 0.367231 0.542397
vt 0.368785 0.587778
vt 0.385773 0.554419
vt 0.313482 0.402036
vt 0.329858 0.377705
vt 0.333862 0.423532
vt 0.328652 0.442294
vt 0.347339 0.466164
vt 0.339150 0.500161
vt 0.336830 0.535931
vt 0.344639 0.570889
vt 0.321296 0.579180
vt 0.340803 0.593584
vt 0.319170 0.629547
vt 0.357319 0.616521
vt 0.341010 0.613981
vt 0.362493 0.659659
vt 0.342099 0.637756
vt 0.341466 0.658934
vt 0.368896 0.682984
vt 0.338072 0.701789
vt 0.285018 0.365480
vt 0.305801 0.338445
vt 0.314039 0.364873
vt 0.304901 0.437460
vt 0.289061 0.409640
vt 0.314210 0.532003
vt 0.313961 0.685429
vt 0.234091 0.272506
vt 0.258779 0.258076
vt 0.265517 0.286663
vt 0.259412 0.333307
vt 0.283054 0.289350
vt 0.307074 0.309595
vt 0.290750 0.254243
vt 0.278209 0.588360
vt 0.259472 0.679907
vt 0.281996 0.647546
vt 0.290521 0.676609
vt 0.240876 0.698700
vt 0.274785 0.705541
vt 0.309300 0.729925
vt 0.234651 0.734326
vt 0.403309 0.308563
vt 0.392160 0.306425
vt 0.403782 0.300105
vt 0.395853 0.320113
vt 0.403257 0.349502
vt 0.386257 0.330936
vt 0.366670 0.428632
vt 0.384582 0.399581
vt 0.416209 0.363546
vt 0.394729 0.444082
vt 0.419131 0.449861
vt 0.413526 0.474724
vt 0.429255 0.419789
vt 0.390716 0.496723
vt 0.394493 0.566876
vt 0.400864 0.587961
vt 0.390076 0.630430
vt 0.389753 0.681365
vt 0.412867 0.658529
vt 0.416678 0.586912
vt 0.417586 0.613805
vt 0.415094 0.638408
vt 0.391505 0.706509
vt 0.421168 0.710837
vt 0.345243 0.295948
vt 0.359502 0.283865
vt 0.372636 0.302932
vt 0.370479 0.317346
vt 0.363775 0.340690
vt 0.383664 0.270559
vt 0.379671 0.306220
vt 0.376992 0.295194
vt 0.350754 0.345931
vt 0.369382 0.378125
vt 0.364202 0.705322
vt 0.360649 0.757506
vt 0.329553 0.234778
vt 0.347744 0.230942
vt 0.341541 0.236861
vt 0.339730 0.246358
vt 0.328248 0.241611
vt 0.301178 0.231509
vt 0.331786 0.274185
vt 0.347982 0.261695
vt 0.317856 0.239685
vt 0.327468 0.298996
vt 0.340888 0.754701
vt 0.291273 0.764565
vt 0.312320 0.783757
vt 0.345881 0.787332
vt 0.286851 0.795978
vt 0.346963 0.826599
vt 0.270582 0.239118
vt 0.250375 0.226698
vt 0.305874 0.843455
vt 0.427104 0.350006
vt 0.446494 0.343041
vt 0.445071 0.357791
vt 0.469393 0.358038
vt 0.447636 0.370202
vt 0.428654 0.471805
vt 0.441364 0.474647
vt 0.442430 0.466591
vt 0.450941 0.417839
vt 0.426938 0.587240
vt 0.436950 0.591904
vt 0.445531 0.585279
vt 0.448939 0.603747
vt 0.451150 0.581350
vt 0.473360 0.572250
vt 0.460481 0.572539
vt 0.479434 0.610288
vt 0.444140 0.640312
vt 0.419028 0.314853
vt 0.427653 0.304895
vt 0.431524 0.325585
vt 0.421503 0.331118
vt 0.411537 0.345748
vt 0.429821 0.366550
vt 0.399526 0.403845
vt 0.445021 0.380874
vt 0.419295 0.685969
vt 0.447888 0.679042
vt 0.390644 0.737586
vt 0.414617 0.745095
vt 0.456099 0.743429
vt 0.473160 0.692395
vt 0.399321 0.791541
vt 0.428983 0.773448
vt 0.391207 0.766809
vt 0.407292 0.840121
vt 0.451128 0.829072
vt 0.355033 0.856488
vt 0.410171 0.879878
vt 0.357842 0.884481
vt 0.275620 0.865804
vt 0.340220 0.922368
vt 0.275485 0.917688
vt 0.470953 0.363575
vt 0.468004 0.377125
vt 0.467334 0.390069
vt 0.471684 0.423496
vt 0.478449 0.357801
vt 0.473866 0.472489
vt 0.483218 0.438263
vt 0.500951 0.463358
vt 0.490116 0.489676
vt 0.474881 0.509696
vt 0.457507 0.487808
vt 0.462646 0.478878
vt 0.486526 0.542211
vt 0.471115 0.525193
vt 0.503647 0.527763
vt 0.499327 0.562155
vt 0.471387 0.551564
vt 0.472069 0.635047
vt 0.499965 0.639815
vt 0.474494 0.662671
vt 0.499196 0.684241
vt 0.481861 0.728597
vt 0.472900 0.784785
vt 0.497995 0.788488
vt 0.474649 0.826954
vt 0.473282 0.884983
vt 0.423515 0.942242
vt 0.212647 0.962081
vt 0.031063 0.982134
vt 0.237693 0.136154
vt 0.243159 0.154263
vt 0.226955 0.147680
vt 0.235083 0.203907
vt 0.202429 0.204110
vt 0.213371 0.211810
vt 0.206848 0.222006
vt 0.200367 0.201238
vt 0.203609 0.193715
vt 0.218617 0.178163
vt 0.215088 0.162635
vt 0.193842 0.184374
vt 0.219817 0.180064
vt 0.207055 0.182761
vt 0.222348 0.168684
vt 0.211147 0.145131
vt 0.200153 0.224848
vt 0.185224 0.212189
vt 0.198273 0.175549
vt 0.142924 0.203934
vt 0.164018 0.164183
vt 0.179425 0.129350
vt 0.212659 0.164382
vt 0.153567 0.138985
vt 0.112712 0.111318
vt 0.120889 0.090562
vt 0.124978 0.169051
vt 0.151738 0.148867
vt 0.106666 0.203018
vt 0.099985 0.123184
vt 0.060408 0.163239
vt 0.055434 0.206413
vt 0.006343 0.078485
vt 0.078521 0.090975
vt 0.050760 0.102829
vt 0.019660 0.122208
vt 0.103209 0.138600
vt 0.004370 0.107708
vt 0.010038 0.209677
vt 0.962453 0.128089
vt 1.019660 0.122208
vt 1.060408 0.163239
vt 0.237275 0.399817
vt 0.214656 0.401207
vt 0.217424 0.434956
vt 0.240081 0.464629
vt 0.237207 0.485490
vt 0.213237 0.461259
vt 0.220908 0.485676
vt 0.213804 0.516500
vt 0.232993 0.523275
vt 0.207515 0.542765
vt 0.212917 0.602469
vt 0.217827 0.568952
vt 0.239585 0.591038
vt 0.190060 0.381466
vt 0.192756 0.421523
vt 0.191054 0.482729
vt 0.195745 0.443897
vt 0.188406 0.464261
vt 0.192671 0.505842
vt 0.166572 0.521458
vt 0.190230 0.539129
vt 0.192096 0.586108
vt 0.166953 0.610447
vt 0.194217 0.610160
vt 0.211480 0.661810
vt 0.211930 0.630162
vt 0.228299 0.653703
vt 0.167676 0.468025
vt 0.191400 0.567107
vt 0.163243 0.562352
vt 0.213017 0.259836
vt 0.190738 0.287281
vt 0.233323 0.334752
vt 0.219183 0.335043
vt 0.263031 0.375062
vt 0.207120 0.374067
vt 0.214565 0.730857
vt 0.190020 0.341573
vt 0.184059 0.320344
vt 0.188637 0.653572
vt 0.188088 0.694016
vt 0.167197 0.347790
vt 0.144013 0.351849
vt 0.143628 0.378419
vt 0.149253 0.310906
vt 0.127049 0.331358
vt 0.165905 0.388275
vt 0.176031 0.426262
vt 0.146408 0.424954
vt 0.140401 0.634143
vt 0.140544 0.585848
vt 0.168054 0.650408
vt 0.141546 0.670833
vt 0.166180 0.696373
vt 0.140013 0.727509
vt 0.161521 0.719333
vt 0.141958 0.400695
vt 0.116867 0.372352
vt 0.113245 0.405949
vt 0.139451 0.420297
vt 0.116189 0.442228
vt 0.142362 0.466829
vt 0.139650 0.504029
vt 0.117886 0.485225
vt 0.122066 0.460907
vt 0.119628 0.519423
vt 0.117127 0.603581
vt 0.118381 0.564661
vt 0.144911 0.548447
vt 0.126640 0.543173
vt 0.121956 0.672075
vt 0.219806 0.776147
vt 0.262283 0.752708
vt 0.258532 0.803141
vt 0.186440 0.791012
vt 0.224039 0.831486
vt 0.193322 0.822505
vt 0.206993 0.879602
vt 0.196709 0.239703
vt 0.173206 0.742929
vt 0.140855 0.776070
vt 0.119726 0.275330
vt 0.155052 0.249845
vt 0.107084 0.303165
vt 0.112760 0.248097
vt 0.158258 0.225871
vt 0.119196 0.714042
vt 0.113402 0.746820
vt 0.112429 0.782917
vt 0.093817 0.336173
vt 0.090470 0.376037
vt 0.094367 0.420788
vt 0.098923 0.601838
vt 0.122415 0.622930
vt 0.113561 0.646786
vt 0.094252 0.639390
vt 0.093165 0.673083
vt 0.090065 0.718790
vt 0.073945 0.380500
vt 0.098136 0.483052
vt 0.073207 0.464787
vt 0.073959 0.421490
vt 0.092129 0.550842
vt 0.068039 0.524812
vt 0.098483 0.524496
vt 0.075073 0.504049
vt 0.095726 0.573924
vt 0.069946 0.618628
vt 0.071839 0.568217
vt 0.048590 0.559350
vt 0.160145 0.871577
vt 0.137528 0.835525
vt 0.101775 0.850084
vt 0.089894 0.889450
vt 0.079294 0.275851
vt 0.086898 0.247617
vt 0.147845 0.804627
vt 0.092572 0.746342
vt 0.089728 0.789324
vt 0.072672 0.815806
vt 0.044423 0.775028
vt 0.068005 0.298523
vt 0.034252 0.260566
vt 0.071938 0.335195
vt 0.072347 0.713403
vt 0.073375 0.669068
vt 0.045455 0.345389
vt 0.072772 0.356871
vt 0.045446 0.386347
vt 0.022408 0.425705
vt 0.043691 0.430188
vt 0.053900 0.446656
vt 0.067642 0.480591
vt 0.041261 0.506043
vt 0.049445 0.524861
vt 0.042238 0.588746
vt 0.069953 0.650466
vt 0.047798 0.643994
vt 0.026804 0.466933
vt 0.024997 0.524879
vt 0.024201 0.548212
vt 0.123295 0.948299
vt 0.021681 0.941021
vt 0.043170 0.886713
vt 1.043170 0.886713
vt 0.951848 0.914057
vt 0.998356 0.864700
vt 0.026101 0.797385
vt 0.040777 0.823120
vt 0.023495 0.305744
vt 0.043909 0.302555
vt 0.031746 0.233409
vt 0.992321 0.249817
vt 1.031746 0.233409
vt 1.034252 0.260566
vt 0.995391 0.282336
vt 0.046399 0.737832
vt 0.013704 0.772294
vt 0.014686 0.735977
vt 0.045318 0.715994
vt 0.002218 0.816004
vt 1.023540 0.351132
vt 0.994968 0.337018
vt 1.045455 0.345389
vt 1.023495 0.305744
vt 0.022209 0.386239
vt 0.023540 0.351132
vt 0.024808 0.405630
vt 0.003704 0.386423
vt 0.997411 0.653921
vt 1.001941 0.620299
vt 1.021686 0.659540
vt 0.021686 0.659540
vt 0.001941 0.620299
vt 0.023940 0.604179
vt 0.024916 0.690953
vt 0.044993 0.688693
vt 1.024916 0.690953
vt 0.003695 0.426623
vt 0.024819 0.447262
vt 0.022699 0.502926
vt 0.000507 0.539770
vt 0.002117 0.502681
vt 0.002496 0.577535
vt 0.022900 0.582324
vt 0.595742 0.253912
vt 0.581926 0.254752
vt 0.600118 0.203168
vt 0.575095 0.232005
vt 0.564392 0.206769
vt 0.625359 0.197799
vt 0.607271 0.234192
vt 0.644828 0.175283
vt 0.609916 0.164525
vt 0.618379 0.157604
vt 0.658377 0.167739
vt 0.629281 0.150327
vt 0.658311 0.159121
vt 0.664249 0.173482
vt 0.653358 0.187742
vt 0.624143 0.211896
vt 0.626645 0.219989
vt 0.620605 0.241877
vt 0.635153 0.201278
vt 0.651853 0.174202
vt 0.655294 0.190840
vt 0.698205 0.178272
vt 0.695765 0.177554
vt 0.718036 0.161776
vt 0.730263 0.179861
vt 0.731913 0.166102
vt 0.733113 0.205636
vt 0.741427 0.182601
vt 0.700618 0.192036
vt 0.691866 0.184240
vt 0.741537 0.196085
vt 0.741401 0.231706
vt 0.748491 0.204171
vt 0.518339 0.354521
vt 0.524884 0.348349
vt 0.530110 0.367612
vt 0.540576 0.346210
vt 0.534937 0.417286
vt 0.528668 0.386880
vt 0.536669 0.389949
vt 0.526410 0.489945
vt 0.515282 0.436163
vt 0.527195 0.454637
vt 0.526182 0.419646
vt 0.534818 0.494272
vt 0.540769 0.469915
vt 0.543428 0.478700
vt 0.523096 0.528931
vt 0.525208 0.548950
vt 0.529953 0.538170
vt 0.529010 0.518432
vt 0.528083 0.587064
vt 0.538660 0.563935
vt 0.543781 0.570645
vt 0.536656 0.628345
vt 0.528982 0.669626
vt 0.529140 0.644004
vt 0.527811 0.711672
vt 0.557854 0.737600
vt 0.559659 0.702689
vt 0.527371 0.764229
vt 0.525344 0.798557
vt 0.568199 0.820100
vt 0.560924 0.798758
vt 0.552936 0.897958
vt 0.535877 0.856458
vt 0.590548 0.846853
vt 0.614719 0.896286
vt 1.031063 0.982134
vt 0.576428 0.971666
vt 0.733860 0.967745
vt 0.550572 0.362287
vt 0.559093 0.349885
vt 0.568346 0.371320
vt 0.576725 0.335954
vt 0.533372 0.379549
vt 0.556075 0.412275
vt 0.558814 0.386026
vt 0.555440 0.452164
vt 0.557079 0.465757
vt 0.567417 0.466298
vt 0.575349 0.465998
vt 0.570818 0.456635
vt 0.552543 0.586318
vt 0.557866 0.602640
vt 0.565452 0.583968
vt 0.566366 0.579988
vt 0.554566 0.577402
vt 0.576447 0.591890
vt 0.579320 0.578325
vt 0.558318 0.641545
vt 0.577715 0.622539
vt 0.577554 0.273252
vt 0.568321 0.262823
vt 0.595131 0.316369
vt 0.578237 0.297644
vt 0.594146 0.289624
vt 0.580508 0.352216
vt 0.572820 0.317843
vt 0.594299 0.343652
vt 0.585960 0.366679
vt 0.585574 0.436697
vt 0.589158 0.394342
vt 0.581901 0.663152
vt 0.579097 0.688779
vt 0.610120 0.714923
vt 0.578162 0.730247
vt 0.603317 0.684054
vt 0.625171 0.752858
vt 0.610390 0.762140
vt 0.633128 0.793370
vt 0.655148 0.855787
vt 0.609557 0.814388
vt 0.691863 0.830202
vt 0.683865 0.882032
vt 0.604681 0.292540
vt 0.619115 0.286238
vt 0.618017 0.302638
vt 0.602825 0.308212
vt 0.599290 0.416513
vt 0.606973 0.367641
vt 0.613765 0.394314
vt 0.619973 0.438447
vt 0.633504 0.396481
vt 0.587323 0.463438
vt 0.598029 0.479920
vt 0.608962 0.482903
vt 0.607494 0.491642
vt 0.614768 0.454743
vt 0.607659 0.443833
vt 0.612545 0.494774
vt 0.612504 0.500589
vt 0.614787 0.512996
vt 0.619390 0.520985
vt 0.614389 0.553570
vt 0.609323 0.549866
vt 0.613230 0.532523
vt 0.617210 0.531713
vt 0.634852 0.498124
vt 0.605904 0.557317
vt 0.590017 0.573714
vt 0.596669 0.575899
vt 0.591690 0.587752
vt 0.604978 0.569063
vt 0.598010 0.565981
vt 0.638541 0.597412
vt 0.603995 0.609737
vt 0.631321 0.564884
vt 0.606851 0.644660
vt 0.629444 0.668940
vt 0.636960 0.639704
vt 0.610338 0.255051
vt 0.623712 0.263093
vt 0.623521 0.283345
vt 0.653095 0.257469
vt 0.655585 0.294669
vt 0.624432 0.308124
vt 0.607789 0.319802
vt 0.629939 0.317111
vt 0.616282 0.337711
vt 0.630964 0.338711
vt 0.646484 0.367786
vt 0.652076 0.332050
vt 0.638816 0.729396
vt 0.638826 0.690603
vt 0.655590 0.745230
vt 0.657516 0.683441
vt 0.696700 0.201695
vt 0.695492 0.201919
vt 0.680589 0.235084
vt 0.674322 0.237870
vt 0.659443 0.266571
vt 0.667168 0.313047
vt 0.673640 0.266601
vt 0.710642 0.723168
vt 0.662833 0.793809
vt 0.686604 0.793696
vt 0.688611 0.756952
vt 0.708661 0.208219
vt 0.725681 0.209237
vt 0.714794 0.260223
vt 0.740123 0.254468
vt 0.741743 0.828754
vt 0.742419 0.800647
vt 0.727786 0.780069
vt 0.713595 0.739271
vt 0.744644 0.876007
vt 0.628449 0.452813
vt 0.631560 0.434827
vt 0.633574 0.464757
vt 0.641558 0.444911
vt 0.634628 0.535062
vt 0.655210 0.464958
vt 0.673242 0.427572
vt 0.672961 0.447715
vt 0.659129 0.489005
vt 0.683388 0.514880
vt 0.654348 0.550270
vt 0.684354 0.473310
vt 0.684833 0.556837
vt 0.678714 0.601364
vt 0.659925 0.636466
vt 0.658389 0.594393
vt 0.682298 0.664025
vt 0.665967 0.650871
vt 0.690273 0.334110
vt 0.693824 0.305776
vt 0.695091 0.369320
vt 0.712669 0.300334
vt 0.708559 0.372064
vt 0.667532 0.400732
vt 0.688551 0.403422
vt 0.709037 0.428750
vt 0.711833 0.401537
vt 0.709752 0.440116
vt 0.724834 0.557395
vt 0.697754 0.632667
vt 0.708140 0.663204
vt 0.716777 0.690242
vt 0.687830 0.703866
vt 0.739550 0.286272
vt 0.733543 0.370361
vt 0.736494 0.323997
vt 0.733761 0.414511
vt 0.758341 0.603569
vt 0.732601 0.626029
vt 0.726664 0.590811
vt 0.764872 0.660312
vt 0.737994 0.657317
vt 0.739537 0.731364
vt 0.764494 0.703302
vt 0.758478 0.770056
vt 0.711141 0.455741
vt 0.761548 0.379949
vt 0.733356 0.440031
vt 0.726271 0.471290
vt 0.717770 0.485222
vt 0.757121 0.494010
vt 0.759948 0.454331
vt 0.716981 0.527466
vt 0.765266 0.541792
vt 0.743939 0.526133
vt 1.004370 0.107708
vt 0.936406 0.114361
vt 0.960606 0.092459
vt 0.904137 0.099384
vt 0.899738 0.140192
vt 1.010038 0.209677
vt 0.934949 0.170071
vt 1.007776 0.159049
vt 0.941303 0.220404
vt 0.821867 0.145892
vt 0.792236 0.165873
vt 0.796206 0.153671
vt 0.864096 0.149725
vt 0.845973 0.145433
vt 0.895551 0.125951
vt 0.863939 0.113382
vt 0.840371 0.159859
vt 0.901795 0.210282
vt 0.787579 0.153601
vt 0.770433 0.143051
vt 0.782454 0.170989
vt 0.785012 0.180273
vt 0.796260 0.178963
vt 0.799988 0.192306
vt 0.792629 0.162816
vt 0.802834 0.199886
vt 0.815015 0.203778
vt 0.759739 0.231968
vt 0.762883 0.209825
vt 0.787435 0.231013
vt 0.782107 0.220517
vt 0.799801 0.228107
vt 0.802067 0.204641
vt 0.861446 0.940288
vt 1.021681 0.941021
vt 0.873191 0.901089
vt 0.808963 0.916535
vt 0.966954 0.807407
vt 0.957355 0.850073
vt 0.908085 0.853719
vt 0.967672 0.281146
vt 0.958289 0.244370
vt 1.013704 0.772294
vt 1.002218 0.816004
vt 1.003704 0.386423
vt 0.967298 0.385521
vt 0.962749 0.308840
vt 0.977211 0.333534
vt 0.947813 0.387412
vt 0.947165 0.333731
vt 0.976197 0.407838
vt 0.977597 0.644415
vt 0.951638 0.608914
vt 0.976987 0.602051
vt 0.976833 0.621983
vt 0.976510 0.718070
vt 1.001448 0.706574
vt 1.014686 0.735977
vt 0.972134 0.691598
vt 0.952243 0.649862
vt 1.003695 0.426623
vt 0.976453 0.520845
vt 1.002117 0.502681
vt 1.000507 0.539770
vt 0.977898 0.563064
vt 1.002496 0.577535
vt 0.955451 0.560802
vt 0.975403 0.544474
vt 0.913093 0.769860
vt 0.878148 0.811574
vt 0.883075 0.766295
vt 0.925878 0.244311
vt 0.929530 0.308161
vt 0.901955 0.326266
vt 0.911744 0.279499
vt 0.934021 0.712490
vt 0.951115 0.694439
vt 0.956224 0.722106
vt 0.905414 0.710788
vt 0.920468 0.736548
vt 0.928695 0.689140
vt 0.963493 0.778872
vt 0.935454 0.811347
vt 0.950203 0.426978
vt 0.928807 0.396614
vt 0.948357 0.467071
vt 0.925546 0.438548
vt 0.952453 0.448619
vt 0.927131 0.496561
vt 0.950490 0.504591
vt 0.953874 0.532731
vt 0.929066 0.544096
vt 0.942213 0.542670
vt 0.923471 0.626414
vt 0.923404 0.609734
vt 0.976459 0.443707
vt 0.966787 0.463069
vt 0.973844 0.485995
vt 0.778171 0.826478
vt 0.787534 0.802347
vt 0.813678 0.768914
vt 0.801976 0.250315
vt 0.838955 0.770072
vt 0.829952 0.819052
vt 0.857897 0.813642
vt 0.823535 0.851860
vt 0.881906 0.252835
vt 0.876904 0.281288
vt 0.853625 0.237109
vt 0.859451 0.306057
vt 0.835800 0.274225
vt 0.850787 0.712766
vt 0.858298 0.690024
vt 0.881711 0.687232
vt 0.862445 0.766220
vt 0.845390 0.733709
vt 0.885071 0.714310
vt 0.907250 0.355179
vt 0.880956 0.343936
vt 0.890218 0.372753
vt 0.858967 0.349963
vt 0.908216 0.398406
vt 0.883164 0.420696
vt 0.857842 0.400550
vt 0.861723 0.375137
vt 0.905869 0.434300
vt 0.877809 0.447342
vt 0.881867 0.465308
vt 0.881193 0.657634
vt 0.882961 0.634507
vt 0.908618 0.650543
vt 0.906664 0.685424
vt 0.930621 0.668967
vt 0.927479 0.466586
vt 0.904822 0.490407
vt 0.904165 0.467905
vt 0.907920 0.526727
vt 0.877902 0.531657
vt 0.883338 0.505493
vt 0.908269 0.552999
vt 0.897796 0.584134
vt 0.927299 0.646989
vt 0.774664 0.243698
vt 0.780894 0.266998
vt 0.760952 0.300683
vt 0.756779 0.263292
vt 0.787078 0.291308
vt 0.778013 0.335674
vt 0.774540 0.612231
vt 0.778842 0.745913
vt 0.785471 0.705525
vt 0.832652 0.327984
vt 0.803252 0.307583
vt 0.808730 0.336703
vt 0.831436 0.380762
vt 0.809406 0.692397
vt 0.788134 0.662736
vt 0.810548 0.645304
vt 0.794017 0.604337
vt 0.810030 0.625149
vt 0.817119 0.722833
vt 0.833537 0.700891
vt 0.833269 0.424636
vt 0.834475 0.549495
vt 0.829405 0.524145
vt 0.857245 0.518895
vt 0.859267 0.482906
vt 0.833768 0.474808
vt 0.858137 0.567669
vt 0.857311 0.605153
vt 0.835056 0.605731
vt 0.832728 0.676404
vt 0.834596 0.643900
vt 0.858236 0.649956
vt 0.808833 0.608868
vt 0.857738 0.439050
vt 0.881056 0.585914
vt 0.881223 0.552271
vt 0.856464 0.628527
vt 0.763210 0.425014
vt 0.792715 0.402175
vt 0.781348 0.423943
vt 0.788074 0.468611
vt 0.771698 0.506292
vt 0.785702 0.504734
vt 0.775202 0.588774
vt 0.787551 0.561442
vt 0.811387 0.399124
vt 0.808938 0.441446
vt 0.782676 0.531070
vt 0.807093 0.482871
vt 0.802117 0.518764
vt 0.809280 0.566744
vt 0.810263 0.585402
vt 0.811037 0.545030
vt 0.814217 0.462923
vt 0.351154 0.220744
vt 0.364019 0.214192
vt 0.314271 0.216037
vt 0.427196 0.218278
vt 0.260648 0.506610
vt 0.367436 0.405438
vt 0.240635 0.631444
vt 0.404974 0.579916
vt 0.398707 0.484007
vt 0.388355 0.552325
vt 0.398956 0.278666
vt 0.422921 0.282540
vt 0.383868 0.218508
vt 0.478674 0.399691
vt 0.467474 0.511141
vt 0.503433 0.583450
vt 1.423515 0.942242
vt 0.228613 0.238337
vt 0.241329 0.229285
vt 1.006343 0.078485
vt 1.050760 0.102829
vt 0.007776 0.159049
vt 0.228324 0.611229
vt 0.212048 0.237895
vt 0.167899 0.299778
vt 0.195539 0.723655
vt 0.069394 0.760026
vt 0.049596 0.480152
vt 0.051110 0.603741
vt 1.040777 0.823120
vt 0.001448 0.706574
vt 0.002693 0.463399
vt 0.693957 0.209061
vt 0.680934 0.217097
vt 0.660899 0.244235
vt 0.722542 0.157069
vt 0.740980 0.177280
vt 0.741692 0.157627
vt 0.553887 0.577060
vt 0.703874 0.900110
vt 0.809331 0.181634
vt 1.002693 0.463399
vt 0.870412 0.859814
vt 0.928675 0.791307
vt 0.928409 0.356837
vt 0.781626 0.376066
s 1
f 11/1/11 9/2/9 10/3/10
f 12/4/12 13/5/13 4/6/4
f 14/7/14 13/5/13 12/4/12
f 17/8/17 15/9/15 42/10/42
f 16/11/16 12/4/12 17/8/17
f 26/12/26 21/13/21 25/14/25
f 25/14/25 21/13/21 23/15/23
f 11/1/11 24/16/24 9/2/9
f 167/17/167 26/12/26 27/18/27
f 28/19/28 30/20/30 27/18/27
f 30/20/30 29/21/29 32/22/32
f 20/23/20 18/24/18 29/21/29
f 29/21/29 28/19/28 20/23/20
f 32/22/32 31/25/31 11/1/11
f 32/22/32 11/1/11 160/26/160
f 34/27/34 39/28/39 35/29/35
f 35/29/35 39/28/39 36/30/36
f 34/27/34 38/31/38 39/28/39
f 42/10/42 15/9/15 43/32/43
f 13/5/13 34/27/34 5/33/5
f 45/34/45 42/10/42 43/32/43
f 42/10/42 45/34/45 17/8/17
f 16/11/16 45/34/45 44/35/44
f 16/11/16 17/8/17 45/34/45
f 43/32/43 40/36/40 41/37/41
f 44/35/44 37/38/37 14/7/14
f 44/35/44 45/34/45 46/39/46
f 45/34/45 41/37/41 46/39/46
f 54/40/54 48/41/48 49/42/49
f 71/43/71 89/44/89 49/42/49
f 49/42/49 89/44/89 50/45/50
f 53/46/53 48/41/48 52/47/52
f 52/47/52 54/40/54 55/48/55
f 54/40/54 49/42/49 57/49/57
f 60/50/60 51/51/51 59/52/59
f 59/52/59 51/51/51 91/53/91
f 63/54/63 65/55/65 64/56/64
f 64/56/64 121/57/121 122/58/122
f 65/55/65 63/54/63 118/59/118
f 66/60/66 126/61/126 67/62/67
f 68/63/68 67/62/67 127/64/127
f 87/65/87 70/66/70 73/67/73
f 72/68/72 74/69/74 71/43/71
f 89/44/89 74/69/74 76/70/76
f 72/68/72 73/67/73 63/54/63
f 63/54/63 64/56/64 74/69/74
f 75/71/75 89/44/89 76/70/76
f 76/70/76 67/62/67 75/71/75
f 122/58/122 66/60/66 76/70/76
f 75/71/75 79/72/79 77/73/77
f 77/73/77 80/74/80 82/75/82
f 79/72/79 68/63/68 80/74/80
f 80/74/80 81/76/81 78/77/78
f 68/63/68 79/72/79 67/62/67
f 80/74/80 68/63/68 81/76/81
f 81/76/81 132/78/132 83/79/83
f 83/79/83 132/78/132 84/80/84
f 84/80/84 148/81/148 149/82/149
f 99/83/99 85/84/85 88/85/88
f 87/65/87 69/86/69 47/87/47
f 69/86/69 87/65/87 73/67/73
f 51/51/51 50/45/50 90/88/90
f 91/53/91 90/88/90 77/73/77
f 82/75/82 84/80/84 95/89/95
f 84/80/84 149/82/149 95/89/95
f 321/90/321 165/91/165 97/92/97
f 98/93/98 100/94/100 99/83/99
f 99/83/99 86/95/86 85/84/85
f 98/93/98 97/92/97 100/94/100
f 100/94/100 97/92/97 155/96/155
f 99/83/99 47/87/47 53/46/53
f 59/52/59 91/53/91 102/97/102
f 91/53/91 77/73/77 102/97/102
f 105/98/105 92/99/92 93/100/93
f 106/101/106 105/98/105 94/102/94
f 94/102/94 96/103/96 107/104/107
f 197/105/197 116/106/116 193/107/193
f 117/108/117 198/109/198 145/110/145
f 118/59/118 61/111/61 119/112/119
f 119/112/119 198/109/198 201/113/201
f 65/55/65 123/114/123 121/57/121
f 121/57/121 110/115/110 109/116/109
f 200/117/200 123/114/123 118/59/118
f 67/62/67 126/61/126 127/64/127
f 66/60/66 122/58/122 124/118/124
f 127/64/127 130/119/130 129/120/129
f 127/64/127 129/120/129 68/63/68
f 68/63/68 129/120/129 131/121/131
f 68/63/68 131/121/131 81/76/81
f 132/78/132 131/121/131 134/122/134
f 134/122/134 131/121/131 133/123/133
f 131/121/131 112/124/112 113/125/113
f 131/121/131 113/125/113 204/126/204
f 135/127/135 134/122/134 207/128/207
f 141/129/141 136/130/136 140/131/140
f 143/132/143 117/108/117 145/110/145
f 143/132/143 145/110/145 144/133/144
f 138/134/138 115/135/115 142/136/142
f 146/137/146 144/133/144 147/138/147
f 148/81/148 150/139/150 149/82/149
f 149/82/149 150/139/150 153/140/153
f 148/81/148 135/127/135 150/139/150
f 7/141/7 1/142/1 6/143/6
f 7/141/7 156/144/156 157/145/157
f 155/96/155 168/146/168 158/147/158
f 137/148/137 136/130/136 158/147/158
f 157/145/157 156/144/156 137/148/137
f 159/149/159 158/147/158 168/146/168
f 159/149/159 10/3/10 157/145/157
f 161/150/161 141/129/141 144/133/144
f 161/150/161 155/96/155 158/147/158
f 158/147/158 136/130/136 141/129/141
f 96/103/96 151/151/151 162/152/162
f 163/153/163 151/151/151 154/154/154
f 151/151/151 153/140/153 154/154/154
f 170/155/170 163/153/163 215/156/215
f 163/153/163 154/154/154 215/156/215
f 165/91/165 166/157/166 155/96/155
f 166/157/166 168/146/168 155/96/155
f 22/158/22 26/12/26 167/17/167
f 30/20/30 166/157/166 167/17/167
f 160/26/160 159/149/159 168/146/168
f 30/20/30 32/22/32 168/146/168
f 170/155/170 162/152/162 163/153/163
f 170/155/170 215/156/215 164/159/164
f 174/160/174 175/161/175 176/162/176
f 176/162/176 178/163/178 177/164/177
f 109/116/109 110/115/110 180/165/180
f 182/166/182 180/165/180 181/167/181
f 202/168/202 110/115/110 200/117/200
f 181/167/181 110/115/110 202/168/202
f 113/125/113 114/169/114 185/170/185
f 185/170/185 186/171/186 188/172/188
f 187/173/187 186/171/186 114/169/114
f 234/174/234 187/173/187 189/175/189
f 186/171/186 234/174/234 190/176/190
f 113/125/113 185/170/185 188/172/188
f 191/177/191 113/125/113 188/172/188
f 192/178/192 172/179/172 173/180/173
f 197/105/197 195/181/195 117/108/117
f 198/109/198 195/181/195 196/182/196
f 195/181/195 174/160/174 196/182/196
f 174/160/174 176/162/176 177/164/177
f 199/183/199 174/160/174 177/164/177
f 199/183/199 200/117/200 120/184/120
f 196/182/196 199/183/199 201/113/201
f 202/168/202 199/183/199 203/185/203
f 203/185/203 199/183/199 177/164/177
f 110/115/110 123/114/123 200/117/200
f 134/122/134 133/123/133 205/186/205
f 133/123/133 204/126/204 191/177/191
f 133/123/133 191/177/191 206/187/206
f 135/127/135 207/128/207 152/188/152
f 134/122/134 205/186/205 207/128/207
f 207/128/207 208/189/208 152/188/152
f 207/128/207 209/190/209 208/189/208
f 207/128/207 206/187/206 239/191/239
f 154/154/154 153/140/153 213/192/213
f 152/188/152 208/189/208 210/193/210
f 212/194/212 152/188/152 210/193/210
f 214/195/214 213/192/213 246/196/246
f 215/156/215 154/154/154 213/192/213
f 213/192/213 214/195/214 215/156/215
f 164/159/164 215/156/215 216/197/216
f 217/198/217 215/156/215 214/195/214
f 216/197/216 215/156/215 217/198/217
f 216/197/216 217/198/217 219/199/219
f 218/200/218 216/197/216 219/199/219
f 218/200/218 219/199/219 249/201/249
f 220/202/220 218/200/218 249/201/249
f 177/164/177 178/163/178 221/203/221
f 222/204/222 177/164/177 221/203/221
f 203/185/203 177/164/177 222/204/222
f 179/205/179 203/185/203 222/204/222
f 202/168/202 179/205/179 223/206/223
f 224/207/224 222/204/222 221/203/221
f 225/208/225 223/206/223 226/209/226
f 227/210/227 225/208/225 226/209/226
f 228/211/228 225/208/225 227/210/227
f 232/212/232 183/213/183 184/214/184
f 233/215/233 230/216/230 232/212/232
f 232/212/232 225/208/225 228/211/228
f 233/215/233 232/212/232 522/217/522
f 232/212/232 227/210/227 522/217/522
f 235/218/235 231/219/231 233/215/233
f 191/177/191 190/176/190 237/220/237
f 237/220/237 190/176/190 240/221/240
f 238/222/238 240/221/240 241/223/241
f 239/191/239 238/222/238 241/223/241
f 239/191/239 244/224/244 209/190/209
f 244/224/244 239/191/239 241/223/241
f 243/225/243 244/224/244 245/226/245
f 246/196/246 210/193/210 243/225/243
f 247/227/247 246/196/246 243/225/243
f 249/201/249 219/199/219 217/198/217
f 217/198/217 246/196/246 250/228/250
f 249/201/249 217/198/217 250/228/250
f 249/201/249 250/228/250 251/229/251
f 220/202/220 249/201/249 252/230/252
f 252/230/252 249/201/249 251/229/251
f 252/230/252 251/229/251 253/231/253
f 259/232/259 19/233/19 260/234/260
f 261/235/261 23/15/23 21/13/21
f 262/236/262 256/237/256 257/238/257
f 264/239/264 263/240/263 262/236/262
f 263/240/263 264/239/264 265/241/265
f 263/240/263 267/242/267 258/243/258
f 264/239/264 266/244/266 265/241/265
f 264/239/264 269/245/269 266/244/266
f 266/244/266 268/246/268 265/241/265
f 268/246/268 270/247/270 267/242/267
f 273/248/273 262/236/262 257/238/257
f 274/249/274 272/250/272 264/239/264
f 275/251/275 278/252/278 274/249/274
f 276/253/276 260/234/260 270/247/270
f 278/252/278 271/254/271 272/250/272
f 271/254/271 279/255/279 270/247/270
f 280/256/280 277/257/277 276/253/276
f 275/251/275 282/258/282 278/252/278
f 281/259/281 279/255/279 278/252/278
f 286/260/286 282/258/282 275/251/275
f 282/258/282 281/259/281 278/252/278
f 284/261/284 279/255/279 281/259/281
f 280/256/280 279/255/279 284/261/284
f 286/260/286 285/262/285 282/258/282
f 287/263/287 285/262/285 286/260/286
f 717/264/717 288/265/288 289/266/289
f 290/267/290 283/268/283 285/262/285
f 718/269/718 289/266/289 284/261/284
f 290/267/290 284/261/284 283/268/283
f 290/267/290 718/269/718 284/261/284
f 291/270/291 285/262/285 287/263/287
f 722/271/722 290/272/290 285/273/285
f 55/48/55 293/274/293 52/47/52
f 294/275/294 293/274/293 295/276/295
f 55/48/55 54/40/54 297/277/297
f 297/277/297 57/49/57 56/278/56
f 299/279/299 55/48/55 297/277/297
f 298/280/298 297/277/297 56/278/56
f 299/279/299 295/276/295 55/48/55
f 301/281/301 56/278/56 300/282/300
f 300/282/300 60/50/60 302/283/302
f 304/284/304 303/285/303 104/286/104
f 332/287/332 294/275/294 307/288/307
f 308/289/308 299/279/299 298/280/298
f 309/290/309 299/279/299 310/291/310
f 307/288/307 295/276/295 309/290/309
f 311/292/311 298/280/298 301/281/301
f 313/293/313 311/292/311 312/294/312
f 314/295/314 303/285/303 304/284/304
f 319/296/319 314/295/314 316/297/316
f 327/298/327 306/299/306 326/300/326
f 309/290/309 310/291/310 317/301/317
f 317/301/317 310/291/310 308/289/308
f 313/293/313 308/289/308 311/292/311
f 317/301/317 308/289/308 313/293/313
f 315/302/315 318/303/318 312/294/312
f 320/304/320 321/90/321 325/305/325
f 321/90/321 22/158/22 165/91/165
f 325/305/325 323/306/323 324/307/324
f 323/306/323 321/90/321 97/92/97
f 325/305/325 321/90/321 323/306/323
f 323/306/323 101/308/101 293/274/293
f 296/309/296 323/306/323 293/274/293
f 326/300/326 92/99/92 105/98/105
f 327/298/327 326/300/326 106/101/106
f 328/310/328 327/298/327 106/101/106
f 325/305/325 324/307/324 329/311/329
f 331/312/331 325/305/325 329/311/329
f 332/287/332 296/309/296 294/275/294
f 329/311/329 296/309/296 332/287/332
f 306/299/306 327/298/327 334/313/334
f 336/314/336 327/298/327 328/310/328
f 334/313/334 327/298/327 336/314/336
f 331/312/331 329/311/329 330/315/330
f 341/316/341 330/315/330 346/317/346
f 342/318/342 331/312/331 330/315/330
f 343/319/343 330/315/330 341/316/341
f 344/320/344 333/321/333 345/322/345
f 330/315/330 332/287/332 344/320/344
f 346/317/346 344/320/344 345/322/345
f 351/323/351 361/324/361 319/296/319
f 319/296/319 335/325/335 351/323/351
f 352/326/352 351/323/351 335/325/335
f 339/327/339 335/325/335 336/314/336
f 352/326/352 335/325/335 339/327/339
f 353/328/353 339/327/339 338/329/338
f 346/317/346 347/330/347 380/331/380
f 380/331/380 347/330/347 355/332/355
f 355/332/355 354/333/354 358/334/358
f 348/335/348 349/336/349 357/337/357
f 345/322/345 348/335/348 356/338/356
f 356/338/356 348/335/348 357/337/357
f 358/334/358 354/333/354 345/322/345
f 360/339/360 357/337/357 349/336/349
f 363/340/363 361/324/361 351/323/351
f 362/341/362 350/342/350 361/324/361
f 359/343/359 350/342/350 362/341/362
f 388/344/388 351/323/351 352/326/352
f 169/345/169 108/346/108 171/347/171
f 169/345/169 171/347/171 366/348/366
f 171/347/171 368/349/368 367/350/367
f 368/349/368 218/200/218 401/351/401
f 365/352/365 320/304/320 325/305/325
f 366/348/366 340/353/340 169/345/169
f 372/354/372 340/353/340 366/348/366
f 375/355/375 370/356/370 374/357/374
f 375/355/375 406/358/406 370/356/370
f 275/251/275 371/359/371 370/356/370
f 377/360/377 352/326/352 353/328/353
f 353/328/353 372/354/372 378/361/378
f 378/361/378 372/354/372 379/362/379
f 380/331/380 343/319/343 341/316/341
f 382/363/382 343/319/343 380/331/380
f 381/364/381 382/363/382 380/331/380
f 355/332/355 358/334/358 384/365/384
f 381/364/381 380/331/380 355/332/355
f 384/365/384 381/364/381 355/332/355
f 362/341/362 363/340/363 386/366/386
f 364/367/364 386/366/386 363/340/363
f 389/368/389 390/369/390 364/367/364
f 390/369/390 386/366/386 364/367/364
f 391/370/391 390/369/390 389/368/389
f 391/370/391 389/368/389 388/344/388
f 392/371/392 377/360/377 378/361/378
f 421/372/421 381/364/381 384/365/384
f 394/373/394 356/338/356 357/337/357
f 394/373/394 385/374/385 356/338/356
f 393/375/393 384/365/384 385/374/385
f 398/376/398 399/377/399 397/378/397
f 399/377/399 395/379/395 397/378/397
f 387/380/387 362/341/362 386/366/386
f 400/381/400 431/382/431 387/380/387
f 427/383/427 399/377/399 431/382/431
f 402/384/402 367/350/367 401/351/401
f 367/350/367 402/384/402 403/385/403
f 403/385/403 402/384/402 404/386/404
f 404/386/404 402/384/402 405/387/405
f 376/388/376 407/389/407 406/358/406
f 407/389/407 287/263/287 286/260/286
f 372/354/372 373/390/373 379/362/379
f 378/361/378 379/362/379 419/391/419
f 379/362/379 408/392/408 419/391/419
f 379/362/379 404/386/404 408/392/408
f 408/392/408 411/393/411 410/394/410
f 379/362/379 373/390/373 403/385/403
f 413/395/413 376/388/376 374/357/374
f 413/395/413 414/396/414 376/388/376
f 413/395/413 382/363/382 415/397/415
f 418/398/418 417/399/417 391/370/391
f 419/391/419 418/398/418 392/371/392
f 454/400/454 415/397/415 383/401/383
f 454/400/454 383/401/383 421/372/421
f 421/372/421 383/401/383 381/364/381
f 454/400/454 421/372/421 423/402/423
f 424/403/424 423/402/423 422/404/422
f 425/405/425 393/375/393 385/374/385
f 425/405/425 385/374/385 396/406/396
f 399/377/399 428/407/428 395/379/395
f 427/383/427 429/408/429 399/377/399
f 430/409/430 427/383/427 431/382/431
f 390/369/390 432/410/432 400/381/400
f 417/399/417 434/411/434 432/410/432
f 436/412/436 422/404/422 425/405/425
f 439/413/439 428/407/428 429/408/429
f 440/414/440 429/408/429 427/383/427
f 442/415/442 220/202/220 252/230/252
f 442/415/442 252/230/252 253/231/253
f 443/416/443 442/415/442 253/231/253
f 405/387/405 402/384/402 442/415/442
f 444/417/444 404/386/404 405/387/405
f 405/387/405 443/416/443 444/417/444
f 444/418/444 752/419/752 756/420/756
f 411/393/411 450/421/450 410/394/410
f 411/393/411 412/422/412 450/421/450
f 447/423/447 414/396/414 416/424/416
f 446/425/446 291/270/291 287/263/287
f 449/426/449 446/427/446 414/428/414
f 448/429/448 449/426/449 414/428/414
f 420/430/420 410/394/410 451/431/451
f 420/430/420 462/432/462 461/433/461
f 451/431/451 450/421/450 445/434/445
f 452/435/452 455/436/455 454/437/454
f 454/437/454 455/436/455 447/438/447
f 453/439/453 452/440/452 423/402/423
f 453/439/453 423/402/423 457/441/457
f 456/442/456 453/439/453 457/441/457
f 456/442/456 452/440/452 453/439/453
f 459/443/459 470/444/470 458/445/458
f 458/446/458 470/447/470 468/448/468
f 461/433/461 460/449/460 435/450/435
f 434/411/434 435/450/435 458/446/458
f 460/451/460 459/443/459 458/445/458
f 464/452/464 457/441/457 424/403/424
f 464/452/464 424/403/424 437/453/437
f 439/413/439 438/454/438 428/407/428
f 467/455/467 438/454/438 439/413/439
f 466/456/466 436/412/436 438/454/438
f 469/457/469 440/414/440 441/458/441
f 468/448/468 470/447/470 441/458/441
f 570/459/570 473/460/473 475/461/475
f 475/461/475 472/462/472 471/463/471
f 477/464/477 476/465/476 475/461/475
f 481/466/481 474/467/474 479/468/479
f 477/464/477 475/461/475 474/467/474
f 482/469/482 480/470/480 484/471/484
f 482/469/482 483/472/483 479/468/479
f 489/473/489 481/466/481 483/472/483
f 478/474/478 487/475/487 486/476/486
f 485/477/485 478/474/478 477/464/477
f 488/478/488 485/477/485 490/479/490
f 484/471/484 488/478/488 482/469/482
f 482/469/482 488/478/488 483/472/483
f 483/472/483 488/478/488 490/479/490
f 499/480/499 500/481/500 501/482/501
f 502/483/502 499/480/499 501/482/501
f 502/483/502 501/482/501 503/484/503
f 505/485/505 502/483/502 504/486/504
f 496/487/496 501/482/501 491/488/491
f 505/485/505 507/489/507 508/490/508
f 509/491/509 508/490/508 507/489/507
f 511/492/511 510/493/510 512/494/512
f 512/494/512 510/493/510 546/495/546
f 517/496/517 514/497/514 516/498/516
f 519/499/519 227/210/227 518/500/518
f 520/501/520 513/502/513 517/496/517
f 527/503/527 519/499/519 553/504/553
f 521/505/521 527/503/527 553/504/553
f 233/215/233 522/217/522 235/218/235
f 522/217/522 523/506/523 524/507/524
f 522/217/522 519/499/519 523/506/523
f 526/508/526 523/506/523 525/509/525
f 525/509/525 519/499/519 527/503/527
f 528/510/528 235/218/235 524/507/524
f 524/507/524 530/511/530 531/512/531
f 528/510/528 524/507/524 531/512/531
f 240/221/240 190/176/190 529/513/529
f 533/514/533 240/221/240 534/515/534
f 537/516/537 241/223/241 533/514/533
f 536/517/536 244/224/244 537/516/537
f 537/516/537 533/514/533 535/518/535
f 245/226/245 244/224/244 538/519/538
f 538/519/538 244/224/244 536/517/536
f 539/520/539 245/226/245 538/519/538
f 247/227/247 539/520/539 540/521/540
f 583/522/583 539/520/539 538/519/538
f 541/523/541 250/228/250 248/524/248
f 251/229/251 250/228/250 541/523/541
f 541/523/541 582/525/582 587/526/587
f 253/527/253 543/528/543 542/529/542
f 543/528/543 251/229/251 541/523/541
f 542/529/542 543/528/543 587/526/587
f 547/530/547 546/495/546 548/531/548
f 551/532/551 547/530/547 548/531/548
f 551/532/551 548/531/548 549/533/549
f 515/534/515 512/494/512 547/530/547
f 515/534/515 547/530/547 551/532/551
f 517/496/517 516/498/516 552/535/552
f 550/536/550 515/534/515 551/532/551
f 553/504/553 520/501/520 517/496/517
f 555/537/555 553/504/553 517/496/517
f 517/496/517 552/535/552 555/537/555
f 521/505/521 554/538/554 556/539/556
f 557/540/557 554/538/554 558/541/558
f 532/542/532 528/510/528 531/512/531
f 529/513/529 528/510/528 560/543/560
f 560/543/560 528/510/528 532/542/532
f 560/543/560 532/542/532 563/544/563
f 562/545/562 563/544/563 561/546/561
f 565/547/565 563/544/563 564/548/564
f 562/545/562 564/548/564 563/544/563
f 566/549/566 534/515/534 529/513/529
f 566/549/566 529/513/529 560/543/560
f 567/550/567 560/543/560 565/547/565
f 569/551/569 568/552/568 473/460/473
f 571/553/571 544/554/544 572/555/572
f 572/555/572 544/554/544 570/459/570
f 573/556/573 551/532/551 549/533/549
f 549/533/549 545/557/545 571/553/571
f 574/558/574 549/533/549 571/553/571
f 574/558/574 573/556/573 549/533/549
f 574/558/574 576/559/576 573/556/573
f 573/556/573 576/559/576 551/532/551
f 552/535/552 550/536/550 575/560/575
f 550/536/550 551/532/551 605/561/605
f 535/518/535 533/514/533 566/549/566
f 578/562/578 566/549/566 567/550/567
f 577/563/577 535/518/535 578/562/578
f 536/517/536 537/516/537 535/518/535
f 579/564/579 580/565/580 629/566/629
f 581/567/581 580/565/580 579/564/579
f 582/525/582 248/524/248 540/521/540
f 583/522/583 586/568/586 585/569/585
f 586/568/586 580/565/580 581/567/581
f 589/570/589 584/571/584 656/572/656
f 588/573/588 589/570/589 656/572/656
f 596/574/596 598/575/598 599/576/599
f 600/577/600 571/553/571 572/555/572
f 596/574/596 600/577/600 572/555/572
f 550/536/550 605/561/605 603/578/603
f 576/559/576 604/579/604 605/561/605
f 604/579/604 606/580/606 605/561/605
f 606/580/606 603/578/603 605/561/605
f 608/581/608 603/578/603 607/582/607
f 592/583/592 558/541/558 575/560/575
f 609/584/609 557/540/557 592/583/592
f 612/585/612 609/584/609 592/583/592
f 609/584/609 612/585/612 613/586/613
f 612/585/612 592/583/592 615/587/615
f 592/583/592 611/588/611 615/587/615
f 611/588/611 608/581/608 615/587/615
f 610/589/610 613/586/613 614/590/614
f 614/590/614 619/591/619 618/592/618
f 621/593/621 617/594/617 620/595/620
f 620/595/620 619/591/619 622/596/622
f 621/593/621 620/595/620 622/596/622
f 616/597/616 619/591/619 614/590/614
f 625/598/625 594/599/594 623/600/623
f 593/601/593 594/599/594 626/602/626
f 625/598/625 626/602/626 624/603/624
f 627/604/627 593/601/593 626/602/626
f 627/604/627 595/605/595 593/601/593
f 628/606/628 627/604/627 626/602/626
f 567/550/567 595/605/595 630/607/630
f 629/566/629 630/607/630 631/608/631
f 632/609/632 630/607/630 595/605/595
f 632/609/632 595/605/595 627/604/627
f 476/465/476 597/610/597 570/459/570
f 476/465/476 486/476/486 597/610/597
f 596/574/596 635/611/635 598/575/598
f 633/612/633 635/611/635 636/613/636
f 637/614/637 634/615/634 633/612/633
f 601/616/601 600/577/600 638/617/638
f 638/617/638 602/618/602 601/616/601
f 637/614/637 639/619/639 638/617/638
f 639/619/639 604/579/604 602/618/602
f 641/620/641 604/579/604 639/619/639
f 640/621/640 641/620/641 639/619/639
f 581/567/581 579/564/579 644/622/644
f 645/623/645 579/564/579 629/566/629
f 645/623/645 629/566/629 631/608/631
f 646/624/646 581/567/581 644/622/644
f 643/625/643 645/623/645 631/608/631
f 643/625/643 644/622/644 645/623/645
f 585/569/585 586/568/586 581/567/581
f 647/626/647 492/627/492 491/488/491
f 647/626/647 649/628/649 651/629/651
f 648/630/648 637/614/637 636/613/636
f 649/628/649 648/630/648 636/613/636
f 652/631/652 637/614/637 650/632/650
f 655/633/655 646/624/646 644/622/644
f 584/571/584 585/569/585 657/634/657
f 584/571/584 657/634/657 656/572/656
f 585/569/585 581/567/581 657/634/657
f 658/635/658 656/572/656 657/634/657
f 659/636/659 657/634/657 646/624/646
f 659/636/659 646/624/646 655/633/655
f 647/626/647 491/488/491 499/480/499
f 502/483/502 660/637/660 647/626/647
f 502/483/502 505/485/505 661/638/661
f 502/483/502 661/638/661 660/637/660
f 650/632/650 649/628/649 660/637/660
f 661/638/661 662/639/662 660/637/660
f 663/640/663 662/639/662 661/638/661
f 661/638/661 508/490/508 663/640/663
f 664/641/664 656/572/656 665/642/665
f 658/635/658 659/636/659 666/643/666
f 666/643/666 659/636/659 699/644/699
f 591/645/591 656/572/656 664/641/664
f 669/646/669 612/585/612 615/587/615
f 615/587/615 608/581/608 669/646/669
f 667/647/667 669/646/669 608/581/608
f 668/648/668 669/646/669 670/649/670
f 671/650/671 621/593/621 622/596/622
f 671/650/671 628/606/628 621/593/621
f 673/651/673 616/597/616 668/648/668
f 670/649/670 667/647/667 687/652/687
f 673/651/673 670/649/670 674/653/674
f 673/651/673 676/654/676 616/597/616
f 677/655/677 678/656/678 676/654/676
f 675/657/675 677/655/677 676/654/676
f 681/658/681 678/656/678 677/655/677
f 678/656/678 628/606/628 671/650/671
f 678/656/678 627/604/627 628/606/628
f 681/658/681 680/659/680 678/656/678
f 682/660/682 632/609/632 627/604/627
f 679/661/679 682/660/682 627/604/627
f 684/662/684 643/625/643 683/663/683
f 685/664/685 652/631/652 653/665/653
f 640/621/640 685/664/685 672/666/672
f 654/667/654 685/664/685 653/665/653
f 686/668/686 685/664/685 654/667/654
f 640/621/640 672/666/672 641/620/641
f 642/669/642 641/620/641 672/666/672
f 688/670/688 642/669/642 672/666/672
f 687/652/687 642/669/642 688/670/688
f 686/668/686 688/670/688 672/666/672
f 689/671/689 688/670/688 690/672/690
f 675/657/675 674/653/674 691/673/691
f 693/674/693 680/659/680 681/658/681
f 695/675/695 680/659/680 693/674/693
f 680/659/680 682/660/682 679/661/679
f 680/659/680 683/663/683 682/660/682
f 695/675/695 684/662/684 683/663/683
f 696/676/696 684/662/684 695/675/695
f 698/677/698 655/633/655 697/678/697
f 699/644/699 659/636/659 655/633/655
f 700/679/700 662/639/662 663/640/663
f 654/667/654 662/639/662 700/679/700
f 702/680/702 686/668/686 701/681/701
f 703/682/703 690/672/690 686/668/686
f 703/682/703 686/668/686 702/680/702
f 716/683/716 704/684/704 694/685/694
f 704/684/704 696/676/696 695/675/695
f 857/686/857 698/677/698 705/687/705
f 705/687/705 704/684/704 857/686/857
f 707/688/707 699/644/699 655/633/655
f 698/677/698 707/688/707 655/633/655
f 707/688/707 698/677/698 706/689/706
f 815/690/815 666/643/666 707/688/707
f 708/691/708 675/657/675 691/673/691
f 854/692/854 703/682/703 702/680/702
f 710/693/710 689/671/689 703/682/703
f 711/694/711 709/695/709 708/691/708
f 713/696/713 711/694/711 712/697/712
f 713/696/713 709/695/709 711/694/711
f 692/698/692 709/695/709 713/696/713
f 715/699/715 693/674/693 714/700/714
f 694/685/694 693/674/693 715/699/715
f 718/701/718 720/702/720 719/703/719
f 720/702/720 721/704/721 719/703/719
f 722/271/722 720/702/720 718/701/718
f 722/271/722 723/705/723 720/702/720
f 291/706/291 724/707/724 292/708/292
f 725/709/725 724/707/724 291/706/291
f 726/710/726 737/711/737 736/712/736
f 730/713/730 723/705/723 724/707/724
f 730/713/730 731/714/731 729/715/729
f 731/714/731 726/710/726 728/716/728
f 732/717/732 731/714/731 730/713/730
f 734/718/734 724/707/724 725/709/725
f 736/712/736 735/719/735 727/720/727
f 737/711/737 738/721/738 736/712/736
f 743/722/743 738/721/738 737/711/737
f 740/723/740 743/722/743 737/711/737
f 744/724/744 739/725/739 743/722/743
f 744/724/744 743/722/743 742/726/742
f 741/727/741 742/726/742 740/723/740
f 749/728/749 509/491/509 748/729/748
f 750/730/750 751/731/751 747/732/747
f 741/727/741 740/723/740 732/717/732
f 747/732/747 746/733/746 742/726/742
f 749/728/749 748/729/748 751/731/751
f 754/734/754 253/527/253 542/529/542
f 443/735/443 754/734/754 752/419/752
f 752/419/752 754/734/754 753/736/753
f 754/734/754 542/529/542 755/737/755
f 759/738/759 756/420/756 758/739/758
f 758/739/758 756/420/756 783/740/783
f 760/741/760 449/426/449 448/429/448
f 761/742/761 291/706/291 449/426/449
f 759/738/759 451/743/451 445/744/445
f 456/745/456 766/746/766 455/436/455
f 455/436/455 762/747/762 448/429/448
f 766/746/766 765/748/765 455/436/455
f 767/749/767 792/750/792 765/748/765
f 766/746/766 767/749/767 765/748/765
f 768/751/768 766/746/766 456/745/456
f 768/751/768 767/749/767 766/746/766
f 459/443/459 769/752/769 470/444/470
f 805/753/805 780/754/780 770/755/770
f 773/756/773 463/757/463 462/758/462
f 463/757/463 772/759/772 459/443/459
f 772/759/772 463/757/463 773/756/773
f 769/752/769 459/443/459 772/759/772
f 771/760/771 769/752/769 772/759/772
f 464/761/464 768/751/768 456/745/456
f 778/762/778 466/763/466 467/764/467
f 781/765/781 467/764/467 469/766/469
f 806/767/806 779/768/779 781/765/781
f 470/444/470 770/755/770 780/754/780
f 755/737/755 591/645/591 753/736/753
f 795/769/795 785/770/785 824/771/824
f 787/772/787 725/709/725 761/742/761
f 792/750/792 790/773/790 762/747/762
f 790/773/790 827/774/827 791/775/791
f 793/776/793 774/777/774 763/778/763
f 794/779/794 793/776/793 796/780/796
f 793/776/793 794/779/794 809/781/809
f 764/782/764 759/738/759 757/783/757
f 763/778/763 764/782/764 795/769/795
f 796/780/796 763/778/763 795/769/795
f 796/780/796 793/776/793 763/778/763
f 799/784/799 767/749/767 768/751/768
f 799/784/799 798/785/798 767/749/767
f 802/786/802 800/787/800 801/788/801
f 803/789/803 812/790/812 811/791/811
f 805/753/805 806/767/806 780/754/780
f 842/792/842 804/793/804 806/767/806
f 771/760/771 805/753/805 769/752/769
f 808/794/808 845/795/845 771/760/771
f 774/777/774 771/760/771 772/759/772
f 809/781/809 771/760/771 774/777/774
f 775/796/775 799/784/799 768/751/768
f 777/797/777 801/788/801 775/796/775
f 802/786/802 777/797/777 776/798/776
f 802/786/802 801/788/801 777/797/777
f 812/790/812 803/789/803 802/786/802
f 806/767/806 781/765/781 780/754/780
f 806/767/806 804/793/804 811/791/811
f 815/690/815 817/799/817 665/642/665
f 814/800/814 817/799/817 815/690/815
f 665/642/665 666/643/666 815/690/815
f 814/800/814 815/690/815 816/801/816
f 747/732/747 742/726/742 741/727/741
f 741/727/741 813/802/813 747/732/747
f 747/732/747 813/802/813 750/730/750
f 819/803/819 820/804/820 816/801/816
f 786/805/786 782/806/782 820/804/820
f 820/804/820 782/806/782 817/799/817
f 788/807/788 821/808/821 733/809/733
f 861/810/861 818/811/818 821/808/821
f 823/812/823 886/813/886 838/814/838
f 825/815/825 785/770/785 786/805/786
f 824/771/824 785/770/785 825/815/825
f 825/815/825 786/805/786 819/803/819
f 824/771/824 869/816/869 836/817/836
f 826/818/826 828/819/828 827/774/827
f 827/774/827 828/819/828 861/810/861
f 829/820/829 822/821/822 828/819/828
f 830/822/830 887/823/887 829/820/829
f 829/820/829 874/824/874 873/825/873
f 829/820/829 887/823/887 874/824/874
f 839/826/839 888/827/888 887/823/887
f 839/826/839 889/828/889 888/827/888
f 835/829/835 834/830/834 833/831/833
f 837/832/837 810/833/810 809/781/809
f 833/831/833 810/833/810 837/832/837
f 836/817/836 838/814/838 837/832/837
f 836/817/836 837/832/837 794/779/794
f 835/829/835 833/831/833 837/832/837
f 835/829/835 837/832/837 838/814/838
f 836/817/836 823/812/823 838/814/838
f 796/780/796 795/769/795 824/771/824
f 796/780/796 824/771/824 794/779/794
f 798/785/798 800/787/800 830/822/830
f 798/785/798 830/822/830 826/818/826
f 840/834/840 802/786/802 803/789/803
f 840/834/840 803/789/803 841/835/841
f 800/787/800 831/836/831 839/826/839
f 840/834/840 841/835/841 831/836/831
f 843/837/843 803/789/803 842/792/842
f 843/837/843 841/835/841 803/789/803
f 843/837/843 891/838/891 844/839/844
f 846/840/846 842/792/842 845/795/845
f 832/841/832 846/840/846 845/795/845
f 833/831/833 808/794/808 807/842/807
f 845/795/845 808/794/808 833/831/833
f 750/730/750 848/843/848 749/728/749
f 813/802/813 849/844/849 848/843/848
f 850/845/850 700/679/700 663/640/663
f 849/844/849 850/845/850 847/846/847
f 849/844/849 851/847/851 850/845/850
f 853/848/853 701/681/701 850/845/850
f 854/692/854 701/681/701 853/848/853
f 856/849/856 704/684/704 716/683/716
f 860/850/860 706/689/706 859/851/859
f 706/689/706 860/850/860 707/688/707
f 816/801/816 815/690/815 860/850/860
f 862/852/862 852/853/852 861/810/861
f 863/854/863 852/853/852 862/852/862
f 863/854/863 853/848/853 852/853/852
f 862/852/862 864/855/864 863/854/863
f 872/856/872 858/857/858 868/858/868
f 858/857/858 909/859/909 868/858/868
f 868/858/868 909/859/909 867/860/867
f 870/861/870 859/851/859 872/856/872
f 871/862/871 870/861/870 872/856/872
f 872/856/872 859/851/859 858/857/858
f 816/801/816 860/850/860 870/861/870
f 822/821/822 873/825/873 864/855/864
f 822/821/822 864/855/864 862/852/862
f 866/863/866 864/855/864 874/824/874
f 878/864/878 912/865/912 890/866/890
f 876/867/876 912/865/912 877/868/877
f 880/869/880 879/870/879 881/871/881
f 882/872/882 885/873/885 883/874/883
f 882/872/882 868/858/868 885/873/885
f 868/858/868 867/860/867 885/873/885
f 885/873/885 910/875/910 881/871/881
f 869/816/869 870/861/870 871/862/871
f 823/812/823 869/816/869 871/862/871
f 886/813/886 823/812/823 871/862/871
f 886/813/886 882/872/882 883/874/883
f 887/823/887 888/827/888 875/876/875
f 888/827/888 889/828/889 875/876/875
f 889/828/889 876/867/876 875/876/875
f 844/839/844 889/828/889 841/835/841
f 890/866/890 876/867/876 844/839/844
f 891/838/891 890/866/890 844/839/844
f 876/867/876 890/866/890 912/865/912
f 892/877/892 880/869/880 893/878/893
f 880/869/880 878/864/878 891/838/891
f 834/830/834 884/879/884 892/877/892
f 883/874/883 834/830/834 835/829/835
f 895/880/895 703/682/703 854/692/854
f 894/881/894 895/880/895 854/692/854
f 710/693/710 703/682/703 895/880/895
f 712/697/712 895/880/895 896/882/896
f 897/883/897 713/696/713 712/697/712
f 895/880/895 712/697/712 710/693/710
f 715/699/715 714/700/714 898/884/898
f 907/885/907 898/884/898 897/883/897
f 856/849/856 716/683/716 900/886/900
f 900/886/900 716/683/716 901/887/901
f 909/859/909 857/686/857 856/849/856
f 866/863/866 894/881/894 865/888/865
f 902/889/902 896/882/896 894/881/894
f 866/863/866 902/889/902 894/881/894
f 902/889/902 897/883/897 896/882/896
f 907/885/907 899/890/899 898/884/898
f 907/885/907 897/883/897 904/891/904
f 906/892/906 899/890/899 907/885/907
f 909/859/909 856/849/856 900/886/900
f 909/859/909 901/887/901 911/893/911
f 908/894/908 910/875/910 909/859/909
f 911/893/911 901/887/901 905/895/905
f 901/887/901 715/699/715 899/890/899
f 901/887/901 899/890/899 905/895/905
f 867/860/867 909/859/909 910/875/910
f 877/868/877 903/896/903 902/889/902
f 905/895/905 906/892/906 912/865/912
f 878/864/878 905/895/905 912/865/912
f 908/894/908 911/893/911 881/871/881
f 5/33/5 2/897/2 3/898/3
f 5/33/5 3/898/3 4/6/4
f 10/3/10 9/2/9 8/899/8
f 2/897/2 6/143/6 1/142/1
f 13/5/13 5/33/5 4/6/4
f 15/9/15 12/4/12 4/6/4
f 16/11/16 14/7/14 12/4/12
f 17/8/17 12/4/12 15/9/15
f 22/158/22 21/13/21 26/12/26
f 27/18/27 26/12/26 25/14/25
f 24/16/24 11/1/11 18/24/18
f 30/20/30 167/17/167 27/18/27
f 31/25/31 18/24/18 11/1/11
f 29/21/29 18/24/18 31/25/31
f 29/21/29 31/25/31 32/22/32
f 30/20/30 28/19/28 29/21/29
f 28/19/28 19/233/19 20/23/20
f 5/33/5 34/27/34 35/29/35
f 34/27/34 37/38/37 38/31/38
f 36/30/36 39/28/39 33/900/33
f 43/32/43 15/9/15 40/36/40
f 13/5/13 14/7/14 34/27/34
f 16/11/16 44/35/44 14/7/14
f 14/7/14 37/38/37 34/27/34
f 45/34/45 43/32/43 41/37/41
f 44/35/44 46/39/46 37/38/37
f 48/41/48 47/87/47 69/86/69
f 48/41/48 71/43/71 49/42/49
f 71/43/71 48/41/48 69/86/69
f 48/41/48 53/46/53 47/87/47
f 53/46/53 293/274/293 101/308/101
f 54/40/54 52/47/52 48/41/48
f 50/45/50 57/49/57 49/42/49
f 56/278/56 57/49/57 58/901/58
f 57/49/57 50/45/50 51/51/51
f 51/51/51 58/901/58 57/49/57
f 102/97/102 60/50/60 59/52/59
f 121/57/121 64/56/64 65/55/65
f 61/111/61 118/59/118 63/54/63
f 62/902/62 61/111/61 73/67/73
f 73/67/73 147/138/147 62/902/62
f 147/138/147 73/67/73 70/66/70
f 89/44/89 71/43/71 74/69/74
f 74/69/74 72/68/72 63/54/63
f 69/86/69 73/67/73 72/68/72
f 74/69/74 64/56/64 122/58/122
f 63/54/63 73/67/73 61/111/61
f 74/69/74 122/58/122 76/70/76
f 76/70/76 66/60/66 67/62/67
f 80/74/80 77/73/77 79/72/79
f 82/75/82 80/74/80 78/77/78
f 75/71/75 67/62/67 79/72/79
f 83/79/83 82/75/82 78/77/78
f 82/75/82 83/79/83 84/80/84
f 83/79/83 78/77/78 81/76/81
f 87/65/87 47/87/47 99/83/99
f 87/65/87 99/83/99 88/85/88
f 87/65/87 88/85/88 70/66/70
f 69/86/69 72/68/72 71/43/71
f 50/45/50 89/44/89 90/88/90
f 91/53/91 51/51/51 90/88/90
f 90/88/90 89/44/89 75/71/75
f 90/88/90 75/71/75 77/73/77
f 102/97/102 77/73/77 92/99/92
f 82/75/82 92/99/92 77/73/77
f 92/99/92 82/75/82 93/100/93
f 93/100/93 82/75/82 95/89/95
f 94/102/94 95/89/95 96/103/96
f 95/89/95 149/82/149 96/103/96
f 165/91/165 155/96/155 97/92/97
f 99/83/99 100/94/100 86/95/86
f 53/46/53 101/308/101 99/83/99
f 101/308/101 98/93/98 99/83/99
f 104/286/104 102/97/102 103/903/103
f 103/903/103 102/97/102 92/99/92
f 94/102/94 105/98/105 93/100/93
f 94/102/94 93/100/93 95/89/95
f 107/104/107 106/101/106 94/102/94
f 107/104/107 96/103/96 108/346/108
f 108/346/108 96/103/96 162/152/162
f 129/120/129 111/904/111 112/124/112
f 113/125/113 112/124/112 114/169/114
f 117/108/117 116/106/116 197/105/197
f 62/902/62 119/112/119 61/111/61
f 120/184/120 118/59/118 119/112/119
f 200/117/200 118/59/118 120/184/120
f 119/112/119 201/113/201 199/183/199
f 120/184/120 119/112/119 199/183/199
f 123/114/123 65/55/65 118/59/118
f 122/58/122 121/57/121 125/905/125
f 124/118/124 122/58/122 125/905/125
f 110/115/110 121/57/121 123/114/123
f 125/905/125 121/57/121 109/116/109
f 124/118/124 126/61/126 66/60/66
f 128/906/128 127/64/127 126/61/126
f 127/64/127 128/906/128 130/119/130
f 129/120/129 130/119/130 111/904/111
f 81/76/81 131/121/131 132/78/132
f 131/121/131 129/120/129 112/124/112
f 133/123/133 131/121/131 204/126/204
f 136/130/136 138/134/138 142/136/142
f 141/129/141 140/131/140 143/132/143
f 144/133/144 141/129/141 143/132/143
f 140/131/140 142/136/142 115/135/115
f 142/136/142 140/131/140 136/130/136
f 140/131/140 115/135/115 143/132/143
f 116/106/116 143/132/143 115/135/115
f 139/907/139 116/106/116 115/135/115
f 117/108/117 143/132/143 116/106/116
f 139/907/139 193/107/193 116/106/116
f 146/137/146 147/138/147 70/66/70
f 88/85/88 146/137/146 70/66/70
f 147/138/147 119/112/119 62/902/62
f 147/138/147 198/109/198 119/112/119
f 144/133/144 198/109/198 147/138/147
f 198/109/198 144/133/144 145/110/145
f 148/81/148 84/80/84 132/78/132
f 132/78/132 134/122/134 148/81/148
f 149/82/149 153/140/153 151/151/151
f 153/140/153 150/139/150 152/188/152
f 135/127/135 148/81/148 134/122/134
f 150/139/150 135/127/135 152/188/152
f 7/141/7 6/143/6 156/144/156
f 157/145/157 8/899/8 7/141/7
f 159/149/159 157/145/157 137/148/137
f 158/147/158 159/149/159 137/148/137
f 10/3/10 8/899/8 157/145/157
f 156/144/156 6/143/6 2/897/2
f 159/149/159 160/26/160 10/3/10
f 160/26/160 11/1/11 10/3/10
f 85/84/85 146/137/146 88/85/88
f 146/137/146 85/84/85 86/95/86
f 161/150/161 146/137/146 86/95/86
f 161/150/161 86/95/86 155/96/155
f 146/137/146 161/150/161 144/133/144
f 161/150/161 158/147/158 141/129/141
f 96/103/96 149/82/149 151/151/151
f 163/153/163 162/152/162 151/151/151
f 165/91/165 22/158/22 166/157/166
f 167/17/167 166/157/166 22/158/22
f 168/146/168 166/157/166 30/20/30
f 168/146/168 32/22/32 160/26/160
f 100/94/100 155/96/155 86/95/86
f 170/155/170 108/346/108 162/152/162
f 171/347/171 108/346/108 170/155/170
f 171/347/171 170/155/170 218/200/218
f 218/200/218 170/155/170 164/159/164
f 175/161/175 174/160/174 173/180/173
f 178/163/178 176/162/176 175/161/175
f 181/167/181 180/165/180 110/115/110
f 182/166/182 181/167/181 183/213/183
f 184/214/184 181/167/181 202/168/202
f 183/213/183 181/167/181 184/214/184
f 185/170/185 114/169/114 186/171/186
f 234/174/234 186/171/186 187/173/187
f 192/178/192 193/107/193 172/179/172
f 193/107/193 194/908/194 172/179/172
f 197/105/197 192/178/192 195/181/195
f 197/105/197 193/107/193 192/178/192
f 198/109/198 117/108/117 195/181/195
f 195/181/195 192/178/192 173/180/173
f 195/181/195 173/180/173 174/160/174
f 196/182/196 174/160/174 199/183/199
f 201/113/201 198/109/198 196/182/196
f 202/168/202 200/117/200 199/183/199
f 191/177/191 204/126/204 113/125/113
f 205/186/205 133/123/133 206/187/206
f 206/187/206 191/177/191 238/222/238
f 207/128/207 205/186/205 206/187/206
f 209/190/209 207/128/207 239/191/239
f 5/33/5 35/29/35 211/909/211
f 153/140/153 152/188/152 212/194/212
f 213/192/213 153/140/153 212/194/212
f 212/194/212 210/193/210 213/192/213
f 208/189/208 209/190/209 210/193/210
f 218/200/218 164/159/164 216/197/216
f 220/202/220 401/351/401 218/200/218
f 179/205/179 202/168/202 203/185/203
f 242/910/242 223/206/223 179/205/179
f 184/214/184 202/168/202 223/206/223
f 225/208/225 184/214/184 223/206/223
f 229/911/229 183/213/183 232/212/232
f 232/212/232 184/214/184 225/208/225
f 232/212/232 230/216/230 229/911/229
f 231/219/231 230/216/230 233/215/233
f 232/212/232 228/211/228 227/210/227
f 188/172/188 186/171/186 190/176/190
f 234/174/234 189/175/189 231/219/231
f 235/218/235 234/174/234 231/219/231
f 236/912/236 234/174/234 235/218/235
f 190/176/190 234/174/234 236/912/236
f 191/177/191 188/172/188 190/176/190
f 191/177/191 237/220/237 238/222/238
f 238/222/238 237/220/237 240/221/240
f 242/910/242 179/205/179 222/204/222
f 239/191/239 206/187/206 238/222/238
f 210/193/210 209/190/209 243/225/243
f 243/225/243 209/190/209 244/224/244
f 246/196/246 213/192/213 210/193/210
f 245/226/245 247/227/247 243/225/243
f 248/524/248 246/196/246 247/227/247
f 248/524/248 250/228/250 246/196/246
f 217/198/217 214/195/214 246/196/246
f 253/527/253 251/913/251 543/528/543
f 255/914/255 261/235/261 254/915/254
f 255/914/255 256/237/256 261/235/261
f 257/238/257 256/237/256 255/914/255
f 259/232/259 20/23/20 19/233/19
f 254/915/254 261/235/261 21/13/21
f 254/915/254 21/13/21 22/158/22
f 263/240/263 258/243/258 262/236/262
f 263/240/263 265/241/265 267/242/267
f 264/239/264 272/250/272 269/245/269
f 265/241/265 268/246/268 267/242/267
f 266/244/266 271/254/271 268/246/268
f 269/245/269 271/254/271 266/244/266
f 267/242/267 270/247/270 260/234/260
f 268/246/268 271/254/271 270/247/270
f 269/245/269 272/250/272 271/254/271
f 262/236/262 273/248/273 264/239/264
f 274/249/274 278/252/278 272/250/272
f 276/253/276 259/232/259 260/234/260
f 279/255/279 276/253/276 270/247/270
f 278/252/278 279/255/279 271/254/271
f 282/258/282 283/268/283 281/259/281
f 279/255/279 280/256/280 276/253/276
f 281/259/281 283/268/283 284/261/284
f 282/258/282 285/262/285 283/268/283
f 280/256/280 288/265/288 277/257/277
f 289/266/289 288/265/288 280/256/280
f 719/703/719 717/916/717 289/917/289
f 284/261/284 289/266/289 280/256/280
f 285/273/285 292/708/292 722/271/722
f 291/270/291 292/918/292 285/262/285
f 295/276/295 293/274/293 55/48/55
f 293/274/293 53/46/53 52/47/52
f 296/309/296 293/274/293 294/275/294
f 297/277/297 54/40/54 57/49/57
f 298/280/298 299/279/299 297/277/297
f 300/282/300 56/278/56 58/901/58
f 300/282/300 58/901/58 51/51/51
f 300/282/300 51/51/51 60/50/60
f 301/281/301 298/280/298 56/278/56
f 302/283/302 60/50/60 303/285/303
f 104/286/104 303/285/303 60/50/60
f 304/284/304 104/286/104 305/919/305
f 104/286/104 60/50/60 102/97/102
f 305/919/305 104/286/104 103/903/103
f 306/299/306 305/919/305 103/903/103
f 306/299/306 103/903/103 326/300/326
f 309/290/309 295/276/295 299/279/299
f 308/289/308 310/291/310 299/279/299
f 307/288/307 294/275/294 295/276/295
f 333/321/333 307/288/307 309/290/309
f 302/283/302 301/281/301 300/282/300
f 311/292/311 308/289/308 298/280/298
f 302/283/302 312/294/312 301/281/301
f 311/292/311 301/281/301 312/294/312
f 314/295/314 302/283/302 303/285/303
f 315/302/315 302/283/302 314/295/314
f 312/294/312 302/283/302 315/302/315
f 304/284/304 305/919/305 306/299/306
f 316/297/316 314/295/314 304/284/304
f 316/297/316 304/284/304 306/299/306
f 317/301/317 333/321/333 309/290/309
f 314/295/314 318/303/318 315/302/315
f 313/293/313 312/294/312 318/303/318
f 321/90/321 254/915/254 22/158/22
f 321/90/321 255/914/255 254/915/254
f 320/304/320 255/914/255 321/90/321
f 322/920/322 257/238/257 255/914/255
f 320/304/320 322/920/322 255/914/255
f 98/93/98 323/306/323 97/92/97
f 323/306/323 98/93/98 101/308/101
f 296/309/296 324/307/324 323/306/323
f 326/300/326 103/903/103 92/99/92
f 106/101/106 326/300/326 105/98/105
f 107/104/107 328/310/328 106/101/106
f 107/104/107 108/346/108 169/345/169
f 329/311/329 324/307/324 296/309/296
f 369/921/369 325/305/325 331/312/331
f 333/321/333 332/287/332 307/288/307
f 334/313/334 316/297/316 306/299/306
f 336/314/336 335/325/335 334/313/334
f 337/922/337 336/314/336 328/310/328
f 339/327/339 336/314/336 337/922/337
f 338/329/338 339/327/339 337/922/337
f 340/353/340 337/922/337 328/310/328
f 107/104/107 340/353/340 328/310/328
f 340/353/340 338/329/338 337/922/337
f 342/318/342 369/921/369 331/312/331
f 343/319/343 342/318/342 330/315/330
f 344/320/344 332/287/332 333/321/333
f 330/315/330 329/311/329 332/287/332
f 346/317/346 330/315/330 344/320/344
f 347/330/347 346/317/346 345/322/345
f 347/330/347 345/322/345 354/333/354
f 345/322/345 333/321/333 317/301/317
f 345/322/345 317/301/317 348/335/348
f 349/336/349 317/301/317 313/293/313
f 350/342/350 349/336/349 313/293/313
f 318/303/318 314/295/314 319/296/319
f 318/303/318 350/342/350 313/293/313
f 319/296/319 361/324/361 318/303/318
f 319/296/319 316/297/316 334/313/334
f 334/313/334 335/325/335 319/296/319
f 352/326/352 339/327/339 353/328/353
f 355/332/355 347/330/347 354/333/354
f 349/336/349 348/335/348 317/301/317
f 356/338/356 358/334/358 345/322/345
f 359/343/359 360/339/360 349/336/349
f 350/342/350 359/343/359 349/336/349
f 318/303/318 361/324/361 350/342/350
f 361/324/361 363/340/363 362/341/362
f 364/367/364 363/340/363 351/323/351
f 389/368/389 364/367/364 351/323/351
f 388/344/388 389/368/389 351/323/351
f 365/352/365 322/920/322 320/304/320
f 322/920/322 273/248/273 257/238/257
f 365/352/365 273/248/273 322/920/322
f 366/348/366 171/347/171 367/350/367
f 368/349/368 171/347/171 218/200/218
f 370/356/370 365/352/365 325/305/325
f 370/356/370 325/305/325 369/921/369
f 365/352/365 274/249/274 273/248/273
f 273/248/273 274/249/274 264/239/264
f 371/359/371 274/249/274 365/352/365
f 370/356/370 371/359/371 365/352/365
f 371/359/371 275/251/275 274/249/274
f 340/353/340 107/104/107 169/345/169
f 367/350/367 372/354/372 366/348/366
f 372/354/372 367/350/367 373/390/373
f 373/390/373 367/350/367 403/385/403
f 342/318/342 374/357/374 369/921/369
f 369/921/369 374/357/374 370/356/370
f 376/388/376 406/358/406 375/355/375
f 343/319/343 374/357/374 342/318/342
f 377/360/377 353/328/353 378/361/378
f 353/328/353 338/329/338 340/353/340
f 372/354/372 353/328/353 340/353/340
f 374/357/374 376/388/376 375/355/375
f 346/317/346 380/331/380 341/316/341
f 343/319/343 382/363/382 374/357/374
f 383/401/383 382/363/382 381/364/381
f 415/397/415 382/363/382 383/401/383
f 385/374/385 358/334/358 356/338/356
f 359/343/359 397/378/397 360/339/360
f 377/360/377 388/344/388 352/326/352
f 388/344/388 377/360/377 392/371/392
f 391/370/391 388/344/388 392/371/392
f 417/399/417 390/369/390 391/370/391
f 391/370/391 392/371/392 418/398/418
f 393/375/393 421/372/421 384/365/384
f 384/365/384 358/334/358 385/374/385
f 396/406/396 385/374/385 394/373/394
f 394/373/394 357/337/357 360/339/360
f 397/378/397 394/373/394 360/339/360
f 398/376/398 397/378/397 359/343/359
f 397/378/397 395/379/395 394/373/394
f 395/379/395 396/406/396 394/373/394
f 362/341/362 398/376/398 359/343/359
f 362/341/362 387/380/387 398/376/398
f 386/366/386 400/381/400 387/380/387
f 387/380/387 431/382/431 398/376/398
f 398/376/398 431/382/431 399/377/399
f 390/369/390 400/381/400 386/366/386
f 390/369/390 417/399/417 432/410/432
f 367/350/367 368/349/368 401/351/401
f 370/356/370 406/358/406 275/251/275
f 406/358/406 286/260/286 275/251/275
f 406/358/406 407/389/407 286/260/286
f 408/392/408 404/386/404 411/393/411
f 379/362/379 403/385/403 404/386/404
f 411/393/411 404/386/404 412/422/412
f 414/396/414 407/389/407 376/388/376
f 413/395/413 416/424/416 414/396/414
f 446/425/446 407/389/407 414/396/414
f 413/395/413 374/357/374 382/363/382
f 415/397/415 416/424/416 413/395/413
f 418/398/418 420/430/420 461/433/461
f 418/398/418 461/433/461 435/450/435
f 392/371/392 378/361/378 419/391/419
f 419/391/419 408/392/408 409/923/409
f 418/398/418 419/391/419 409/923/409
f 409/923/409 420/430/420 418/398/418
f 409/923/409 408/392/408 410/394/410
f 410/394/410 420/430/420 409/923/409
f 454/400/454 416/424/416 415/397/415
f 393/375/393 423/402/423 421/372/421
f 422/404/422 423/402/423 393/375/393
f 425/405/425 422/404/422 393/375/393
f 396/406/396 426/924/426 425/405/425
f 428/407/428 396/406/396 395/379/395
f 399/377/399 429/408/429 428/407/428
f 431/382/431 400/381/400 430/409/430
f 400/381/400 433/925/433 430/409/430
f 430/409/430 441/458/441 427/383/427
f 432/410/432 434/411/434 400/381/400
f 400/381/400 434/411/434 433/925/433
f 433/925/433 468/448/468 430/409/430
f 433/925/433 434/411/434 468/448/468
f 418/398/418 435/450/435 417/399/417
f 417/399/417 435/450/435 434/411/434
f 426/924/426 436/412/436 425/405/425
f 436/412/436 437/453/437 422/404/422
f 428/407/428 426/924/426 396/406/396
f 428/407/428 438/454/438 426/924/426
f 438/454/438 436/412/436 426/924/426
f 429/408/429 440/414/440 439/413/439
f 427/383/427 441/458/441 440/414/440
f 442/415/442 401/351/401 220/202/220
f 402/384/402 401/351/401 442/415/442
f 443/416/443 405/387/405 442/415/442
f 752/419/752 444/418/444 443/735/443
f 412/422/412 404/386/404 444/417/444
f 412/926/412 444/418/444 756/420/756
f 756/420/756 445/744/445 412/926/412
f 407/389/407 446/425/446 287/263/287
f 447/438/447 448/429/448 414/428/414
f 446/427/446 449/426/449 291/706/291
f 420/430/420 451/431/451 462/432/462
f 451/431/451 410/394/410 450/421/450
f 450/421/450 412/422/412 445/434/445
f 454/400/454 447/423/447 416/424/416
f 452/435/452 456/745/456 455/436/455
f 455/436/455 448/429/448 447/438/447
f 423/402/423 452/440/452 454/400/454
f 424/403/424 457/441/457 423/402/423
f 434/411/434 458/446/458 468/448/468
f 458/446/458 435/450/435 460/449/460
f 461/433/461 462/432/462 463/927/463
f 460/449/460 461/433/461 463/927/463
f 460/451/460 463/757/463 459/443/459
f 464/452/464 456/442/456 457/441/457
f 437/453/437 424/403/424 422/404/422
f 436/412/436 465/928/465 437/453/437
f 465/928/465 464/452/464 437/453/437
f 466/456/466 465/928/465 436/412/436
f 440/414/440 467/455/467 439/413/439
f 467/455/467 466/456/466 438/454/438
f 430/409/430 468/448/468 441/458/441
f 469/457/469 441/458/441 470/447/470
f 469/457/469 467/455/467 440/414/440
f 475/461/475 473/460/473 472/462/472
f 475/461/475 476/465/476 570/459/570
f 477/464/477 478/474/478 476/465/476
f 481/466/481 477/464/477 474/467/474
f 479/468/479 480/470/480 482/469/482
f 481/466/481 479/468/479 483/472/483
f 481/466/481 489/473/489 477/464/477
f 486/476/486 476/465/476 478/474/478
f 485/477/485 487/475/487 478/474/478
f 489/473/489 485/477/485 477/464/477
f 490/479/490 485/477/485 489/473/489
f 489/473/489 483/472/483 490/479/490
f 651/629/651 493/929/493 492/627/492
f 495/930/495 651/629/651 494/931/494
f 493/929/493 651/629/651 495/930/495
f 493/929/493 495/930/495 496/487/496
f 499/480/499 491/488/491 500/481/500
f 503/484/503 501/482/501 497/932/497
f 491/488/491 501/482/501 500/481/500
f 504/486/504 502/483/502 503/484/503
f 506/933/506 503/484/503 498/934/498
f 492/627/492 496/487/496 491/488/491
f 504/486/504 503/484/503 506/933/506
f 492/627/492 493/929/493 496/487/496
f 507/489/507 504/486/504 506/933/506
f 505/485/505 504/486/504 507/489/507
f 516/498/516 514/497/514 515/534/515
f 519/499/519 518/500/518 520/501/520
f 519/499/519 520/501/520 553/504/553
f 519/499/519 522/217/522 227/210/227
f 525/509/525 523/506/523 519/499/519
f 524/507/524 523/506/523 526/508/526
f 190/176/190 236/912/236 528/510/528
f 236/912/236 235/218/235 528/510/528
f 235/218/235 522/217/522 524/507/524
f 529/513/529 190/176/190 528/510/528
f 524/507/524 526/508/526 530/511/530
f 533/514/533 241/223/241 240/221/240
f 534/515/534 240/221/240 529/513/529
f 244/224/244 241/223/241 537/516/537
f 580/565/580 538/519/538 536/517/536
f 247/227/247 245/226/245 539/520/539
f 540/521/540 248/524/248 247/227/247
f 540/521/540 539/520/539 583/522/583
f 583/522/583 538/519/538 580/565/580
f 541/523/541 248/524/248 582/525/582
f 543/528/543 541/523/541 587/526/587
f 547/530/547 512/494/512 546/495/546
f 516/498/516 515/534/515 550/536/550
f 550/536/550 552/535/552 516/498/516
f 554/538/554 553/504/553 555/537/555
f 521/505/521 553/504/553 554/538/554
f 558/541/558 555/537/555 552/535/552
f 558/541/558 554/538/554 555/537/555
f 557/540/557 556/539/556 554/538/554
f 558/541/558 552/535/552 575/560/575
f 531/512/531 530/511/530 559/935/559
f 532/542/532 531/512/531 561/546/561
f 531/512/531 562/545/562 561/546/561
f 563/544/563 532/542/532 561/546/561
f 565/547/565 560/543/560 563/544/563
f 566/549/566 533/514/533 534/515/534
f 567/550/567 566/549/566 560/543/560
f 568/552/568 472/462/472 473/460/473
f 473/460/473 544/554/544 569/551/569
f 571/553/571 545/557/545 544/554/544
f 473/460/473 570/459/570 544/554/544
f 576/559/576 605/561/605 551/532/551
f 578/562/578 535/518/535 566/549/566
f 580/565/580 536/517/536 535/518/535
f 580/565/580 535/518/535 577/563/577
f 629/566/629 580/565/580 577/563/577
f 540/521/540 583/522/583 584/571/584
f 582/525/582 540/521/540 584/571/584
f 585/569/585 584/571/584 583/522/583
f 583/522/583 580/565/580 586/568/586
f 587/526/587 582/525/582 589/570/589
f 588/573/588 587/526/587 589/570/589
f 589/570/589 582/525/582 584/571/584
f 590/936/590 542/529/542 587/526/587
f 590/936/590 587/526/587 588/573/588
f 755/737/755 590/936/590 591/645/591
f 591/645/591 590/936/590 588/573/588
f 592/583/592 557/540/557 558/541/558
f 593/601/593 565/547/565 564/548/564
f 593/601/593 564/548/564 594/599/594
f 595/605/595 567/550/567 565/547/565
f 570/459/570 596/574/596 572/555/572
f 570/459/570 597/610/597 596/574/596
f 571/553/571 601/616/601 574/558/574
f 600/577/600 601/616/601 571/553/571
f 601/616/601 602/618/602 574/558/574
f 599/576/599 600/577/600 596/574/596
f 602/618/602 604/579/604 574/558/574
f 550/536/550 603/578/603 575/560/575
f 576/559/576 574/558/574 604/579/604
f 607/582/607 603/578/603 606/580/606
f 592/583/592 575/560/575 611/588/611
f 575/560/575 603/578/603 611/588/611
f 613/586/613 610/589/610 609/584/609
f 603/578/603 608/581/608 611/588/611
f 618/592/618 619/591/619 620/595/620
f 614/590/614 613/586/613 612/585/612
f 593/601/593 595/605/595 565/547/565
f 625/598/625 624/603/624 594/599/594
f 626/602/626 594/599/594 624/603/624
f 621/593/621 626/602/626 625/598/625
f 625/598/625 617/594/617 621/593/621
f 628/606/628 626/602/626 621/593/621
f 630/607/630 578/562/578 567/550/567
f 629/566/629 578/562/578 630/607/630
f 629/566/629 577/563/577 578/562/578
f 596/574/596 597/610/597 635/611/635
f 635/611/635 597/610/597 486/476/486
f 633/612/633 599/576/599 598/575/598
f 633/612/633 634/615/634 599/576/599
f 633/612/633 598/575/598 635/611/635
f 636/613/636 637/614/637 633/612/633
f 638/617/638 639/619/639 602/618/602
f 599/576/599 638/617/638 600/577/600
f 634/615/634 638/617/638 599/576/599
f 637/614/637 638/617/638 634/615/634
f 637/614/637 640/621/640 639/619/639
f 607/582/607 606/580/606 604/579/604
f 607/582/607 604/579/604 641/620/641
f 642/669/642 607/582/607 641/620/641
f 631/608/631 630/607/630 632/609/632
f 645/623/645 644/622/644 579/564/579
f 647/626/647 651/629/651 492/627/492
f 649/628/649 636/613/636 651/629/651
f 649/628/649 650/632/650 648/630/648
f 651/629/651 636/613/636 494/931/494
f 650/632/650 637/614/637 648/630/648
f 652/631/652 640/621/640 637/614/637
f 653/665/653 652/631/652 650/632/650
f 654/667/654 653/665/653 650/632/650
f 657/634/657 581/567/581 646/624/646
f 659/636/659 658/635/658 657/634/657
f 502/483/502 647/626/647 499/480/499
f 647/626/647 660/637/660 649/628/649
f 660/637/660 662/639/662 650/632/650
f 508/490/508 661/638/661 505/485/505
f 650/632/650 662/639/662 654/667/654
f 666/643/666 656/572/656 658/635/658
f 665/642/665 656/572/656 666/643/666
f 591/645/591 588/573/588 656/572/656
f 667/647/667 608/581/608 607/582/607
f 668/648/668 616/597/616 612/585/612
f 616/597/616 614/590/614 612/585/612
f 668/648/668 612/585/612 669/646/669
f 667/647/667 670/649/670 669/646/669
f 622/596/622 619/591/619 616/597/616
f 616/597/616 671/650/671 622/596/622
f 667/647/667 607/582/607 642/669/642
f 642/669/642 687/652/687 667/647/667
f 673/651/673 668/648/668 670/649/670
f 674/653/674 670/649/670 687/652/687
f 674/653/674 675/657/675 673/651/673
f 675/657/675 676/654/676 673/651/673
f 676/654/676 671/650/671 616/597/616
f 676/654/676 678/656/678 671/650/671
f 678/656/678 679/661/679 627/604/627
f 678/656/678 680/659/680 679/661/679
f 632/609/632 683/663/683 631/608/631
f 683/663/683 643/625/643 631/608/631
f 682/660/682 683/663/683 632/609/632
f 685/664/685 640/621/640 652/631/652
f 672/666/672 685/664/685 686/668/686
f 690/672/690 688/670/688 686/668/686
f 688/670/688 689/671/689 687/652/687
f 689/671/689 674/653/674 687/652/687
f 689/671/689 691/673/691 674/653/674
f 692/698/692 681/658/681 677/655/677
f 692/698/692 693/674/693 681/658/681
f 694/685/694 695/675/695 693/674/693
f 680/659/680 695/675/695 683/663/683
f 643/625/643 697/678/697 644/622/644
f 697/678/697 655/633/655 644/622/644
f 684/662/684 697/678/697 643/625/643
f 684/662/684 698/677/698 697/678/697
f 696/676/696 698/677/698 684/662/684
f 663/640/663 508/490/508 749/728/749
f 701/681/701 686/668/686 654/667/654
f 700/679/700 701/681/701 654/667/654
f 854/692/854 702/680/702 701/681/701
f 696/676/696 705/687/705 698/677/698
f 704/684/704 695/675/695 694/685/694
f 704/684/704 705/687/705 696/676/696
f 707/688/707 666/643/666 699/644/699
f 708/691/708 709/695/709 675/657/675
f 709/695/709 677/655/677 675/657/675
f 703/682/703 689/671/689 690/672/690
f 710/693/710 691/673/691 689/671/689
f 710/693/710 708/691/708 691/673/691
f 710/693/710 711/694/711 708/691/708
f 710/693/710 712/697/712 711/694/711
f 709/695/709 692/698/692 677/655/677
f 714/700/714 693/674/693 692/698/692
f 713/696/713 714/700/714 692/698/692
f 289/917/289 718/701/718 719/703/719
f 722/271/722 718/701/718 290/272/290
f 723/705/723 729/715/729 720/702/720
f 720/702/720 729/715/729 721/704/721
f 292/708/292 724/707/724 722/271/722
f 724/707/724 723/705/723 722/271/722
f 726/710/726 731/714/731 737/711/737
f 729/715/729 728/716/728 721/704/721
f 729/715/729 731/714/731 728/716/728
f 723/705/723 730/713/730 729/715/729
f 731/714/731 732/717/732 737/711/737
f 734/718/734 733/809/733 730/713/730
f 733/809/733 732/717/732 730/713/730
f 734/718/734 730/713/730 724/707/724
f 736/712/736 739/725/739 735/719/735
f 736/712/736 738/721/738 739/725/739
f 742/726/742 743/722/743 740/723/740
f 739/725/739 738/721/738 743/722/743
f 744/724/744 745/937/745 739/725/739
f 744/724/744 746/733/746 745/937/745
f 749/728/749 508/490/508 509/491/509
f 732/717/732 740/723/740 737/711/737
f 746/733/746 744/724/744 742/726/742
f 751/731/751 750/730/750 749/728/749
f 443/735/443 253/527/253 754/734/754
f 752/419/752 783/740/783 756/420/756
f 783/740/783 752/419/752 753/736/753
f 759/738/759 445/744/445 756/420/756
f 783/740/783 757/783/757 759/738/759
f 783/740/783 759/738/759 758/739/758
f 761/742/761 725/709/725 291/706/291
f 760/741/760 761/742/761 449/426/449
f 462/758/462 451/743/451 764/782/764
f 764/782/764 451/743/451 759/738/759
f 764/782/764 773/756/773 462/758/462
f 764/782/764 763/778/763 773/756/773
f 448/429/448 762/747/762 760/741/760
f 455/436/455 765/748/765 762/747/762
f 765/748/765 792/750/792 762/747/762
f 769/752/769 770/755/770 470/444/470
f 769/752/769 805/753/805 770/755/770
f 763/778/763 774/777/774 773/756/773
f 774/777/774 772/759/772 773/756/773
f 775/796/775 768/751/768 464/761/464
f 465/938/465 775/796/775 464/761/464
f 465/938/465 776/798/776 777/797/777
f 465/938/465 777/797/777 775/796/775
f 466/763/466 776/798/776 465/938/465
f 778/762/778 776/798/776 466/763/466
f 467/764/467 779/768/779 778/762/778
f 779/768/779 811/791/811 778/762/778
f 780/754/780 469/766/469 470/444/470
f 469/766/469 780/754/780 781/765/781
f 781/765/781 779/768/779 467/764/467
f 755/737/755 542/529/542 590/936/590
f 753/736/753 754/734/754 755/737/755
f 782/806/782 753/736/753 591/645/591
f 783/740/783 753/736/753 784/939/784
f 782/806/782 784/939/784 753/736/753
f 785/770/785 783/740/783 784/939/784
f 786/805/786 784/939/784 782/806/782
f 786/805/786 785/770/785 784/939/784
f 725/709/725 787/772/787 734/718/734
f 787/772/787 788/807/788 734/718/734
f 789/940/789 757/783/757 785/770/785
f 795/769/795 789/940/789 785/770/785
f 785/770/785 757/783/757 783/740/783
f 790/773/790 787/772/787 761/742/761
f 760/741/760 790/773/790 761/742/761
f 790/773/790 791/775/791 787/772/787
f 791/775/791 788/807/788 787/772/787
f 760/741/760 762/747/762 790/773/790
f 790/773/790 792/750/792 827/774/827
f 792/750/792 797/941/797 827/774/827
f 789/940/789 764/782/764 757/783/757
f 795/769/795 764/782/764 789/940/789
f 767/749/767 797/941/797 792/750/792
f 767/749/767 798/785/798 797/941/797
f 799/784/799 800/787/800 798/785/798
f 801/788/801 800/787/800 799/784/799
f 802/786/802 840/834/840 800/787/800
f 804/793/804 803/789/803 811/791/811
f 805/753/805 845/795/845 806/767/806
f 842/792/842 806/767/806 845/795/845
f 771/760/771 845/795/845 805/753/805
f 807/842/807 808/794/808 771/760/771
f 809/781/809 774/777/774 793/776/793
f 809/781/809 810/833/810 771/760/771
f 810/833/810 807/842/807 771/760/771
f 775/796/775 801/788/801 799/784/799
f 778/762/778 812/790/812 776/798/776
f 778/762/778 811/791/811 812/790/812
f 776/798/776 812/790/812 802/786/802
f 806/767/806 811/791/811 779/768/779
f 750/730/750 813/802/813 848/843/848
f 817/799/817 664/641/664 665/642/665
f 782/806/782 591/645/591 817/799/817
f 817/799/817 591/645/591 664/641/664
f 820/804/820 817/799/817 814/800/814
f 733/809/733 741/727/741 732/717/732
f 733/809/733 813/802/813 741/727/741
f 733/809/733 818/811/818 813/802/813
f 819/803/819 786/805/786 820/804/820
f 816/801/816 820/804/820 814/800/814
f 869/816/869 819/803/819 816/801/816
f 788/807/788 733/809/733 734/718/734
f 791/775/791 821/808/821 788/807/788
f 821/808/821 818/811/818 733/809/733
f 827/774/827 861/810/861 821/808/821
f 824/771/824 825/815/825 869/816/869
f 869/816/869 823/812/823 836/817/836
f 869/816/869 825/815/825 819/803/819
f 791/775/791 827/774/827 821/808/821
f 797/941/797 826/818/826 827/774/827
f 826/818/826 829/820/829 828/819/828
f 828/819/828 822/821/822 861/810/861
f 822/821/822 829/820/829 873/825/873
f 826/818/826 830/822/830 829/820/829
f 832/841/832 892/877/892 893/878/893
f 833/831/833 892/877/892 832/841/832
f 833/831/833 834/830/834 892/877/892
f 837/832/837 809/781/809 794/779/794
f 824/771/824 836/817/836 794/779/794
f 886/813/886 835/829/835 838/814/838
f 797/941/797 798/785/798 826/818/826
f 800/787/800 839/826/839 830/822/830
f 839/826/839 887/823/887 830/822/830
f 840/834/840 831/836/831 800/787/800
f 831/836/831 889/828/889 839/826/839
f 803/789/803 804/793/804 842/792/842
f 843/837/843 844/839/844 841/835/841
f 846/840/846 893/878/893 843/837/843
f 842/792/842 846/840/846 843/837/843
f 846/840/846 832/841/832 893/878/893
f 832/841/832 845/795/845 833/831/833
f 810/833/810 833/831/833 807/842/807
f 847/846/847 663/640/663 749/728/749
f 848/843/848 847/846/847 749/728/749
f 849/844/849 847/846/847 848/843/848
f 850/845/850 663/640/663 847/846/847
f 850/845/850 701/681/701 700/679/700
f 851/847/851 852/853/852 850/845/850
f 852/853/852 853/848/853 850/845/850
f 853/848/853 855/942/855 854/692/854
f 856/849/856 857/686/857 704/684/704
f 857/686/857 706/689/706 698/677/698
f 858/857/858 706/689/706 857/686/857
f 859/851/859 706/689/706 858/857/858
f 860/850/860 815/690/815 707/688/707
f 813/802/813 851/847/851 849/844/849
f 818/811/818 852/853/852 813/802/813
f 861/810/861 852/853/852 818/811/818
f 813/802/813 852/853/852 851/847/851
f 853/848/853 863/854/863 855/942/855
f 863/854/863 865/888/865 855/942/855
f 864/855/864 865/888/865 863/854/863
f 865/888/865 894/881/894 855/942/855
f 870/861/870 860/850/860 859/851/859
f 871/862/871 872/856/872 882/872/882
f 882/872/882 872/856/872 868/858/868
f 870/861/870 869/816/869 816/801/816
f 861/810/861 822/821/822 862/852/862
f 873/825/873 874/824/874 864/855/864
f 874/824/874 875/876/875 866/863/866
f 864/855/864 866/863/866 865/888/865
f 866/863/866 875/876/875 877/868/877
f 875/876/875 876/867/876 877/868/877
f 866/863/866 877/868/877 902/889/902
f 880/869/880 881/871/881 878/864/878
f 881/871/881 910/875/910 908/894/908
f 883/874/883 885/873/885 884/879/884
f 884/879/884 885/873/885 881/871/881
f 884/879/884 881/871/881 879/870/879
f 885/873/885 867/860/867 910/875/910
f 886/813/886 871/862/871 882/872/882
f 887/823/887 875/876/875 874/824/874
f 841/835/841 889/828/889 831/836/831
f 893/878/893 891/838/891 843/837/843
f 889/828/889 844/839/844 876/867/876
f 891/838/891 878/864/878 890/866/890
f 892/877/892 879/870/879 880/869/880
f 893/878/893 880/869/880 891/838/891
f 883/874/883 835/829/835 886/813/886
f 883/874/883 884/879/884 834/830/834
f 884/879/884 879/870/879 892/877/892
f 855/942/855 894/881/894 854/692/854
f 894/881/894 896/882/896 895/880/895
f 897/883/897 712/697/712 896/882/896
f 898/884/898 714/700/714 713/696/713
f 899/890/899 715/699/715 898/884/898
f 897/883/897 898/884/898 713/696/713
f 715/699/715 716/683/716 694/685/694
f 901/887/901 716/683/716 715/699/715
f 909/859/909 858/857/858 857/686/857
f 903/896/903 897/883/897 902/889/902
f 903/896/903 904/891/904 897/883/897
f 906/892/906 905/895/905 899/890/899
f 906/892/906 907/885/907 904/891/904
f 909/859/909 900/886/900 901/887/901
f 911/893/911 908/894/908 909/859/909
f 905/895/905 878/864/878 911/893/911
f 877/868/877 904/891/904 903/896/903
f 877/868/877 912/865/912 906/892/906
f 877/868/877 906/892/906 904/891/904
f 878/864/878 881/871/881 911/893/911
