# Blender 5.2.1 LTS
# www.blender.org
o ZombieHead1.001
v -0.269601 -0.322432 0.174079
v -0.239409 -0.344677 0.254726
v -0.232541 -0.376114 0.229315
v -0.212253 -0.353582 0.231699
v -0.211037 -0.380455 0.182393
v -0.199407 -0.366090 0.185310
v -0.209816 -0.409580 0.191390
v -0.279758 -0.386924 0.133414
v -0.269153 -0.370579 0.198796
v -0.263642 -0.350550 0.131312
v -0.265021 -0.373308 0.096750
v -0.248578 -0.351723 0.105364
v -0.226997 -0.373634 0.090451
v -0.215310 -0.369411 0.136374
v -0.205290 -0.353691 0.138521
v -0.198810 -0.406765 0.135670
v -0.201341 -0.373925 0.114370
v -0.270362 -0.405981 0.080874
v -0.232427 -0.421548 0.043192
v -0.225544 -0.439550 0.024364
v -0.294513 -0.368594 0.015412
v -0.306795 -0.339634 -0.007839
v -0.291775 -0.401240 0.003231
v -0.269887 -0.400982 0.015767
v -0.261984 -0.350696 0.028078
v -0.238422 -0.430540 0.015002
v -0.238026 -0.368258 0.018117
v -0.218974 -0.373278 0.057309
v -0.230063 -0.392514 0.030562
v -0.214403 -0.370434 0.080599
v -0.216292 -0.355598 0.070801
v -0.172842 -0.359524 0.297296
v -0.187166 -0.356831 0.246504
v -0.180192 -0.366034 0.197682
v -0.157441 -0.384105 0.236141
v -0.136410 -0.391689 0.177061
v -0.188371 -0.411274 0.127118
v -0.185826 -0.353959 0.151313
v -0.188817 -0.370793 0.113362
v -0.179045 -0.358139 0.130870
v -0.161888 -0.373340 0.141232
v -0.143868 -0.395329 0.157340
v -0.432068 -0.094111 0.101113
v -0.414274 -0.100367 0.133079
v -0.444335 -0.086692 0.053559
v -0.418770 -0.048680 0.101945
v -0.441446 -0.068516 -0.011099
v -0.433232 -0.053269 0.043446
v -0.432442 -0.013270 -0.012073
v -0.430622 -0.024501 0.047689
v -0.421916 0.005342 0.034439
v -0.420496 0.051414 0.004004
v -0.316214 -0.109687 0.288111
v -0.350248 -0.059875 0.279797
v -0.323283 -0.071006 0.320674
v -0.335425 -0.088148 0.296662
v -0.318733 -0.015558 0.298128
v -0.307449 -0.089018 0.329656
v -0.347562 0.059425 0.251844
v -0.314534 0.092284 0.292535
v -0.374752 -0.125258 0.156048
v -0.365887 -0.102527 0.201911
v -0.333716 -0.128511 0.212398
v -0.304646 -0.179072 0.185118
v -0.375389 -0.081305 0.208558
v -0.383559 -0.042738 0.193358
v -0.363608 -0.022115 0.229266
v -0.390341 0.018671 0.168334
v -0.362507 0.035442 0.226678
v -0.370920 0.121077 0.168669
v -0.358617 0.088225 0.223127
v -0.325172 0.124342 0.271367
v -0.350605 0.144294 0.216045
v -0.366377 0.160112 0.172144
v -0.358438 0.211846 0.168044
v -0.336628 0.187814 0.222294
v -0.315998 0.243380 0.209334
v -0.306732 0.284750 0.189255
v -0.314673 -0.234019 0.101473
v -0.329961 -0.201359 0.135324
v -0.399030 -0.130534 0.098085
v -0.372310 -0.177828 0.093786
v -0.356695 -0.162439 0.141617
v -0.408376 0.005963 0.117024
v -0.398965 0.060877 0.060846
v -0.386620 0.118005 0.061309
v -0.381890 0.171117 0.081706
v -0.375114 0.250260 0.065538
v -0.345149 0.311648 0.069625
v -0.349917 0.244225 0.144358
v -0.312999 0.326336 0.119093
v -0.340703 0.277387 0.140761
v -0.308499 -0.258282 0.073905
v -0.340614 -0.260840 -0.006599
v -0.410324 -0.168284 -0.031731
v -0.382042 -0.194724 0.032610
v -0.376661 -0.215333 -0.019916
v -0.347850 -0.229361 0.061690
v -0.416825 -0.123330 0.049934
v -0.406515 0.145911 -0.021018
v -0.389636 0.215153 0.033496
v -0.387873 0.249350 -0.025325
v -0.375900 0.275068 -0.062361
v -0.342871 0.321427 0.014255
v -0.246682 0.112641 0.379412
v -0.226676 0.111073 0.395726
v -0.233232 0.130706 0.387475
v -0.240202 0.093885 0.364589
v -0.186532 0.109392 0.408560
v -0.214248 0.139420 0.393625
v -0.180073 0.169106 0.366578
v -0.251313 -0.300465 0.269430
v -0.253321 -0.277935 0.275778
v -0.217126 -0.265694 0.297574
v -0.205448 -0.236742 0.314549
v -0.205785 -0.328196 0.281840
v -0.252335 -0.254202 0.268668
v -0.220180 -0.245263 0.288522
v -0.216412 -0.221750 0.272283
v -0.198962 -0.137696 0.335429
v -0.243638 -0.132039 0.310761
v -0.234923 -0.100248 0.352711
v -0.171567 -0.118408 0.368061
v -0.195494 -0.159921 0.318693
v -0.280964 -0.080896 0.347275
v -0.269526 -0.025373 0.342760
v -0.265532 -0.002408 0.318416
v -0.216367 -0.056215 0.366931
v -0.232290 -0.046815 0.358539
v -0.249450 -0.032759 0.345016
v -0.214161 -0.038135 0.308790
v -0.290839 0.004222 0.321010
v -0.295281 0.061675 0.309249
v -0.282267 -0.000540 0.328732
v -0.275590 0.053843 0.317889
v -0.276677 0.024677 0.312843
v -0.283714 0.092650 0.333639
v -0.279770 0.128116 0.331715
v -0.262552 0.082214 0.348130
v -0.265298 0.072412 0.330110
v -0.296080 0.159832 0.281450
v -0.291060 0.192625 0.267770
v -0.255054 0.174933 0.306934
v -0.238610 0.224028 0.296067
v -0.189012 0.203273 0.332094
v -0.178257 0.241595 0.323207
v -0.224038 0.273711 0.271336
v -0.251799 -0.328773 0.257362
v -0.254850 -0.242634 0.234046
v -0.265720 -0.277816 0.205115
v -0.223330 -0.319976 0.272603
v -0.214016 -0.342364 0.254452
v -0.275406 -0.207531 0.182020
v -0.256391 -0.222878 0.208992
v -0.242454 -0.221272 0.240911
v -0.254752 -0.185969 0.227155
v -0.220239 -0.195449 0.261894
v -0.286456 -0.139722 0.252535
v -0.229813 -0.173056 0.262474
v -0.285702 0.243142 0.246545
v -0.281931 0.327130 0.170944
v -0.267199 0.295944 0.223074
v -0.235868 0.325719 0.218347
v -0.270164 -0.322847 0.145883
v -0.271843 -0.274820 0.118417
v -0.263599 -0.260399 0.155816
v -0.263989 -0.301702 0.122649
v -0.237623 -0.339958 0.092241
v -0.257762 -0.313323 0.084985
v -0.278365 -0.227614 0.147832
v -0.306279 0.343330 0.084867
v -0.231498 0.406294 0.085482
v -0.267431 0.355591 0.131225
v -0.224438 0.366728 0.167587
v -0.222292 0.387818 0.129366
v -0.298483 -0.299895 0.020245
v -0.288790 -0.327302 0.018581
v -0.256902 -0.332928 0.041507
v -0.301772 0.366239 0.038661
v -0.239674 0.410619 0.045650
v -0.177912 -0.290435 0.363722
v -0.177122 -0.232365 0.377048
v -0.135079 -0.206027 0.400172
v -0.095288 -0.233566 0.429934
v -0.131686 -0.166044 0.366873
v -0.110324 -0.141088 0.373139
v -0.088686 -0.098939 0.390415
v -0.176206 -0.053656 0.367667
v -0.178212 -0.063921 0.375826
v -0.137213 -0.048659 0.382899
v -0.139804 -0.057221 0.390938
v -0.101960 -0.033982 0.398589
v -0.191546 0.122329 0.415548
v -0.165027 0.114995 0.425745
v -0.135827 0.103982 0.423966
v -0.154578 0.137592 0.422829
v -0.110116 0.093769 0.423498
v -0.095108 0.162004 0.405066
v -0.124192 0.180545 0.379761
v -0.190491 -0.319115 0.317403
v -0.173327 -0.313199 0.347402
v -0.192522 -0.230510 0.353473
v -0.189749 -0.187490 0.316815
v -0.165939 -0.177884 0.345454
v -0.161882 -0.147100 0.348797
v -0.129891 0.229409 0.348984
v -0.151029 0.301237 0.288587
v -0.115535 0.276093 0.324972
v -0.080269 0.246296 0.350038
v -0.089915 0.320554 0.299356
v -0.060279 0.342737 0.282646
v -0.180336 0.334819 0.248178
v -0.157737 0.382765 0.199154
v -0.121565 0.370741 0.235485
v -0.113179 0.409231 0.186502
v -0.186481 0.418836 0.116461
v -0.109294 0.443196 0.116780
v -0.167251 0.445163 0.044234
v -0.124462 0.459951 0.020695
v -0.086085 -0.180680 0.407727
v -0.039927 -0.217773 0.435950
v -0.074804 -0.161884 0.388613
v -0.069738 -0.145345 0.375397
v -0.072346 -0.123125 0.377862
v -0.058739 -0.087594 0.392106
v -0.084192 -0.049843 0.402845
v -0.072653 -0.008722 0.399020
v -0.055059 -0.003139 0.400034
v -0.020430 -0.066071 0.388385
v -0.066367 0.061587 0.424160
v -0.074061 0.056051 0.412269
v -0.061804 0.023521 0.405874
v -0.101486 0.111530 0.436096
v -0.085787 0.127511 0.434698
v -0.009676 0.124897 0.438176
v 0.007931 0.093851 0.441420
v -0.064623 0.187843 0.390739
v -0.072767 0.216463 0.374865
v -0.053839 -0.116462 0.352588
v -0.056945 0.274413 0.344179
v -0.003572 0.271550 0.350877
v 0.003050 0.308781 0.327560
v 0.012673 0.358389 0.271317
v -0.062471 0.366131 0.260720
v -0.072592 0.408911 0.199773
v -0.004352 0.401215 0.220584
v -0.058607 0.450217 0.126335
v -0.000175 0.437613 0.154766
v 0.016218 0.461149 0.094274
v -0.045822 0.469482 0.036017
v 0.006457 0.471489 -0.026157
v -0.313341 -0.377061 -0.032722
v -0.308762 -0.345268 -0.058104
v -0.308766 -0.372936 -0.070307
v -0.257836 -0.416664 -0.095846
v -0.227994 -0.421178 -0.060956
v -0.210583 -0.441324 -0.039055
v -0.292312 -0.320907 -0.086862
v -0.292730 -0.366005 -0.092905
v -0.277036 -0.390883 -0.091886
v -0.256788 -0.390182 -0.085760
v -0.230220 -0.388071 -0.050444
v -0.245609 -0.374711 -0.081762
v -0.222701 -0.373796 -0.063774
v -0.206363 -0.421905 -0.057458
v -0.213061 -0.383816 -0.057420
v -0.258526 -0.355102 -0.098298
v -0.231964 -0.355231 -0.102774
v -0.163086 -0.348372 -0.215705
v -0.169819 -0.464223 -0.069430
v -0.156573 -0.434609 -0.097635
v -0.129989 -0.458018 -0.101281
v -0.167248 -0.398555 -0.100055
v -0.168003 -0.386084 -0.111772
v -0.150419 -0.375875 -0.165211
v -0.106243 -0.396562 -0.152372
v -0.103529 -0.413970 -0.136575
v -0.086871 -0.367457 -0.231629
v -0.066519 -0.462483 -0.122427
v -0.058852 -0.420340 -0.147990
v -0.012854 -0.462069 -0.133481
v -0.044431 -0.400077 -0.173805
v 0.004108 -0.405596 -0.167870
v 0.006130 -0.420838 -0.153347
v -0.029656 -0.380691 -0.229799
v -0.018093 -0.360654 -0.267795
v -0.428175 -0.115868 -0.055516
v -0.418902 -0.136497 -0.027774
v -0.438631 -0.094657 0.000928
v -0.443571 -0.053119 -0.059820
v -0.437464 -0.026593 -0.080734
v -0.431319 0.037880 -0.029469
v -0.437863 0.008786 -0.093363
v -0.434986 0.065146 -0.044622
v -0.417352 0.099198 -0.031898
v -0.430555 0.089672 -0.107202
v -0.421466 0.132250 -0.095729
v -0.406596 0.182823 -0.032575
v -0.411026 0.187354 -0.089045
v -0.406969 -0.110880 -0.168685
v -0.426142 -0.083093 -0.145673
v -0.435417 -0.023139 -0.151586
v -0.422786 -0.053831 -0.164949
v -0.433482 0.032429 -0.162817
v -0.426901 -0.005549 -0.179406
v -0.422014 0.066246 -0.178605
v -0.424979 0.095893 -0.164386
v -0.414592 0.124897 -0.165496
v -0.413990 0.154770 -0.150644
v -0.393215 0.206242 -0.149676
v -0.389553 -0.105406 -0.224551
v -0.409646 0.008483 -0.230579
v -0.391334 0.135801 -0.226591
v -0.405115 0.073169 -0.227732
v -0.319378 -0.286153 -0.036943
v -0.315302 -0.296910 -0.028840
v -0.307440 -0.296637 -0.072765
v -0.404623 -0.169110 -0.078637
v -0.371488 -0.220329 -0.090107
v -0.342131 -0.263029 -0.072732
v -0.345523 0.302264 -0.124307
v -0.332512 0.337494 -0.040743
v -0.324568 0.332026 -0.103309
v -0.290486 0.382521 -0.025266
v -0.391335 -0.159881 -0.160413
v -0.350195 -0.197833 -0.214157
v -0.353014 -0.232091 -0.147277
v -0.334140 -0.234762 -0.189500
v -0.373858 -0.149861 -0.219328
v -0.368088 0.253586 -0.154025
v -0.320261 0.310554 -0.173802
v -0.284639 0.359380 -0.138132
v -0.313415 -0.202991 -0.271528
v -0.297232 -0.231795 -0.246833
v -0.342931 -0.150405 -0.275900
v -0.361525 -0.086919 -0.284230
v -0.370607 -0.034195 -0.289022
v -0.370975 0.032229 -0.293454
v -0.368776 0.096073 -0.282820
v -0.352774 0.158106 -0.278263
v -0.367803 0.209026 -0.213160
v -0.354349 0.243883 -0.196558
v -0.338136 0.213448 -0.262188
v -0.313676 0.242017 -0.256120
v -0.304534 0.273369 -0.249727
v -0.275913 0.319640 -0.226988
v -0.312134 -0.136016 -0.320145
v -0.308921 -0.113133 -0.339275
v -0.296754 -0.171121 -0.319229
v -0.336424 -0.020940 -0.333495
v -0.318947 -0.052620 -0.353041
v -0.318547 -0.082453 -0.337211
v -0.329975 0.065670 -0.347479
v -0.330899 0.033713 -0.345080
v -0.326333 0.006626 -0.355341
v -0.321261 0.148727 -0.317299
v -0.311648 0.125930 -0.343082
v -0.311686 0.094826 -0.352545
v -0.295879 0.183561 -0.327145
v -0.270650 -0.334702 -0.100841
v -0.285400 0.381719 -0.061697
v -0.189722 0.439795 -0.012111
v -0.186256 0.436116 -0.078707
v -0.275433 -0.317801 -0.115921
v -0.293987 -0.288997 -0.167411
v -0.251420 -0.302336 -0.214861
v -0.272690 0.340752 -0.190513
v -0.219525 0.408718 -0.122717
v -0.214169 0.398908 -0.162140
v -0.285494 -0.268009 -0.227434
v -0.208612 -0.295159 -0.275131
v -0.195306 -0.323808 -0.227479
v -0.234015 -0.232097 -0.314419
v -0.245700 0.311992 -0.272391
v -0.205319 0.334948 -0.269912
v -0.183947 0.360806 -0.256633
v -0.183106 -0.268850 -0.322393
v -0.227741 -0.208653 -0.342557
v -0.252953 -0.159515 -0.358688
v -0.263737 -0.106088 -0.384450
v -0.271668 -0.072892 -0.387580
v -0.278170 0.054427 -0.391367
v -0.255236 0.165590 -0.370243
v -0.232739 0.216745 -0.358365
v -0.266190 0.242105 -0.310439
v -0.265540 0.280788 -0.284280
v -0.219945 0.270079 -0.327689
v -0.159191 0.326705 -0.316966
v -0.185092 -0.179790 -0.390078
v -0.199708 -0.114096 -0.426891
v -0.209451 -0.141625 -0.404099
v -0.277344 0.008084 -0.404366
v -0.271604 -0.018972 -0.404187
v -0.208370 -0.037484 -0.436787
v -0.213461 0.006660 -0.443232
v -0.218852 0.041585 -0.433527
v -0.268631 0.120139 -0.385643
v -0.220539 0.103680 -0.423296
v -0.202328 0.128351 -0.425348
v -0.189335 0.177816 -0.401083
v -0.119174 0.461662 -0.067525
v -0.145430 0.438856 -0.138223
v -0.161728 0.405610 -0.202729
v -0.057849 0.462801 -0.129732
v -0.139127 -0.312696 -0.290136
v -0.123705 0.402286 -0.238974
v -0.092857 0.402046 -0.256400
v -0.106241 -0.285454 -0.336059
v -0.186219 -0.206389 -0.374186
v -0.162577 -0.235883 -0.359088
v -0.113624 -0.231915 -0.388003
v -0.172686 0.271131 -0.360159
v -0.142572 0.298017 -0.349988
v -0.132251 0.362337 -0.289899
v -0.081257 0.334846 -0.341199
v -0.136791 -0.170998 -0.421855
v -0.149400 -0.114451 -0.447251
v -0.083774 -0.082232 -0.476201
v -0.202630 -0.078584 -0.428831
v -0.147061 -0.053627 -0.463487
v -0.203264 0.068063 -0.438525
v -0.153304 0.124598 -0.446907
v -0.075963 0.157168 -0.458383
v -0.183399 0.220530 -0.387515
v -0.129797 0.216479 -0.415697
v -0.103451 0.303936 -0.365975
v -0.079886 -0.029306 -0.484586
v -0.158089 0.008961 -0.465824
v -0.135766 0.050039 -0.468067
v -0.075350 0.038353 -0.484681
v -0.074855 0.003778 -0.484493
v -0.025673 0.469003 -0.093887
v -0.090328 0.437892 -0.191498
v 0.006252 0.462541 -0.155433
v -0.070652 -0.335258 -0.288881
v -0.016158 0.398683 -0.281660
v -0.045116 0.438937 -0.209536
v 0.008603 0.443476 -0.205214
v -0.062252 -0.241805 -0.392086
v -0.034579 -0.285192 -0.357267
v -0.000931 -0.299681 -0.341080
v -0.072390 0.359050 -0.321488
v 0.007374 0.376692 -0.316406
v 0.007351 0.335153 -0.357536
v -0.057626 -0.198183 -0.428966
v -0.009322 -0.238815 -0.397287
v 0.007704 -0.174683 -0.451550
v -0.068708 -0.146794 -0.456062
v -0.055354 0.237021 -0.420294
v -0.067762 0.212622 -0.437594
v -0.000853 0.173689 -0.460304
v 0.005244 0.232664 -0.426722
v -0.057808 0.309410 -0.375896
v -0.056234 0.269295 -0.403392
v 0.003843 0.283841 -0.401850
v -0.069379 -0.113815 -0.463952
v -0.010626 -0.078696 -0.485549
v 0.002078 -0.043549 -0.490064
v -0.068683 0.092504 -0.478320
v -0.005845 0.047115 -0.489704
v -0.004113 0.083212 -0.484895
v 0.000472 0.002575 -0.491649
v -0.076020 0.124432 -0.461901
v 0.198406 -0.345630 0.269009
v 0.134797 -0.393424 0.239370
v 0.144193 -0.377827 0.169822
v 0.191733 -0.357468 0.243793
v 0.182512 -0.356537 0.185493
v 0.199383 -0.358604 0.183647
v 0.176969 -0.433348 0.110285
v 0.141240 -0.384589 0.155198
v 0.153522 -0.385083 0.136924
v 0.184839 -0.391482 0.113908
v 0.168653 -0.349381 0.137039
v 0.188577 -0.370122 0.105805
v 0.190270 -0.418407 0.110686
v 0.208936 -0.404169 0.126629
v 0.200599 -0.349785 0.119945
v 0.215945 -0.349767 0.244199
v 0.204893 -0.356001 0.217376
v 0.220136 -0.368061 0.207938
v 0.217684 -0.376791 0.185303
v 0.268426 -0.373145 0.161195
v 0.209716 -0.346616 0.147165
v 0.216930 -0.390986 0.139911
v 0.224004 -0.365308 0.141105
v 0.207114 -0.373198 0.109367
v 0.219448 -0.376814 0.095811
v 0.235542 -0.351039 0.103623
v 0.256313 -0.344781 0.127147
v 0.256665 -0.378523 0.099747
v 0.209195 -0.451197 0.035807
v 0.231133 -0.425432 0.054524
v 0.229468 -0.432352 0.003081
v 0.262498 -0.401003 0.007326
v 0.207782 -0.377872 0.078127
v 0.204760 -0.364422 0.076294
v 0.221965 -0.415280 0.046504
v 0.223646 -0.376420 0.020794
v 0.217544 -0.428336 0.024615
v 0.231168 -0.402992 0.013417
v 0.240653 -0.369657 0.010869
v 0.282265 -0.336891 0.017379
v 0.284893 -0.372921 0.014138
v 0.285163 -0.401492 -0.001936
v 0.078887 -0.208670 0.421770
v 0.072270 -0.186839 0.406206
v 0.069124 -0.098740 0.383246
v 0.079923 -0.135285 0.373565
v 0.074958 -0.151416 0.373573
v 0.105913 -0.161590 0.370562
v 0.006566 -0.002694 0.390123
v 0.017626 -0.071155 0.386136
v 0.071542 0.017150 0.402618
v 0.038868 -0.076817 0.382436
v 0.075040 -0.053511 0.397561
v 0.079727 0.026464 0.400829
v 0.021139 0.048542 0.414788
v 0.078733 0.067025 0.415887
v 0.093255 0.102465 0.433644
v 0.096529 0.137287 0.426298
v 0.092488 0.090028 0.418023
v 0.001727 0.174008 0.404410
v -0.001722 0.229857 0.370642
v 0.071943 0.171937 0.400536
v 0.046403 0.234145 0.365658
v 0.126511 0.181893 0.378307
v 0.044052 -0.127162 0.341343
v 0.052785 0.301398 0.330088
v 0.062744 0.357809 0.266113
v 0.090423 0.246402 0.352006
v 0.102947 0.331005 0.286693
v 0.117630 0.276092 0.325390
v 0.054424 0.391230 0.232297
v 0.072814 0.428058 0.152426
v 0.079309 0.458298 0.065070
v 0.051754 0.471417 -0.043919
v 0.158641 -0.260270 0.393925
v 0.117489 -0.242090 0.417441
v 0.115961 -0.194374 0.394389
v 0.150243 -0.219409 0.387326
v 0.176325 -0.207043 0.350654
v 0.187224 -0.259036 0.362996
v 0.141931 -0.088861 0.376698
v 0.113730 -0.007882 0.394252
v 0.146201 -0.019662 0.386574
v 0.201199 -0.025820 0.368730
v 0.247056 -0.045674 0.347212
v 0.114127 0.110749 0.423185
v 0.153395 0.132956 0.422290
v 0.149778 0.124780 0.418338
v 0.179005 0.132336 0.411156
v 0.179045 0.122572 0.355494
v 0.209408 0.143693 0.390815
v 0.203287 0.127604 0.396874
v 0.203769 0.136883 0.398025
v 0.182439 0.182583 0.349921
v 0.203446 -0.310880 0.295868
v 0.209316 -0.252425 0.305876
v 0.155925 -0.176290 0.336901
v 0.188881 -0.192132 0.311854
v 0.144862 -0.152067 0.347835
v 0.203522 -0.116853 0.340686
v 0.191987 -0.172741 0.305201
v 0.212747 -0.086578 0.357827
v 0.239523 -0.130342 0.309923
v 0.201113 -0.016263 0.357181
v 0.173116 0.216011 0.342041
v 0.184286 0.258964 0.307615
v 0.167946 0.313882 0.275294
v 0.209111 0.310786 0.252609
v 0.149595 0.361212 0.229959
v 0.128593 0.401428 0.177610
v 0.180686 0.396785 0.149662
v 0.194194 0.362383 0.186732
v 0.114745 0.429873 0.120976
v 0.185440 0.424044 0.058037
v 0.120882 0.456501 0.012461
v 0.226435 0.120771 0.389348
v 0.242533 0.110247 0.371330
v 0.247272 0.130338 0.367153
v 0.218960 -0.333134 0.261448
v 0.222903 -0.279397 0.291709
v 0.253259 -0.292802 0.274066
v 0.255205 -0.262761 0.272776
v 0.222048 -0.242753 0.283058
v 0.216158 -0.203406 0.261028
v 0.214401 -0.160262 0.293725
v 0.297682 -0.123979 0.266804
v 0.317035 -0.099457 0.301441
v 0.272247 -0.092807 0.335641
v 0.231466 -0.013783 0.352887
v 0.268514 0.005940 0.334507
v 0.298033 -0.020448 0.311036
v 0.285539 -0.065457 0.334432
v 0.237320 -0.002415 0.341520
v 0.262873 0.020431 0.331364
v 0.272168 0.041945 0.317133
v 0.279984 0.044685 0.318215
v 0.336764 0.061187 0.262447
v 0.238811 0.163042 0.331647
v 0.258333 0.095510 0.348843
v 0.270397 0.113969 0.348530
v 0.270670 0.074995 0.325589
v 0.287485 0.146314 0.303944
v 0.282092 0.076919 0.321800
v 0.302194 0.112414 0.305259
v 0.233709 0.220101 0.302751
v 0.252130 0.183999 0.304098
v 0.293810 0.212768 0.260249
v 0.299263 0.183221 0.265726
v 0.227530 0.257036 0.282940
v 0.251878 -0.325741 0.257545
v 0.254255 -0.291749 0.252000
v 0.255215 -0.241985 0.241022
v 0.265539 -0.319366 0.181844
v 0.264604 -0.270695 0.211376
v 0.261722 -0.236919 0.184731
v 0.239280 -0.216045 0.242751
v 0.255975 -0.206767 0.218794
v 0.260321 -0.167986 0.238905
v 0.321403 -0.149061 0.208938
v 0.272393 0.244984 0.250734
v 0.318959 0.215874 0.225543
v 0.320455 0.239171 0.196622
v 0.243912 0.316765 0.215220
v 0.275816 0.269126 0.231042
v 0.293618 0.309346 0.171834
v 0.231452 -0.334948 0.084259
v 0.261271 -0.283046 0.130291
v 0.264323 -0.315357 0.142970
v 0.260562 -0.300667 0.104518
v 0.284200 -0.281385 0.091318
v 0.275510 -0.248081 0.133956
v 0.277837 -0.196406 0.197148
v 0.309824 0.327212 0.086829
v 0.266496 0.360617 0.091588
v 0.254410 0.340255 0.153407
v 0.229457 -0.347225 0.043072
v 0.271415 -0.317725 0.038216
v 0.319411 -0.265584 0.061582
v 0.293689 -0.304565 0.022881
v 0.261524 0.383907 0.039201
v 0.215750 0.416501 -0.013241
v 0.319583 -0.067624 0.315508
v 0.332767 -0.036868 0.288982
v 0.315549 0.007332 0.291216
v 0.343750 -0.070682 0.287146
v 0.345776 -0.084843 0.278571
v 0.334123 0.038593 0.271119
v 0.340320 0.085098 0.256719
v 0.338616 -0.121654 0.220225
v 0.326141 -0.178787 0.175355
v 0.368651 -0.103149 0.204906
v 0.398645 -0.055557 0.178095
v 0.383244 -0.083677 0.200395
v 0.405972 -0.009617 0.159728
v 0.316939 0.069552 0.222063
v 0.340165 0.073682 0.245463
v 0.369847 0.010895 0.222932
v 0.354868 0.051635 0.238032
v 0.366072 0.032694 0.218294
v 0.380243 0.017886 0.196631
v 0.331510 0.157355 0.246333
v 0.304987 0.125967 0.225160
v 0.329776 0.128760 0.249449
v 0.332944 0.177140 0.225573
v 0.337460 0.181385 0.204125
v 0.342201 0.188404 0.205675
v 0.350910 0.207496 0.167788
v 0.321244 -0.241984 0.091548
v 0.348803 -0.182990 0.139310
v 0.365743 -0.210493 0.073293
v 0.371652 -0.133172 0.156450
v 0.387389 -0.170970 0.087228
v 0.414782 -0.092902 0.148810
v 0.402849 -0.135159 0.097999
v 0.354382 0.018915 0.147625
v 0.393512 0.008579 0.171095
v 0.406184 0.010896 0.101015
v 0.345495 0.197728 0.142233
v 0.363658 0.207976 0.130271
v 0.374493 0.201839 0.085727
v 0.321367 0.299825 0.129798
v 0.344270 0.271900 0.112129
v 0.364442 0.274355 0.053381
v 0.315654 -0.281539 0.008678
v 0.344236 -0.255581 0.014647
v 0.405553 -0.169967 0.039632
v 0.375183 0.033335 0.065894
v 0.400097 0.087940 0.010756
v 0.353993 0.129139 0.027853
v 0.401596 0.116584 0.007532
v 0.392000 0.139094 0.017022
v 0.347835 0.172856 0.061084
v 0.382738 0.240588 0.030518
v 0.382170 0.191217 0.060909
v 0.390345 0.166285 0.031466
v 0.405219 0.195950 -0.024810
v 0.324996 0.332576 0.015115
v 0.377287 0.266415 -0.017308
v 0.430998 -0.106173 0.088968
v 0.430111 -0.085330 0.119750
v 0.422445 -0.043593 0.099767
v 0.423430 0.007878 0.065966
v 0.420538 -0.144581 -0.041210
v 0.419100 -0.135982 0.026042
v 0.428932 -0.122508 0.016509
v 0.440476 -0.093267 0.055754
v 0.440319 -0.059401 0.039738
v 0.444832 -0.082398 -0.030011
v 0.433786 -0.016823 -0.000488
v 0.415565 0.033093 0.045449
v 0.416877 0.071530 -0.000143
v 0.428726 0.017086 -0.001176
v 0.045421 -0.483417 -0.107794
v 0.060363 -0.443313 -0.139439
v 0.103242 -0.448020 -0.121405
v 0.068241 -0.412505 -0.145777
v 0.054114 -0.391164 -0.202707
v 0.041541 -0.360517 -0.269425
v 0.087402 -0.358102 -0.257782
v 0.170943 -0.447075 -0.080177
v 0.212748 -0.434783 -0.038468
v 0.170157 -0.402413 -0.095013
v 0.131359 -0.370034 -0.198834
v 0.105639 -0.398031 -0.150019
v 0.132981 -0.408096 -0.124038
v 0.170475 -0.383652 -0.116579
v 0.231931 -0.430371 -0.058031
v 0.216160 -0.420656 -0.048140
v 0.202610 -0.399706 -0.055390
v 0.213663 -0.375171 -0.062843
v 0.226537 -0.389170 -0.045392
v 0.227225 -0.372087 -0.063728
v 0.237764 -0.388193 -0.052488
v 0.249852 -0.359367 -0.093072
v 0.261685 -0.387354 -0.085684
v 0.286570 -0.393443 -0.085122
v 0.288702 -0.362152 -0.092304
v 0.302467 -0.390039 -0.040302
v 0.312290 -0.357533 -0.027960
v 0.305709 -0.357883 -0.075910
v 0.203769 -0.356205 -0.159558
v 0.237480 -0.352983 -0.102637
v 0.267770 -0.336627 -0.100911
v 0.137266 0.454536 -0.072322
v 0.053064 0.459471 -0.161526
v 0.089383 0.453009 -0.154449
v 0.060205 0.417590 -0.246261
v 0.045829 -0.317276 -0.318789
v 0.060824 -0.267582 -0.369861
v 0.089495 -0.321426 -0.302678
v 0.098068 -0.289393 -0.333394
v 0.057790 0.378852 -0.308538
v 0.098575 0.331726 -0.349721
v 0.061419 -0.173586 -0.446076
v 0.062078 -0.230346 -0.395787
v 0.127680 -0.228610 -0.378360
v 0.109654 -0.190412 -0.412761
v -0.004023 -0.126765 -0.464979
v 0.077289 -0.139525 -0.450914
v 0.072598 0.215140 -0.429551
v 0.052364 0.185366 -0.452727
v 0.049917 0.332080 -0.359281
v 0.059407 0.282405 -0.398474
v 0.107632 0.277588 -0.387121
v 0.076190 -0.112607 -0.465698
v 0.074370 -0.086796 -0.473923
v 0.062612 -0.054798 -0.484913
v 0.075555 -0.000894 -0.485954
v 0.145679 -0.017998 -0.466676
v 0.073653 0.068829 -0.481562
v 0.005269 0.133893 -0.467667
v 0.069708 0.144215 -0.459997
v 0.068334 0.100200 -0.472099
v 0.174243 0.443258 -0.036916
v 0.192975 0.417456 -0.148348
v 0.170137 -0.322094 -0.266846
v 0.118784 0.374199 -0.296529
v 0.199325 0.362479 -0.255879
v 0.130660 0.408537 -0.239758
v 0.169729 0.399997 -0.230778
v 0.119660 -0.266574 -0.349139
v 0.213012 -0.247253 -0.311119
v 0.182880 -0.181719 -0.378721
v 0.173133 -0.228250 -0.357692
v 0.170990 0.309277 -0.342307
v 0.173998 0.274741 -0.359372
v 0.230296 0.266718 -0.332695
v 0.136051 -0.141590 -0.431738
v 0.145365 -0.090373 -0.452547
v 0.193196 -0.086709 -0.430553
v 0.197319 -0.125260 -0.409641
v 0.206694 -0.054510 -0.425488
v 0.202730 -0.022471 -0.442418
v 0.209668 0.031057 -0.438368
v 0.143882 0.151783 -0.440066
v 0.147144 0.093221 -0.456019
v 0.201915 0.098906 -0.432004
v 0.122937 0.202428 -0.424794
v 0.187123 0.245598 -0.375268
v 0.185868 0.181546 -0.405415
v 0.248893 0.217349 -0.351176
v 0.120833 -0.050416 -0.470981
v 0.125854 0.068704 -0.467762
v 0.152903 0.032999 -0.465187
v 0.307885 -0.325009 -0.021284
v 0.294691 -0.316463 -0.081793
v 0.252994 0.392886 -0.097418
v 0.205421 -0.334974 -0.201233
v 0.266660 -0.315503 -0.156827
v 0.273065 -0.322259 -0.115197
v 0.303534 -0.270323 -0.183416
v 0.303510 -0.292903 -0.109034
v 0.266369 0.350871 -0.196200
v 0.264225 0.379085 -0.136797
v 0.315066 0.333305 -0.136693
v 0.303204 0.328554 -0.183786
v 0.220863 -0.315337 -0.232970
v 0.228171 -0.274065 -0.280352
v 0.264449 -0.286318 -0.224077
v 0.246074 0.303755 -0.295992
v 0.295578 0.309257 -0.243011
v 0.237069 -0.204091 -0.329846
v 0.253539 -0.243696 -0.279078
v 0.271872 -0.198773 -0.304618
v 0.315675 -0.025197 -0.346970
v 0.274020 0.027664 -0.392616
v 0.271030 0.095351 -0.385946
v 0.291774 0.209582 -0.323477
v 0.280209 0.242837 -0.304874
v 0.214666 0.340445 -0.281747
v 0.243629 -0.109490 -0.386637
v 0.260921 -0.003294 -0.402977
v 0.219540 0.059308 -0.422578
v 0.203485 0.140528 -0.417566
v 0.304211 0.159926 -0.336210
v 0.277882 0.187188 -0.343151
v 0.318149 -0.286321 -0.029275
v 0.313399 -0.295756 -0.051126
v 0.362604 -0.239357 -0.077076
v 0.365786 -0.240090 -0.023269
v 0.391183 -0.202672 -0.036603
v 0.415372 0.154046 -0.036841
v 0.403815 0.211633 -0.075422
v 0.345132 0.312472 -0.061041
v 0.375275 0.269070 -0.090374
v 0.300817 0.364949 -0.053290
v 0.324407 -0.266731 -0.148057
v 0.311124 -0.247007 -0.199942
v 0.358984 -0.214484 -0.151119
v 0.348690 -0.205539 -0.190143
v 0.365867 -0.154752 -0.209901
v 0.393804 -0.160384 -0.143622
v 0.389469 -0.088242 -0.224392
v 0.377420 0.236876 -0.149856
v 0.337088 0.305745 -0.129154
v 0.337615 0.275403 -0.197954
v 0.359922 0.276422 -0.139587
v 0.304310 -0.220325 -0.246006
v 0.328508 -0.173648 -0.267019
v 0.328621 -0.124192 -0.289310
v 0.348230 -0.110889 -0.273609
v 0.360749 -0.046542 -0.284925
v 0.348856 0.039360 -0.311789
v 0.404661 0.028598 -0.231053
v 0.352820 0.138771 -0.282107
v 0.362250 0.081568 -0.290486
v 0.387788 0.151176 -0.223424
v 0.397983 0.094675 -0.229782
v 0.324584 0.220191 -0.272123
v 0.343787 0.189543 -0.273725
v 0.368541 0.207700 -0.213661
v 0.311613 0.267975 -0.251352
v 0.293402 -0.149415 -0.316565
v 0.278111 -0.054921 -0.370444
v 0.308658 -0.081064 -0.338937
v 0.336866 0.000853 -0.319090
v 0.266469 0.062621 -0.392051
v 0.311393 0.123513 -0.333376
v 0.313938 0.094894 -0.345218
v 0.404519 -0.165838 -0.103782
v 0.422409 -0.109127 -0.111094
v 0.442382 -0.028033 -0.044333
v 0.438000 -0.062404 -0.099556
v 0.435026 0.035798 -0.039193
v 0.437576 -0.005324 -0.104337
v 0.438356 0.036338 -0.116192
v 0.411621 0.121750 -0.033472
v 0.431067 0.090656 -0.079666
v 0.421485 0.124931 -0.103077
v 0.419182 0.146448 -0.095849
v 0.412021 -0.111356 -0.155450
v 0.414343 -0.080892 -0.162498
v 0.422166 -0.040783 -0.177711
v 0.413272 0.059317 -0.200975
v 0.433748 0.007347 -0.166425
v 0.433302 0.066941 -0.150654
v 0.417841 0.121472 -0.167979
v 0.401298 0.175215 -0.156869
v 0.405793 -0.023985 -0.227643
vn -0.9986 0.0406 0.0335
vn 0.1437 -0.4102 0.9006
vn 0.6971 -0.4747 0.5373
vn 0.1560 -0.8770 0.4545
vn 0.9618 -0.2076 0.1782
vn 0.4362 -0.8998 -0.0104
vn 0.9457 0.1315 0.2973
vn -0.9197 0.3749 -0.1164
vn -0.9925 0.1208 -0.0179
vn -0.9286 0.2287 -0.2921
vn -0.6154 0.4830 -0.6229
vn -0.6855 0.3218 -0.6531
vn -0.5563 0.3649 -0.7466
vn 0.9665 -0.1332 0.2196
vn 0.4650 -0.8681 0.1736
vn 0.8224 0.3372 0.4582
vn 0.4540 -0.0194 0.8908
vn -0.5087 0.5538 -0.6592
vn -0.9246 0.2293 -0.3041
vn -0.9083 -0.1392 0.3944
vn -0.6640 -0.1430 0.7339
vn -0.9452 -0.0501 0.3228
vn -0.7037 -0.2994 0.6443
vn -0.1544 -0.1935 0.9689
vn -0.2329 -0.3558 0.9051
vn -0.5346 -0.1176 0.8369
vn -0.4595 -0.3280 0.8254
vn -0.9756 0.1194 0.1841
vn -0.9257 0.0142 0.3780
vn -0.8589 0.3760 -0.3477
vn -0.8976 -0.4385 0.0449
vn -0.6900 -0.7066 0.1571
vn -0.5177 -0.8290 0.2115
vn -0.2980 -0.9532 -0.0500
vn -0.6225 -0.7824 0.0207
vn -0.6665 -0.7445 0.0381
vn 0.0088 0.2819 0.9594
vn -0.2296 -0.9687 -0.0948
vn -0.2268 -0.2229 0.9481
vn -0.4615 -0.7840 0.4152
vn -0.7785 -0.4063 0.4785
vn -0.7952 -0.2456 0.5544
vn -0.9250 -0.2369 0.2970
vn -0.8101 -0.4031 0.4258
vn -0.9840 -0.1367 0.1144
vn -0.9373 0.1864 0.2945
vn -1.0000 0.0019 0.0042
vn -0.9679 0.2146 0.1311
vn -0.9858 0.1311 0.1047
vn -0.9724 0.1809 0.1472
vn -0.9643 0.2178 0.1509
vn -0.9391 0.2199 0.2641
vn -0.5085 -0.7659 0.3936
vn -0.8759 0.0690 0.4774
vn -0.7120 0.0101 0.7021
vn -0.7630 -0.4501 0.4639
vn -0.7512 0.2162 0.6237
vn -0.5336 -0.4684 0.7041
vn -0.8365 0.0887 0.5408
vn -0.7966 0.0208 0.6041
vn -0.6886 -0.5876 0.4248
vn -0.7090 -0.5740 0.4098
vn -0.6191 -0.6627 0.4214
vn -0.5770 -0.6167 0.5356
vn -0.8741 -0.2560 0.4128
vn -0.9149 0.0494 0.4007
vn -0.8750 0.1309 0.4660
vn -0.9421 0.1271 0.3104
vn -0.8852 0.0577 0.4617
vn -0.9601 0.1370 0.2439
vn -0.8980 0.1515 0.4131
vn -0.8044 0.2673 0.5306
vn -0.8742 0.2018 0.4417
vn -0.9451 0.1382 0.2962
vn -0.8813 0.3111 0.3556
vn -0.7849 0.2888 0.5483
vn -0.7410 0.4049 0.5357
vn -0.7002 0.5089 0.5008
vn -0.6172 -0.6454 0.4501
vn -0.6106 -0.6301 0.4797
vn -0.7637 -0.5839 0.2752
vn -0.7778 -0.5287 0.3399
vn -0.6989 -0.5473 0.4604
vn -0.9379 0.2232 0.2656
vn -0.9275 0.2863 0.2405
vn -0.9706 0.1204 0.2083
vn -0.9775 0.0624 0.2014
vn -0.9245 0.3241 0.2009
vn -0.7899 0.5870 0.1773
vn -0.8514 0.3800 0.3615
vn -0.6661 0.6740 0.3195
vn -0.8209 0.4309 0.3749
vn -0.6892 -0.6321 0.3542
vn -0.7526 -0.6425 0.1441
vn -0.9027 -0.4302 0.0037
vn -0.8161 -0.5404 0.2051
vn -0.8109 -0.5811 0.0693
vn -0.7037 -0.6421 0.3042
vn -0.8311 -0.5371 0.1439
vn -0.9708 0.1012 0.2173
vn -0.9680 0.1740 0.1808
vn -0.9241 0.3761 0.0670
vn -0.8516 0.5198 -0.0681
vn -0.7993 0.5980 0.0600
vn -0.6798 -0.1622 0.7152
vn -0.4756 -0.3818 0.7925
vn -0.5723 0.4626 0.6771
vn -0.2477 -0.7042 0.6654
vn -0.3268 -0.6175 0.7155
vn -0.4359 0.6790 0.5907
vn -0.3441 0.7266 0.5946
vn -0.7484 -0.1991 0.6326
vn -0.8728 -0.0711 0.4828
vn -0.6978 -0.0560 0.7141
vn -0.9134 0.1125 0.3912
vn -0.6669 -0.5454 0.5078
vn -0.8397 0.3076 0.4475
vn -0.7470 0.3454 0.5680
vn -0.8102 0.2895 0.5097
vn -0.3942 -0.6243 0.6744
vn -0.4386 -0.7336 0.5191
vn -0.2965 -0.4427 0.8462
vn -0.3016 -0.4188 0.8565
vn -0.6323 -0.4264 0.6469
vn -0.3965 -0.1951 0.8971
vn -0.1692 0.4474 0.8782
vn 0.3148 0.5992 0.7361
vn -0.1864 0.2411 0.9524
vn 0.4086 0.8744 0.2618
vn 0.2920 0.8111 0.5068
vn 0.4451 0.8405 0.3088
vn -0.3774 0.2614 0.8884
vn -0.6356 -0.1129 0.7637
vn -0.0960 0.6702 0.7359
vn -0.4399 -0.2812 0.8529
vn 0.1177 0.1787 0.9768
vn -0.7267 -0.1750 0.6643
vn -0.7521 0.3219 0.5751
vn -0.3287 -0.7204 0.6107
vn -0.3745 -0.5830 0.7210
vn -0.6800 0.4310 0.5932
vn -0.6412 0.3701 0.6722
vn -0.5376 0.5318 0.6543
vn -0.5175 0.4087 0.7518
vn -0.4393 0.4417 0.7823
vn -0.3996 0.4535 0.7967
vn -0.4511 0.5667 0.6895
vn -0.6517 -0.3203 0.6876
vn -0.9429 0.2428 0.2280
vn -0.9894 0.0713 0.1265
vn -0.4275 -0.4763 0.7684
vn -0.2099 -0.7961 0.5675
vn -0.6928 -0.5422 0.4755
vn -0.9415 -0.0521 0.3329
vn -0.8211 0.2457 0.5151
vn -0.6893 -0.4300 0.5830
vn -0.7951 -0.0970 0.5987
vn -0.4891 -0.7474 0.4497
vn -0.6341 -0.5320 0.5611
vn -0.6363 0.4191 0.6476
vn -0.5651 0.6983 0.4394
vn -0.5468 0.5650 0.6179
vn -0.4637 0.6625 0.5883
vn -0.9844 0.0513 -0.1683
vn -0.8457 -0.4163 0.3340
vn -0.9777 -0.1200 0.1724
vn -0.9728 -0.2066 -0.1045
vn -0.8091 -0.3844 -0.4445
vn -0.7653 -0.6177 0.1813
vn -0.7114 -0.5375 0.4528
vn -0.6455 0.7228 0.2468
vn -0.4982 0.8211 0.2788
vn -0.5559 0.7486 0.3612
vn -0.4729 0.7576 0.4499
vn -0.4334 0.7875 0.4382
vn -0.7893 -0.4691 0.3962
vn -0.6502 -0.1913 0.7353
vn -0.6106 -0.6076 0.5078
vn -0.6839 0.7089 0.1728
vn -0.5059 0.8526 0.1309
vn -0.8840 -0.2211 0.4120
vn -0.7739 0.2610 0.5770
vn -0.4864 0.5196 0.7024
vn -0.2736 0.4125 0.8689
vn -0.4807 0.3544 0.8021
vn -0.2525 -0.1110 0.9612
vn -0.0493 -0.2892 0.9560
vn -0.2042 0.6322 0.7474
vn -0.2824 0.2180 0.9342
vn -0.4471 0.6743 0.5877
vn -0.3558 0.2127 0.9100
vn -0.2043 0.1153 0.9721
vn -0.4199 0.0086 0.9075
vn -0.2925 -0.3035 0.9068
vn -0.1798 -0.5815 0.7934
vn -0.2054 0.5178 0.8305
vn -0.2798 -0.4859 0.8280
vn -0.1018 0.6527 0.7508
vn -0.2557 0.6262 0.7366
vn -0.8578 -0.2445 0.4522
vn -0.7044 -0.5018 0.5020
vn -0.8842 0.1476 0.4433
vn -0.8609 0.0726 0.5035
vn -0.6860 0.2388 0.6873
vn -0.4772 -0.3302 0.8144
vn -0.3065 0.4801 0.8219
vn -0.3627 0.5854 0.7251
vn -0.2792 0.5469 0.7893
vn -0.1860 0.4986 0.8466
vn -0.2202 0.6573 0.7207
vn -0.1234 0.7068 0.6966
vn -0.3998 0.6306 0.6652
vn -0.3652 0.7725 0.5195
vn -0.2472 0.7481 0.6158
vn -0.2324 0.8383 0.4932
vn -0.3928 0.8449 0.3631
vn -0.2215 0.9228 0.3152
vn -0.3322 0.9311 0.1507
vn -0.2104 0.9739 0.0849
vn -0.3168 0.5720 0.7566
vn -0.2132 0.4096 0.8870
vn -0.1914 0.6187 0.7620
vn 0.2730 0.1708 0.9467
vn 0.6014 -0.0750 0.7954
vn 0.1147 -0.2447 0.9628
vn -0.0298 -0.0799 0.9964
vn -0.0731 0.0357 0.9967
vn 0.1002 -0.1204 0.9877
vn 0.1366 -0.0858 0.9869
vn -0.2531 -0.4641 0.8489
vn -0.6017 -0.5007 0.6223
vn 0.0016 -0.3451 0.9385
vn -0.1692 -0.1145 0.9789
vn -0.0496 0.4045 0.9132
vn -0.0049 0.3434 0.9392
vn 0.0455 -0.1950 0.9798
vn -0.1132 0.5242 0.8440
vn -0.1447 0.5289 0.8362
vn 0.8029 0.0282 0.5954
vn -0.1613 0.4654 0.8703
vn -0.0289 0.4685 0.8830
vn -0.0205 0.6513 0.7585
vn 0.0166 0.7453 0.6665
vn -0.1411 0.7449 0.6520
vn -0.1193 0.8284 0.5473
vn -0.0077 0.8336 0.5523
vn -0.1069 0.9330 0.3436
vn 0.0507 0.8959 0.4413
vn 0.0740 0.9659 0.2481
vn -0.0630 0.9932 0.0979
vn -0.0022 0.9997 0.0226
vn -0.9886 0.0032 0.1503
vn -0.9771 0.0390 -0.2091
vn -0.9398 0.0932 -0.3288
vn 0.6132 0.2599 -0.7459
vn 0.3803 -0.0258 -0.9245
vn -0.4324 -0.5445 -0.7188
vn -0.7902 -0.1450 -0.5955
vn -0.4905 -0.0107 -0.8714
vn 0.1559 -0.0412 -0.9869
vn 0.5783 -0.0272 -0.8154
vn 0.2591 -0.1627 -0.9520
vn 0.5104 -0.5633 -0.6498
vn -0.0575 -0.8361 -0.5456
vn -0.3657 -0.3787 -0.8502
vn -0.4652 -0.4006 -0.7894
vn -0.0375 -0.3100 -0.9500
vn -0.3261 -0.8113 -0.4852
vn -0.3779 -0.8247 -0.4208
vn -0.6310 -0.3681 -0.6829
vn -0.5585 -0.3338 -0.7594
vn -0.4255 -0.4338 -0.7942
vn -0.6169 -0.4006 -0.6775
vn -0.5007 -0.7448 -0.4412
vn -0.3737 -0.8628 -0.3406
vn -0.3300 -0.7944 -0.5098
vn -0.3818 -0.5411 -0.7493
vn -0.2399 -0.8592 -0.4519
vn -0.2448 -0.4774 -0.8439
vn -0.1970 -0.5897 -0.7832
vn -0.0341 -0.4867 -0.8729
vn -0.1249 -0.8610 -0.4930
vn 0.0315 -0.8423 -0.5380
vn 0.0397 -0.5500 -0.8342
vn -0.0997 -0.9000 -0.4243
vn -0.0787 -0.8244 -0.5605
vn -0.9406 -0.3299 -0.0800
vn -0.9326 -0.3605 0.0189
vn -0.9459 -0.3231 -0.0299
vn -0.9996 -0.0086 -0.0252
vn -0.9927 0.1198 0.0114
vn -0.9818 0.0423 0.1854
vn -0.9996 0.0257 -0.0063
vn -0.9671 0.1929 0.1658
vn -0.9406 0.2568 0.2220
vn -0.9847 0.1736 -0.0161
vn -0.9830 0.1794 0.0384
vn -0.9759 0.1578 0.1507
vn -0.9569 0.2890 -0.0280
vn -0.8956 -0.3577 -0.2645
vn -0.9294 -0.2785 -0.2421
vn -0.9731 -0.0191 -0.2295
vn -0.9039 -0.1745 -0.3905
vn -0.9780 0.0565 -0.2010
vn -0.9512 -0.0871 -0.2960
vn -0.9561 0.1037 -0.2740
vn -0.9687 0.1510 -0.1973
vn -0.9425 0.2423 -0.2302
vn -0.9496 0.2371 -0.2052
vn -0.8829 0.4011 -0.2442
vn -0.8712 -0.2753 -0.4064
vn -0.9044 -0.0347 -0.4253
vn -0.8677 0.2730 -0.4154
vn -0.8980 0.1275 -0.4212
vn -0.8102 -0.5861 -0.0032
vn -0.9796 -0.1565 0.1259
vn -0.5049 0.7145 -0.4844
vn -0.8900 -0.4387 -0.1240
vn -0.8279 -0.5522 -0.0982
vn -0.7460 -0.6622 -0.0700
vn -0.7790 0.5908 -0.2099
vn -0.8052 0.5905 -0.0546
vn -0.7084 0.6751 -0.2062
vn -0.6210 0.7835 -0.0208
vn -0.8768 -0.4105 -0.2504
vn -0.7815 -0.5043 -0.3673
vn -0.7502 -0.6175 -0.2366
vn -0.7360 -0.5948 -0.3234
vn -0.8344 -0.3898 -0.3896
vn -0.8312 0.4773 -0.2851
vn -0.6829 0.6475 -0.3383
vn -0.6358 0.7041 -0.3162
vn -0.6461 -0.5795 -0.4967
vn -0.6168 -0.6114 -0.4958
vn -0.7723 -0.3762 -0.5118
vn -0.8085 -0.2503 -0.5326
vn -0.8297 -0.1224 -0.5446
vn -0.8347 0.0353 -0.5495
vn -0.8155 0.1940 -0.5453
vn -0.7671 0.3066 -0.5636
vn -0.8225 0.4149 -0.3889
vn -0.7778 0.4913 -0.3920
vn -0.7046 0.4838 -0.5191
vn -0.6833 0.4904 -0.5409
vn -0.6970 0.4826 -0.5304
vn -0.5511 0.7095 -0.4393
vn -0.6899 -0.3534 -0.6318
vn -0.6839 -0.3225 -0.6544
vn -0.6143 -0.4425 -0.6534
vn -0.7793 -0.0876 -0.6205
vn -0.7202 -0.1855 -0.6685
vn -0.7112 -0.2677 -0.6500
vn -0.7201 0.1450 -0.6786
vn -0.7452 0.0551 -0.6646
vn -0.7437 -0.0739 -0.6644
vn -0.7004 0.3240 -0.6360
vn -0.6799 0.3401 -0.6497
vn -0.6836 0.2313 -0.6922
vn -0.6334 0.3819 -0.6731
vn -0.4382 -0.3961 -0.8069
vn -0.6000 0.7862 -0.1478
vn -0.4052 0.9142 -0.0067
vn -0.4119 0.9004 -0.1401
vn -0.6507 -0.6933 -0.3097
vn -0.6566 -0.7107 -0.2526
vn -0.5135 -0.7730 -0.3726
vn -0.5509 0.7363 -0.3929
vn -0.4759 0.8458 -0.2412
vn -0.4475 0.8225 -0.3511
vn -0.6387 -0.6174 -0.4591
vn -0.4375 -0.7341 -0.5194
vn -0.3897 -0.7967 -0.4619
vn -0.5237 -0.5932 -0.6114
vn -0.4904 0.6817 -0.5430
vn -0.4434 0.7392 -0.5069
vn -0.4559 0.7218 -0.5207
vn -0.3995 -0.6367 -0.6596
vn -0.4864 -0.5687 -0.6633
vn -0.5392 -0.4630 -0.7035
vn -0.6031 -0.3202 -0.7306
vn -0.6034 -0.2332 -0.7626
vn -0.6142 0.1646 -0.7718
vn -0.5443 0.4049 -0.7347
vn -0.4887 0.5072 -0.7099
vn -0.5851 0.4817 -0.6524
vn -0.5789 0.5228 -0.6257
vn -0.4937 0.5334 -0.6868
vn -0.3797 0.6698 -0.6381
vn -0.4506 -0.4898 -0.7464
vn -0.4321 -0.3074 -0.8478
vn -0.4671 -0.4882 -0.7372
vn -0.6278 0.0210 -0.7781
vn -0.5982 -0.1736 -0.7823
vn -0.4580 -0.1975 -0.8668
vn -0.4413 0.0003 -0.8974
vn -0.4762 0.1443 -0.8674
vn -0.5966 0.2934 -0.7470
vn -0.4863 0.2093 -0.8483
vn -0.4123 0.3627 -0.8357
vn -0.4370 0.4035 -0.8039
vn -0.2208 0.9714 -0.0871
vn -0.3306 0.9037 -0.2721
vn -0.4641 0.7272 -0.5058
vn -0.1379 0.9707 -0.1970
vn -0.2893 -0.7794 -0.5557
vn -0.3300 0.8105 -0.4839
vn -0.2163 0.8190 -0.5314
vn -0.2189 -0.7239 -0.6542
vn -0.4450 -0.5439 -0.7114
vn -0.3978 -0.5986 -0.6953
vn -0.2646 -0.6230 -0.7361
vn -0.4145 0.5859 -0.6964
vn -0.3863 0.6257 -0.6777
vn -0.3321 0.7350 -0.5911
vn -0.2229 0.6998 -0.6786
vn -0.3205 -0.4958 -0.8071
vn -0.3327 -0.3328 -0.8824
vn -0.1777 -0.2709 -0.9461
vn -0.4703 -0.1687 -0.8662
vn -0.3494 -0.1620 -0.9229
vn -0.4062 0.1435 -0.9024
vn -0.3283 0.2923 -0.8982
vn -0.1744 0.2522 -0.9518
vn -0.4497 0.4226 -0.7869
vn -0.3259 0.4516 -0.8306
vn -0.2828 0.6237 -0.7287
vn -0.1626 -0.0597 -0.9849
vn -0.3354 0.0221 -0.9418
vn -0.2963 0.1325 -0.9459
vn -0.1746 0.0600 -0.9828
vn -0.1547 0.0103 -0.9879
vn -0.0408 0.9967 -0.0701
vn -0.2356 0.9009 -0.3644
vn -0.0163 0.9727 -0.2316
vn -0.1834 -0.7810 -0.5970
vn -0.0740 0.8414 -0.5354
vn -0.0945 0.8817 -0.4623
vn 0.0039 0.8990 -0.4380
vn -0.1277 -0.6570 -0.7430
vn -0.0934 -0.7574 -0.6462
vn -0.0014 -0.7467 -0.6652
vn -0.2060 0.7213 -0.6613
vn -0.0177 0.7727 -0.6345
vn -0.0296 0.6916 -0.7217
vn -0.1447 -0.5683 -0.8100
vn 0.0149 -0.6435 -0.7653
vn 0.0281 -0.4651 -0.8848
vn -0.1617 -0.3634 -0.9175
vn -0.1147 0.5288 -0.8409
vn -0.1636 0.4997 -0.8506
vn -0.0007 0.3251 -0.9457
vn 0.0141 0.4812 -0.8765
vn -0.1577 0.6514 -0.7422
vn -0.1573 0.5059 -0.8481
vn -0.0111 0.5406 -0.8412
vn -0.1310 -0.3302 -0.9348
vn -0.0339 -0.2515 -0.9673
vn -0.0060 -0.0804 -0.9967
vn -0.1314 0.2899 -0.9480
vn -0.0074 0.0867 -0.9962
vn -0.0041 0.2366 -0.9716
vn -0.0035 0.0028 -1.0000
vn -0.1323 0.2694 -0.9539
vn 0.4962 -0.6958 0.5193
vn 0.5292 -0.8416 -0.1075
vn 0.6437 -0.7598 -0.0912
vn 0.3459 -0.9340 0.0891
vn 0.2537 -0.9559 -0.1480
vn -0.3978 -0.9080 -0.1313
vn 0.0843 -0.1016 0.9912
vn 0.8222 -0.4993 0.2732
vn 0.7464 -0.2503 0.6167
vn 0.0435 0.2120 0.9763
vn 0.5313 -0.8061 0.2607
vn 0.2332 -0.1612 0.9590
vn -0.1335 -0.1443 0.9805
vn -0.6637 0.1694 0.7286
vn -0.2332 -0.7980 0.5557
vn 0.2765 -0.8992 0.3391
vn -0.1831 -0.9708 0.1547
vn -0.5644 -0.7817 0.2651
vn -0.8319 -0.5545 -0.0219
vn 0.9814 0.0092 -0.1917
vn -0.4457 -0.8931 -0.0612
vn -0.9487 0.2525 0.1904
vn -0.9640 -0.2254 0.1409
vn -0.5598 -0.0094 0.8286
vn 0.6395 0.1445 -0.7551
vn 0.6997 -0.0165 -0.7143
vn 0.7920 0.1655 -0.5877
vn 0.3458 0.3864 -0.8551
vn 0.8235 -0.4619 -0.3293
vn 0.8918 0.2363 -0.3858
vn 0.8338 -0.2256 0.5038
vn 0.1070 -0.3142 0.9433
vn 0.8924 0.3583 -0.2743
vn 0.9592 -0.2498 -0.1324
vn 0.9560 0.2653 -0.1253
vn 0.7957 -0.1855 0.5765
vn 0.9434 -0.3313 0.0112
vn 0.8976 -0.0867 0.4322
vn 0.3507 -0.3808 0.8555
vn 0.6080 -0.3195 0.7268
vn 0.4734 -0.1911 0.8599
vn 0.6764 -0.3945 0.6219
vn 0.3760 0.5142 0.7709
vn 0.2978 0.6204 0.7255
vn -0.2623 -0.3091 0.9142
vn -0.1996 -0.1321 0.9709
vn -0.0703 0.3014 0.9509
vn 0.4131 0.4434 0.7955
vn -0.0015 -0.2259 0.9742
vn -0.0532 -0.1659 0.9847
vn 0.1308 -0.1820 0.9746
vn -0.0793 -0.4531 0.8879
vn 0.0089 -0.1760 0.9843
vn 0.3920 -0.1977 0.8985
vn 0.0442 -0.4337 0.9000
vn 0.2029 -0.4301 0.8797
vn 0.3659 -0.2567 0.8946
vn 0.1225 0.3963 0.9099
vn 0.7170 -0.5621 0.4124
vn -0.0006 0.5498 0.8353
vn -0.0215 0.4833 0.8752
vn 0.1188 0.5986 0.7922
vn 0.1057 0.4747 0.8738
vn 0.2412 0.6064 0.7577
vn -0.6794 -0.2011 0.7056
vn 0.1442 0.6026 0.7849
vn 0.1492 0.7374 0.6588
vn 0.2195 0.4746 0.8524
vn 0.2400 0.6977 0.6750
vn 0.3072 0.5227 0.7953
vn 0.1339 0.8117 0.5686
vn 0.1820 0.8969 0.4030
vn 0.1970 0.9588 0.2048
vn 0.0951 0.9954 -0.0082
vn 0.6479 0.2494 0.7198
vn 0.4847 0.3591 0.7976
vn 0.4444 0.5376 0.7166
vn 0.5937 0.4036 0.6962
vn 0.7349 0.4466 0.5103
vn 0.8027 0.2790 0.5271
vn 0.2532 -0.2739 0.9278
vn 0.1713 -0.0740 0.9824
vn 0.2551 -0.0829 0.9634
vn 0.3196 0.2827 0.9044
vn 0.3991 0.0261 0.9165
vn 0.2992 -0.1377 0.9442
vn 0.2956 0.1283 0.9466
vn 0.3194 -0.5262 0.7881
vn 0.4074 -0.1036 0.9073
vn -0.2041 -0.9503 0.2351
vn 0.4454 0.6093 0.6560
vn 0.2089 -0.5207 0.8278
vn 0.4245 0.2552 0.8687
vn 0.4236 0.5661 0.7072
vn 0.6629 -0.3848 0.6422
vn 0.8287 0.1997 0.5228
vn 0.6514 0.3029 0.6957
vn 0.8175 0.2429 0.5221
vn 0.4516 -0.2603 0.8534
vn 0.3247 -0.5413 0.7756
vn 0.6860 -0.1713 0.7071
vn 0.2694 -0.2598 0.9273
vn 0.3964 -0.7057 0.5872
vn 0.1211 0.7572 0.6419
vn 0.3954 0.4371 0.8078
vn 0.3944 0.5223 0.7561
vn 0.3600 0.6352 0.6833
vn 0.4676 0.6398 0.6099
vn 0.3441 0.7668 0.5419
vn 0.2913 0.8424 0.4534
vn 0.4321 0.8051 0.4064
vn 0.4620 0.7602 0.4568
vn 0.2728 0.9055 0.3251
vn 0.4180 0.8832 0.2127
vn 0.2579 0.9595 0.1134
vn 0.5420 -0.0486 0.8390
vn 0.6845 -0.0891 0.7236
vn 0.6574 0.3774 0.6522
vn 0.5004 -0.5517 0.6672
vn 0.5426 -0.1344 0.8291
vn 0.7749 -0.2138 0.5948
vn 0.8283 0.1993 0.5237
vn 0.6561 0.3880 0.6473
vn 0.7830 0.0052 0.6220
vn 0.5337 -0.5706 0.6242
vn 0.4765 -0.7662 0.4311
vn 0.5478 -0.6231 0.5582
vn 0.3796 -0.4430 0.8122
vn 0.2575 0.4067 0.8765
vn 0.4470 0.1593 0.8802
vn 0.5930 0.1800 0.7848
vn 0.4391 0.0582 0.8965
vn 0.0056 0.6621 0.7494
vn 0.1959 0.3145 0.9288
vn -0.2411 0.3268 0.9138
vn 0.3998 0.0379 0.9158
vn 0.8170 0.1041 0.5671
vn 0.4896 0.6522 0.5787
vn 0.5717 -0.3935 0.7200
vn 0.7395 0.0401 0.6719
vn 0.3235 -0.4196 0.8481
vn 0.6579 0.4423 0.6095
vn 0.6133 -0.2154 0.7599
vn 0.7837 0.1267 0.6081
vn 0.5184 0.3970 0.7574
vn 0.5448 0.4232 0.7239
vn 0.6590 0.4049 0.6339
vn 0.6769 0.3547 0.6450
vn 0.5045 0.5158 0.6924
vn 0.7645 -0.3029 0.5690
vn 0.9923 -0.0433 0.1162
vn 0.9322 0.2458 0.2657
vn 0.9995 0.0159 0.0275
vn 0.9915 0.0405 0.1237
vn 0.9590 -0.1811 0.2181
vn 0.6910 0.4192 0.5889
vn 0.8296 -0.1789 0.5289
vn 0.5697 -0.5791 0.5832
vn 0.5897 -0.6065 0.5333
vn 0.6224 0.5044 0.5984
vn 0.7414 0.4387 0.5078
vn 0.7652 0.4584 0.4519
vn 0.5068 0.6829 0.5261
vn 0.6362 0.4877 0.5979
vn 0.6399 0.6470 0.4146
vn 0.7891 -0.6015 -0.1244
vn 0.9659 -0.1926 0.1731
vn 0.9820 -0.0373 -0.1849
vn 0.8230 -0.5576 0.1080
vn 0.6841 -0.6177 0.3879
vn 0.7275 -0.5173 0.4507
vn 0.6332 -0.5539 0.5407
vn 0.6611 0.7129 0.2340
vn 0.5831 0.7521 0.3071
vn 0.5043 0.7975 0.3310
vn 0.6677 -0.6260 0.4028
vn 0.6188 -0.6200 0.4823
vn 0.6847 -0.6631 0.3026
vn 0.7366 -0.2472 0.6296
vn 0.5759 0.7982 0.1770
vn 0.5207 0.8529 0.0372
vn 0.6312 -0.0164 0.7755
vn 0.7131 0.2502 0.6549
vn 0.6917 0.1270 0.7109
vn 0.8096 -0.0406 0.5856
vn 0.7770 -0.4141 0.4742
vn 0.7459 0.0817 0.6610
vn 0.9668 0.1208 0.2251
vn 0.6309 -0.6001 0.4918
vn 0.5870 -0.6401 0.4957
vn 0.6870 -0.5883 0.4265
vn 0.8980 0.0191 0.4395
vn 0.8347 -0.2872 0.4699
vn 0.9248 0.2225 0.3086
vn 0.6256 0.4401 -0.6441
vn 0.9128 0.3045 -0.2722
vn 0.8646 0.1505 0.4794
vn 0.8631 0.4973 0.0885
vn 0.9080 0.3547 0.2228
vn 0.8887 0.2751 0.3668
vn 0.9162 0.1934 0.3510
vn 0.6081 -0.5672 -0.5554
vn 0.9947 -0.0483 0.0909
vn 0.8996 0.1761 0.3996
vn 0.8742 -0.4845 -0.0329
vn 0.9620 -0.1074 0.2512
vn 0.9662 -0.0209 0.2570
vn 0.6338 -0.6337 0.4435
vn 0.6634 -0.5814 0.4710
vn 0.7158 -0.6205 0.3204
vn 0.6913 -0.5727 0.4406
vn 0.7838 -0.4985 0.3703
vn 0.8238 -0.3394 0.4540
vn 0.7707 -0.5467 0.3275
vn 0.2147 0.9741 0.0710
vn 0.7691 0.5732 0.2826
vn 0.5662 0.7798 0.2670
vn 0.6629 -0.7321 0.1569
vn 0.9138 -0.2489 0.3210
vn 0.9376 -0.1473 0.3149
vn 0.7563 0.5705 0.3202
vn 0.8432 0.4208 0.3345
vn 0.8499 0.4850 0.2061
vn 0.6946 -0.6977 0.1751
vn 0.7021 -0.6904 0.1742
vn 0.8742 -0.4530 0.1749
vn 0.2042 0.8967 0.3927
vn 0.6158 0.1845 0.7660
vn 0.3673 -0.2270 0.9020
vn 0.7531 0.0498 0.6560
vn 0.0732 -0.4115 0.9085
vn 0.3868 -0.7179 0.5788
vn 0.9377 0.2898 0.1920
vn 0.8205 -0.3207 0.4732
vn 0.7922 -0.2624 0.5510
vn 0.9586 0.2434 0.1476
vn 0.7274 0.6741 0.1285
vn 0.8716 0.4868 0.0583
vn 0.8582 -0.4669 0.2133
vn 0.9461 -0.0612 0.3180
vn 0.9558 0.1892 0.2248
vn 0.9242 0.3140 0.2175
vn 0.9402 -0.3377 -0.0453
vn 0.8826 -0.4557 0.1159
vn 0.8886 -0.4574 0.0342
vn 0.9765 -0.1923 0.0971
vn 0.9767 0.1788 0.1186
vn 0.9827 -0.1807 -0.0395
vn 0.9816 0.1673 0.0925
vn 0.8120 0.5151 0.2744
vn 0.8908 0.3002 0.3411
vn 0.9807 0.1356 0.1405
vn 0.1480 -0.6460 -0.7488
vn 0.1984 -0.4554 -0.8679
vn 0.3581 -0.4194 -0.8342
vn 0.2265 -0.5005 -0.8356
vn 0.1305 -0.9260 -0.3542
vn 0.0791 -0.8296 -0.5528
vn 0.2452 -0.8329 -0.4962
vn 0.6484 -0.2616 -0.7150
vn 0.1342 -0.3535 -0.9258
vn 0.6580 -0.4239 -0.6223
vn 0.3319 -0.8615 -0.3842
vn 0.2823 -0.8373 -0.4683
vn 0.4697 -0.4756 -0.7438
vn 0.4884 -0.7719 -0.4069
vn -0.6329 0.0641 -0.7716
vn -0.3519 -0.2179 -0.9103
vn 0.6246 -0.2804 -0.7288
vn 0.4315 -0.7298 -0.5303
vn -0.0808 -0.2978 -0.9512
vn -0.1317 -0.8445 -0.5191
vn -0.6505 -0.2760 -0.7076
vn -0.0754 -0.5745 -0.8150
vn -0.4184 -0.3140 -0.8523
vn 0.5270 -0.3533 -0.7729
vn 0.4661 -0.1170 -0.8770
vn 0.9370 -0.3490 0.0155
vn 0.9795 -0.0833 0.1832
vn 0.9027 -0.0602 -0.4261
vn 0.4405 -0.8394 -0.3184
vn 0.3754 -0.8266 -0.4193
vn 0.4565 -0.4661 -0.7579
vn 0.2842 0.9544 -0.0919
vn 0.1217 0.9566 -0.2648
vn 0.2507 0.9368 -0.2440
vn 0.1052 0.8659 -0.4890
vn 0.1024 -0.7141 -0.6926
vn 0.1474 -0.6725 -0.7253
vn 0.2244 -0.7312 -0.6441
vn 0.2201 -0.7104 -0.6685
vn 0.1109 0.7875 -0.6063
vn 0.2085 0.6549 -0.7264
vn 0.1974 -0.4553 -0.8682
vn 0.1658 -0.6062 -0.7778
vn 0.3013 -0.5793 -0.7574
vn 0.3343 -0.5486 -0.7663
vn 0.0057 -0.3310 -0.9436
vn 0.2080 -0.3544 -0.9117
vn 0.1658 0.4938 -0.8537
vn 0.1439 0.3850 -0.9116
vn 0.0940 0.6742 -0.7325
vn 0.1531 0.5369 -0.8297
vn 0.2625 0.5239 -0.8103
vn 0.1780 -0.3831 -0.9064
vn 0.1865 -0.2747 -0.9433
vn 0.1491 -0.1594 -0.9759
vn 0.1696 0.0034 -0.9855
vn 0.3360 -0.0732 -0.9390
vn 0.1720 0.1868 -0.9672
vn 0.0107 0.2470 -0.9690
vn 0.1703 0.2660 -0.9488
vn 0.1510 0.2830 -0.9472
vn 0.4327 0.9015 -0.0021
vn 0.4260 0.8770 -0.2224
vn 0.3579 -0.7707 -0.5272
vn 0.2549 0.7652 -0.5912
vn 0.4469 0.7618 -0.4689
vn 0.2370 0.8575 -0.4567
vn 0.3967 0.8109 -0.4302
vn 0.3067 -0.6595 -0.6863
vn 0.4790 -0.5713 -0.6664
vn 0.4521 -0.4772 -0.7536
vn 0.4233 -0.5631 -0.7097
vn 0.3708 0.5762 -0.7283
vn 0.3871 0.5014 -0.7738
vn 0.5170 0.4757 -0.7116
vn 0.3651 -0.4511 -0.8144
vn 0.3647 -0.2931 -0.8838
vn 0.4953 -0.2292 -0.8379
vn 0.4673 -0.4507 -0.7606
vn 0.5420 -0.2309 -0.8081
vn 0.4854 -0.1786 -0.8558
vn 0.4884 0.1500 -0.8596
vn 0.3117 0.3340 -0.8895
vn 0.3243 0.2030 -0.9239
vn 0.4650 0.1041 -0.8792
vn 0.2866 0.4210 -0.8606
vn 0.4115 0.4738 -0.7786
vn 0.4330 0.3983 -0.8086
vn 0.5316 0.3959 -0.7488
vn 0.3032 -0.1672 -0.9381
vn 0.2895 0.1753 -0.9410
vn 0.3639 0.1110 -0.9248
vn 0.9728 -0.1104 0.2038
vn 0.8697 -0.3041 -0.3889
vn 0.5063 0.8585 -0.0811
vn 0.4220 -0.8315 -0.3614
vn 0.6038 -0.7480 -0.2755
vn 0.6466 -0.7021 -0.2982
vn 0.6927 -0.6269 -0.3567
vn 0.7098 -0.6760 -0.1979
vn 0.5442 0.7645 -0.3454
vn 0.5720 0.7859 -0.2349
vn 0.7231 0.6575 -0.2119
vn 0.6643 0.6975 -0.2686
vn 0.4735 -0.7765 -0.4158
vn 0.5298 -0.5876 -0.6116
vn 0.6336 -0.6273 -0.4529
vn 0.5388 0.5485 -0.6394
vn 0.6606 0.5929 -0.4605
vn 0.5305 -0.5046 -0.6811
vn 0.6094 -0.5511 -0.5701
vn 0.5895 -0.5031 -0.6320
vn 0.7329 -0.1298 -0.6679
vn 0.6705 0.0516 -0.7401
vn 0.6222 0.1639 -0.7655
vn 0.6192 0.4361 -0.6529
vn 0.6213 0.4771 -0.6217
vn 0.4373 0.7294 -0.5261
vn 0.5867 -0.3266 -0.7410
vn 0.6340 -0.1141 -0.7649
vn 0.4648 0.4476 -0.7640
vn 0.4660 0.3380 -0.8177
vn 0.6822 0.2479 -0.6879
vn 0.5432 0.3345 -0.7701
vn 0.8372 -0.5376 0.1003
vn 0.8489 -0.5165 -0.1124
vn 0.7806 -0.6129 -0.1228
vn 0.7645 -0.6426 0.0503
vn 0.8575 -0.5140 -0.0215
vn 0.9837 0.0715 0.1653
vn 0.9407 0.3356 -0.0494
vn 0.7832 0.6202 -0.0443
vn 0.8500 0.5156 -0.1085
vn 0.6472 0.7621 -0.0174
vn 0.6993 -0.6657 -0.2604
vn 0.7121 -0.5530 -0.4324
vn 0.8002 -0.5191 -0.3003
vn 0.7861 -0.5019 -0.3607
vn 0.8207 -0.3952 -0.4127
vn 0.8475 -0.4226 -0.3212
vn 0.8404 -0.2997 -0.4516
vn 0.8729 0.4147 -0.2572
vn 0.7671 0.6173 -0.1746
vn 0.7914 0.4944 -0.3595
vn 0.8082 0.5421 -0.2300
vn 0.6509 -0.5899 -0.4779
vn 0.7448 -0.4073 -0.5285
vn 0.7307 -0.3391 -0.5926
vn 0.7605 -0.3534 -0.5448
vn 0.7888 -0.1618 -0.5929
vn 0.7642 0.0088 -0.6449
vn 0.8732 0.0606 -0.4836
vn 0.7851 0.2130 -0.5816
vn 0.7961 0.1307 -0.5908
vn 0.8624 0.2804 -0.4215
vn 0.8802 0.1086 -0.4621
vn 0.7172 0.4660 -0.5181
vn 0.7671 0.3626 -0.5293
vn 0.8271 0.4091 -0.3855
vn 0.7512 0.4095 -0.5178
vn 0.6551 -0.3600 -0.6643
vn 0.6411 -0.2073 -0.7390
vn 0.7043 -0.2176 -0.6757
vn 0.7586 -0.0602 -0.6488
vn 0.6153 0.0950 -0.7826
vn 0.7424 0.1926 -0.6416
vn 0.7269 0.1355 -0.6732
vn 0.8836 -0.4256 -0.1952
vn 0.9360 -0.2913 -0.1977
vn 0.9810 0.1888 0.0440
vn 0.9752 -0.1317 -0.1777
vn 0.9871 0.0699 0.1441
vn 0.9984 -0.0129 -0.0551
vn 0.9970 0.0522 -0.0567
vn 0.9742 0.0901 0.2071
vn 0.9681 0.2341 0.0890
vn 0.9832 0.1825 0.0018
vn 0.9813 0.1892 -0.0351
vn 0.9119 -0.2817 -0.2984
vn 0.9276 -0.2254 -0.2980
vn 0.9355 -0.2048 -0.2879
vn 0.9188 0.1080 -0.3797
vn 0.9724 -0.0068 -0.2332
vn 0.9728 0.0362 -0.2289
vn 0.9402 0.2393 -0.2424
vn 0.9128 0.3396 -0.2269
vn 0.8656 -0.1213 -0.4859
vt 0.363433 0.201374
vt 0.369170 0.203522
vt 0.373888 0.227603
vt 0.310349 0.184358
vt 0.305709 0.206002
vt 0.313807 0.208390
vt 0.344472 0.194442
vt 0.339859 0.192237
vt 0.332218 0.176491
vt 0.296260 0.193352
vt 0.320822 0.214978
vt 0.262090 0.183069
vt 0.266993 0.205101
vt 0.259287 0.188824
vt 0.260001 0.161248
vt 0.279243 0.162688
vt 0.275494 0.211183
vt 0.290740 0.173511
vt 0.307229 0.176277
vt 0.271019 0.169971
vt 0.300348 0.181220
vt 0.267126 0.151659
vt 0.308932 0.204791
vt 0.396642 0.227432
vt 0.416187 0.242926
vt 0.399625 0.259763
vt 0.382361 0.200877
vt 0.381967 0.231261
vt 0.406410 0.202559
vt 0.345306 0.170075
vt 0.344479 0.160683
vt 0.336055 0.170602
vt 0.364171 0.166211
vt 0.350456 0.176486
vt 0.358764 0.189439
vt 0.382114 0.157432
vt 0.395525 0.165061
vt 0.286587 0.433477
vt 0.299469 0.427840
vt 0.324315 0.468433
vt 0.250337 0.432346
vt 0.268976 0.409046
vt 0.269092 0.439097
vt 0.288361 0.402091
vt 0.265907 0.461250
vt 0.288005 0.464200
vt 0.245999 0.451002
vt 0.245558 0.490239
vt 0.267554 0.482019
vt 0.294417 0.504468
vt 0.262962 0.504017
vt 0.251516 0.538726
vt 0.239143 0.527819
vt 0.365252 0.438131
vt 0.374355 0.450760
vt 0.357277 0.457736
vt 0.369686 0.488658
vt 0.369235 0.567362
vt 0.349797 0.543792
vt 0.378677 0.545599
vt 0.340209 0.400014
vt 0.367604 0.420104
vt 0.330254 0.423419
vt 0.364997 0.388352
vt 0.336903 0.351823
vt 0.310151 0.372550
vt 0.330710 0.440439
vt 0.339535 0.483638
vt 0.338939 0.526327
vt 0.314800 0.513972
vt 0.338582 0.565547
vt 0.317924 0.591939
vt 0.360684 0.590897
vt 0.337893 0.607274
vt 0.277935 0.316705
vt 0.299647 0.303940
vt 0.311943 0.336391
vt 0.327698 0.300915
vt 0.289275 0.361934
vt 0.312797 0.404732
vt 0.274087 0.547656
vt 0.283546 0.631451
vt 0.319907 0.619891
vt 0.319773 0.656405
vt 0.263648 0.660099
vt 0.342886 0.638697
vt 0.277529 0.685072
vt 0.312274 0.682390
vt 0.312355 0.705335
vt 0.343118 0.681689
vt 0.337986 0.712837
vt 0.307865 0.745882
vt 0.263552 0.350425
vt 0.241593 0.334880
vt 0.287422 0.282489
vt 0.246917 0.292003
vt 0.237717 0.376446
vt 0.237860 0.574071
vt 0.275030 0.593199
vt 0.281680 0.730624
vt 0.293021 0.762276
vt 0.417210 0.576045
vt 0.431258 0.583154
vt 0.413764 0.589555
vt 0.431835 0.576048
vt 0.407283 0.567421
vt 0.390761 0.265339
vt 0.399676 0.301100
vt 0.413971 0.273537
vt 0.407915 0.321019
vt 0.396254 0.310835
vt 0.393117 0.319334
vt 0.385544 0.353423
vt 0.412428 0.371343
vt 0.394176 0.397285
vt 0.430578 0.409689
vt 0.406485 0.426062
vt 0.414793 0.391964
vt 0.393946 0.481498
vt 0.391737 0.442973
vt 0.387080 0.499603
vt 0.380545 0.437939
vt 0.415204 0.458234
vt 0.408505 0.465257
vt 0.400368 0.475556
vt 0.403491 0.467808
vt 0.382842 0.503102
vt 0.384752 0.518786
vt 0.386324 0.540517
vt 0.389374 0.498151
vt 0.387843 0.566360
vt 0.388488 0.591381
vt 0.408248 0.577650
vt 0.392257 0.553904
vt 0.397159 0.559321
vt 0.389651 0.631500
vt 0.370969 0.618714
vt 0.427329 0.624956
vt 0.420669 0.596004
vt 0.363312 0.682188
vt 0.368371 0.644268
vt 0.392038 0.669471
vt 0.417648 0.655620
vt 0.419784 0.684480
vt 0.341250 0.249251
vt 0.380535 0.282238
vt 0.354626 0.279933
vt 0.379932 0.252245
vt 0.388703 0.245342
vt 0.358846 0.311266
vt 0.365896 0.341200
vt 0.342948 0.321358
vt 0.381751 0.296759
vt 0.379988 0.307818
vt 0.368231 0.305338
vt 0.388716 0.334812
vt 0.374492 0.317120
vt 0.414115 0.350461
vt 0.360714 0.724289
vt 0.336750 0.748751
vt 0.368864 0.752116
vt 0.423264 0.737577
vt 0.351249 0.233778
vt 0.328800 0.242011
vt 0.323546 0.222428
vt 0.334966 0.275679
vt 0.319221 0.244302
vt 0.300687 0.227223
vt 0.315384 0.262081
vt 0.322601 0.778033
vt 0.306297 0.826256
vt 0.352079 0.792376
vt 0.333883 0.813602
vt 0.260778 0.249614
vt 0.260226 0.230455
vt 0.245934 0.233895
vt 0.258321 0.214798
vt 0.236192 0.792683
vt 0.270280 0.779351
vt 0.279955 0.829344
vt 0.338849 0.846131
vt 0.430105 0.338041
vt 0.448188 0.355537
vt 0.428730 0.361674
vt 0.429529 0.451463
vt 0.428871 0.458349
vt 0.445235 0.462100
vt 0.467210 0.461636
vt 0.464450 0.422883
vt 0.441146 0.578532
vt 0.444218 0.594414
vt 0.449697 0.635093
vt 0.450655 0.573037
vt 0.468989 0.589194
vt 0.463296 0.618187
vt 0.426345 0.283924
vt 0.427597 0.301935
vt 0.420624 0.334447
vt 0.430842 0.383700
vt 0.445152 0.371816
vt 0.454247 0.389276
vt 0.443291 0.675756
vt 0.390150 0.710434
vt 0.445635 0.714875
vt 0.399990 0.763903
vt 0.453560 0.754015
vt 0.393388 0.813480
vt 0.424155 0.802457
vt 0.413190 0.844102
vt 0.380268 0.889755
vt 0.239854 0.870127
vt 0.291151 0.882015
vt 0.276223 0.914780
vt 0.465287 0.344772
vt 0.466883 0.369774
vt 0.469734 0.376403
vt 0.470767 0.384222
vt 0.476334 0.430788
vt 0.469892 0.401409
vt 0.471335 0.493156
vt 0.460142 0.473768
vt 0.478231 0.497526
vt 0.491636 0.446436
vt 0.502678 0.497802
vt 0.475950 0.518217
vt 0.475298 0.545353
vt 0.508104 0.537035
vt 0.463610 0.577707
vt 0.459514 0.567195
vt 0.496486 0.588366
vt 0.502859 0.566673
vt 0.473914 0.640971
vt 0.469485 0.664151
vt 0.499261 0.676696
vt 0.464123 0.691352
vt 0.500680 0.629338
vt 0.473904 0.712160
vt 0.498380 0.709641
vt 0.501482 0.740603
vt 0.466559 0.777010
vt 0.507429 0.793570
vt 0.462571 0.798814
vt 0.430871 0.904508
vt 0.499820 0.891796
vt 0.527115 0.934895
vt 0.356022 0.960685
vt 0.233439 0.221554
vt 0.220396 0.235006
vt 0.251762 0.200143
vt 0.214367 0.224085
vt 0.204029 0.241884
vt 0.201089 0.222224
vt 0.198701 0.193084
vt 0.215669 0.173728
vt 0.208421 0.162576
vt 0.198854 0.192432
vt 0.192172 0.210636
vt 0.205611 0.176598
vt 0.183622 0.197417
vt 0.206781 0.149546
vt 0.220814 0.143818
vt 0.208103 0.166085
vt 0.199030 0.204162
vt 0.161260 0.127803
vt 0.188231 0.119801
vt 0.164195 0.144769
vt 0.156568 0.153299
vt 0.117547 0.170713
vt 0.096907 0.139439
vt 0.103232 0.124939
vt 0.144656 0.109933
vt 0.103032 0.210110
vt 0.057106 0.188609
vt 0.060240 0.115284
vt 0.015279 0.089908
vt 0.079213 0.093143
vt 0.039833 0.134174
vt 1.039833 0.134174
vt 0.996106 0.124945
vt 1.060240 0.115284
vt 0.010736 0.203652
vt 0.020427 0.174036
vt 0.239463 0.399939
vt 0.219450 0.376073
vt 0.228665 0.462399
vt 0.220955 0.480994
vt 0.229479 0.416544
vt 0.216565 0.506246
vt 0.233731 0.547077
vt 0.211162 0.563475
vt 0.214454 0.594521
vt 0.187462 0.421515
vt 0.188085 0.384956
vt 0.196680 0.484038
vt 0.192816 0.522256
vt 0.186280 0.545699
vt 0.186682 0.496186
vt 0.191258 0.566024
vt 0.189553 0.586838
vt 0.194457 0.607540
vt 0.216045 0.633402
vt 0.192113 0.645076
vt 0.166776 0.426704
vt 0.190797 0.462419
vt 0.168405 0.505744
vt 0.168494 0.549707
vt 0.166467 0.592864
vt 0.231672 0.268499
vt 0.235483 0.260221
vt 0.213012 0.260023
vt 0.212127 0.333564
vt 0.237276 0.634123
vt 0.239623 0.681556
vt 0.223835 0.699029
vt 0.195036 0.719220
vt 0.230595 0.751181
vt 0.200955 0.745936
vt 0.216662 0.294761
vt 0.187095 0.326400
vt 0.186926 0.680207
vt 0.170866 0.724668
vt 0.178092 0.770225
vt 0.216116 0.792145
vt 0.152945 0.753830
vt 0.197576 0.441923
vt 0.165560 0.394042
vt 0.162646 0.357047
vt 0.136377 0.355097
vt 0.144585 0.476881
vt 0.143960 0.440539
vt 0.143486 0.521655
vt 0.145875 0.564889
vt 0.166405 0.645464
vt 0.140687 0.693141
vt 0.169397 0.672457
vt 0.141022 0.671467
vt 0.119195 0.380914
vt 0.142173 0.395186
vt 0.122984 0.406001
vt 0.116932 0.464938
vt 0.125696 0.485938
vt 0.094167 0.487605
vt 0.121662 0.522409
vt 0.120889 0.543352
vt 0.125988 0.601282
vt 0.143706 0.607701
vt 0.115222 0.563296
vt 0.117365 0.584445
vt 0.117020 0.625524
vt 0.186368 0.861808
vt 0.193237 0.226623
vt 0.186598 0.240211
vt 0.168873 0.824415
vt 0.146867 0.811355
vt 0.142939 0.298400
vt 0.103251 0.274859
vt 0.137453 0.264264
vt 0.116808 0.724340
vt 0.140435 0.732317
vt 0.103500 0.748026
vt 0.098977 0.771167
vt 0.101832 0.329820
vt 0.139701 0.327992
vt 0.093381 0.350579
vt 0.096834 0.579662
vt 0.094082 0.691029
vt 0.119577 0.699011
vt 0.112811 0.670150
vt 0.070352 0.651226
vt 0.091671 0.649420
vt 0.074076 0.736932
vt 0.076107 0.403978
vt 0.097756 0.389040
vt 0.095696 0.428781
vt 0.069642 0.424395
vt 0.095681 0.505247
vt 0.097300 0.451361
vt 0.070843 0.475394
vt 0.098344 0.535928
vt 0.118231 0.504371
vt 0.074404 0.527191
vt 0.071432 0.504309
vt 0.096059 0.612306
vt 0.076444 0.568086
vt 0.070665 0.584683
vt 0.070195 0.621370
vt 0.167955 0.908191
vt 0.107170 0.818924
vt 0.129043 0.863505
vt 0.071163 0.254552
vt 0.076023 0.812339
vt 0.070147 0.856639
vt 0.055300 0.810289
vt 0.112912 0.237762
vt 0.082208 0.300295
vt 0.048732 0.283309
vt 0.038175 0.230973
vt 0.045340 0.334224
vt 0.067663 0.328350
vt 0.061567 0.712549
vt 0.043845 0.714615
vt 0.068118 0.770397
vt 0.049905 0.382857
vt 0.073494 0.354000
vt 0.070512 0.374404
vt 0.051309 0.424207
vt 0.052072 0.505798
vt 0.052594 0.582075
vt 0.044931 0.532568
vt 0.069079 0.544531
vt 0.048168 0.646843
vt 0.026138 0.603826
vt 0.024451 0.642493
vt 0.071156 0.689829
vt 0.048900 0.465036
vt 0.070254 0.447735
vt 0.026004 0.481029
vt 0.024397 0.502453
vt 0.042482 0.934864
vt 1.042482 0.934864
vt 1.356022 0.960685
vt 0.961480 0.981831
vt 1.066758 0.905208
vt 0.993602 0.896731
vt 1.055300 0.810289
vt 1.033753 0.855407
vt 0.993331 0.861939
vt 0.025060 0.325861
vt 0.035249 0.763634
vt 0.037210 0.742622
vt 0.024286 0.717392
vt 1.035249 0.763634
vt 0.996728 0.739684
vt 1.037210 0.742622
vt 0.996291 0.777575
vt 1.009120 0.803974
vt 0.021253 0.363319
vt 0.003734 0.327757
vt 0.997285 0.382521
vt 1.003734 0.327757
vt 1.021253 0.363319
vt 1.023798 0.401915
vt 0.000295 0.614851
vt 0.022044 0.685956
vt 0.020841 0.662278
vt 0.998478 0.695743
vt 1.022044 0.685956
vt 1.024286 0.717392
vt 0.998044 0.658883
vt 0.027715 0.446377
vt 0.023625 0.424236
vt 0.003482 0.448866
vt 0.001377 0.415283
vt 1.026003 0.481029
vt 0.999325 0.471788
vt 1.027715 0.446377
vt 0.001350 0.554096
vt 0.001899 0.530529
vt 0.022698 0.560206
vt 0.623711 0.200693
vt 0.581626 0.194029
vt 0.612039 0.169584
vt 0.641401 0.177117
vt 0.617512 0.158991
vt 0.634085 0.156173
vt 0.668623 0.168301
vt 0.662101 0.161184
vt 0.661304 0.142757
vt 0.666145 0.154160
vt 0.664232 0.187503
vt 0.652615 0.202610
vt 0.606065 0.227480
vt 0.615240 0.238801
vt 0.601140 0.244678
vt 0.631535 0.206033
vt 0.629534 0.219141
vt 0.620297 0.222222
vt 0.658832 0.185741
vt 0.637761 0.206599
vt 0.660534 0.199618
vt 0.663282 0.173069
vt 0.672676 0.178401
vt 0.693235 0.171930
vt 0.684038 0.201351
vt 0.684483 0.180192
vt 0.692760 0.169069
vt 0.717131 0.159106
vt 0.732068 0.150403
vt 0.713129 0.162057
vt 0.735245 0.171248
vt 0.740773 0.166008
vt 0.747863 0.155328
vt 0.742817 0.183842
vt 0.742108 0.207845
vt 0.745559 0.184551
vt 0.740213 0.222286
vt 0.545513 0.359409
vt 0.528023 0.364648
vt 0.529428 0.355920
vt 0.528401 0.420958
vt 0.520427 0.387345
vt 0.533545 0.391663
vt 0.544308 0.373627
vt 0.507260 0.442053
vt 0.529691 0.458142
vt 0.527988 0.513342
vt 0.529778 0.549989
vt 0.533713 0.572264
vt 0.535441 0.596873
vt 0.534655 0.565973
vt 0.520090 0.680142
vt 0.528285 0.627246
vt 0.551363 0.636179
vt 0.531516 0.379596
vt 0.525237 0.733548
vt 0.536852 0.792309
vt 0.540018 0.689648
vt 0.496861 0.839965
vt 0.536627 0.825686
vt 0.570927 0.880357
vt 0.640646 0.929904
vt 0.861996 0.954480
vt 0.558892 0.345334
vt 0.543665 0.337931
vt 0.560932 0.324982
vt 0.574154 0.345488
vt 0.562806 0.377899
vt 0.557348 0.430844
vt 0.531249 0.520583
vt 0.544698 0.493886
vt 0.557546 0.484869
vt 0.579498 0.480459
vt 0.598426 0.466013
vt 0.541924 0.578780
vt 0.555454 0.591583
vt 0.554719 0.587143
vt 0.565352 0.591343
vt 0.575306 0.594558
vt 0.575340 0.588719
vt 0.578287 0.599759
vt 0.576490 0.637938
vt 0.595513 0.309683
vt 0.575788 0.320092
vt 0.586672 0.345621
vt 0.568988 0.358878
vt 0.589367 0.357787
vt 0.585705 0.408849
vt 0.585371 0.434731
vt 0.604718 0.397746
vt 0.600353 0.367871
vt 0.581617 0.487377
vt 0.574570 0.663335
vt 0.554868 0.763208
vt 0.555209 0.714380
vt 0.585903 0.699086
vt 0.587182 0.745700
vt 0.610051 0.741458
vt 0.591792 0.793244
vt 0.599737 0.840861
vt 0.628117 0.796510
vt 0.620794 0.882221
vt 0.639903 0.830023
vt 0.701726 0.863230
vt 0.583837 0.583390
vt 0.594332 0.591149
vt 0.592085 0.577552
vt 0.595870 0.272855
vt 0.610961 0.253726
vt 0.603846 0.292930
vt 0.619705 0.304870
vt 0.618724 0.288226
vt 0.610078 0.327938
vt 0.608462 0.432667
vt 0.629012 0.428842
vt 0.592394 0.489608
vt 0.612475 0.452964
vt 0.596653 0.498152
vt 0.607652 0.504408
vt 0.606737 0.515363
vt 0.621603 0.484902
vt 0.614842 0.533435
vt 0.631379 0.505434
vt 0.605014 0.580479
vt 0.601449 0.568938
vt 0.614550 0.556610
vt 0.610382 0.555802
vt 0.620572 0.607090
vt 0.624197 0.581477
vt 0.604629 0.666220
vt 0.599324 0.620829
vt 0.610173 0.638754
vt 0.607792 0.696090
vt 0.654434 0.251226
vt 0.642724 0.285360
vt 0.625709 0.282336
vt 0.605869 0.311055
vt 0.623854 0.320179
vt 0.629551 0.307887
vt 0.631823 0.358733
vt 0.637439 0.324717
vt 0.633697 0.404273
vt 0.658258 0.381955
vt 0.651781 0.333532
vt 0.662411 0.680347
vt 0.634628 0.658120
vt 0.652042 0.660696
vt 0.634933 0.745774
vt 0.631586 0.686074
vt 0.639023 0.704423
vt 0.665729 0.734890
vt 0.671087 0.242329
vt 0.676711 0.220487
vt 0.694434 0.201832
vt 0.689286 0.239096
vt 0.663929 0.222223
vt 0.700519 0.259398
vt 0.676376 0.254932
vt 0.652179 0.297304
vt 0.677973 0.283331
vt 0.689524 0.355692
vt 0.705815 0.300441
vt 0.697315 0.788861
vt 0.720468 0.188421
vt 0.727737 0.226574
vt 0.745626 0.268224
vt 0.737625 0.244695
vt 0.726320 0.807999
vt 0.742603 0.753497
vt 0.626021 0.452426
vt 0.636190 0.473435
vt 0.639241 0.450179
vt 0.642066 0.439903
vt 0.644639 0.545309
vt 0.641508 0.528473
vt 0.647142 0.562719
vt 0.658226 0.406883
vt 0.669260 0.423652
vt 0.686586 0.398467
vt 0.683131 0.459714
vt 0.673320 0.439164
vt 0.663666 0.508029
vt 0.650516 0.555347
vt 0.655966 0.538278
vt 0.674044 0.513292
vt 0.664422 0.524369
vt 0.684725 0.506363
vt 0.648293 0.615870
vt 0.646932 0.596091
vt 0.652731 0.556604
vt 0.634436 0.636660
vt 0.655228 0.632066
vt 0.663868 0.640346
vt 0.679014 0.655990
vt 0.714751 0.370585
vt 0.718523 0.336466
vt 0.712021 0.399689
vt 0.695177 0.433862
vt 0.711206 0.508284
vt 0.687180 0.515671
vt 0.690342 0.492984
vt 0.687845 0.654935
vt 0.663419 0.637212
vt 0.695254 0.657211
vt 0.699888 0.705029
vt 0.714184 0.653980
vt 0.688907 0.727012
vt 0.706512 0.752674
vt 0.719687 0.282057
vt 0.743232 0.296847
vt 0.734496 0.374213
vt 0.760111 0.315408
vt 0.743093 0.608440
vt 0.737503 0.611031
vt 0.747015 0.589919
vt 0.737198 0.627816
vt 0.722333 0.644888
vt 0.724846 0.646080
vt 0.759732 0.643138
vt 0.737336 0.678175
vt 0.726853 0.703783
vt 0.717602 0.424646
vt 0.706783 0.439889
vt 0.713089 0.468139
vt 0.725403 0.505851
vt 0.740123 0.400312
vt 0.765547 0.395061
vt 0.743877 0.411507
vt 0.729961 0.434092
vt 0.750179 0.487661
vt 0.735676 0.457487
vt 0.732663 0.525145
vt 0.750437 0.512679
vt 0.750055 0.554090
vt 0.745722 0.568844
vt 1.015279 0.089908
vt 0.934979 0.105105
vt 0.936530 0.075569
vt 0.887840 0.108785
vt 0.993641 0.111310
vt 0.902355 0.137491
vt 0.930319 0.118420
vt 0.869464 0.133434
vt 0.975652 0.206084
vt 1.020427 0.174036
vt 1.010736 0.203652
vt 0.958481 0.156708
vt 0.831051 0.143560
vt 0.845462 0.157190
vt 0.792473 0.154010
vt 0.778470 0.146884
vt 0.819800 0.127198
vt 0.907082 0.182123
vt 0.855728 0.200005
vt 0.947974 0.206882
vt 0.873361 0.225804
vt 0.784875 0.154249
vt 0.789021 0.161406
vt 0.795527 0.170526
vt 0.781474 0.170536
vt 0.800362 0.196709
vt 0.784580 0.178319
vt 0.793519 0.179914
vt 0.806752 0.203182
vt 0.764212 0.229162
vt 0.751081 0.196584
vt 0.795954 0.206823
vt 0.788736 0.229737
vt 0.771082 0.211318
vt 0.807359 0.224259
vt 0.949483 0.887189
vt 0.827177 0.895294
vt 0.916503 0.880554
vt 0.939361 0.775079
vt 0.961839 0.826325
vt 0.920586 0.812461
vt 0.977276 0.252385
vt 1.000434 0.270538
vt 0.954245 0.247105
vt 0.954469 0.278969
vt 0.970531 0.779756
vt 0.956274 0.735529
vt 0.974059 0.302655
vt 1.015356 0.286284
vt 0.975239 0.333903
vt 0.948202 0.334495
vt 0.978223 0.382879
vt 0.958673 0.366502
vt 0.981673 0.622962
vt 1.000295 0.614851
vt 0.976446 0.694607
vt 0.978028 0.735967
vt 0.956840 0.692437
vt 0.979563 0.464474
vt 1.003482 0.448866
vt 0.975451 0.499421
vt 0.975227 0.443025
vt 0.974190 0.425436
vt 0.960030 0.467113
vt 0.999847 0.501667
vt 1.001899 0.530529
vt 0.998207 0.588753
vt 0.977122 0.565904
vt 1.001350 0.554096
vt 0.975845 0.544677
vt 0.733651 0.917185
vt 0.783228 0.878382
vt 0.854308 0.831971
vt 0.759756 0.847620
vt 0.909664 0.247197
vt 0.899075 0.802168
vt 0.891274 0.293504
vt 0.947450 0.300891
vt 0.904450 0.315250
vt 0.926269 0.716376
vt 0.903635 0.685510
vt 0.928236 0.691842
vt 0.894672 0.767652
vt 0.896378 0.743694
vt 0.928255 0.334045
vt 0.972983 0.405775
vt 0.951414 0.403504
vt 0.932871 0.442159
vt 0.928557 0.414433
vt 0.950534 0.440193
vt 0.923742 0.539441
vt 0.949458 0.521419
vt 0.958169 0.544848
vt 0.949707 0.600838
vt 0.950324 0.561162
vt 0.976064 0.595678
vt 0.927832 0.593512
vt 0.955165 0.636644
vt 0.973353 0.646013
vt 0.926381 0.668650
vt 0.931614 0.485313
vt 0.951843 0.488287
vt 0.760985 0.241769
vt 0.799250 0.221818
vt 0.793090 0.244562
vt 0.808499 0.807740
vt 0.834612 0.246870
vt 0.814927 0.201326
vt 0.813537 0.236686
vt 0.836509 0.292690
vt 0.804890 0.265297
vt 0.815150 0.745233
vt 0.851040 0.759356
vt 0.826033 0.788179
vt 0.836728 0.737890
vt 0.861877 0.280234
vt 0.879245 0.252844
vt 0.840907 0.312563
vt 0.858201 0.336770
vt 0.882626 0.317358
vt 0.859515 0.716361
vt 0.889615 0.712657
vt 0.928402 0.370175
vt 0.900817 0.351797
vt 0.884031 0.355787
vt 0.881041 0.393920
vt 0.864889 0.412020
vt 0.910511 0.425148
vt 0.882436 0.444288
vt 0.883194 0.642736
vt 0.891666 0.627631
vt 0.901870 0.648843
vt 0.881705 0.668829
vt 0.861043 0.652599
vt 0.928029 0.463481
vt 0.897507 0.462436
vt 0.908549 0.497816
vt 0.928996 0.520316
vt 0.903021 0.518371
vt 0.904991 0.541807
vt 0.930414 0.565098
vt 0.902560 0.563501
vt 0.882946 0.607937
vt 0.880424 0.584165
vt 0.931584 0.623052
vt 0.775737 0.261302
vt 0.783334 0.317502
vt 0.764604 0.267412
vt 0.764849 0.348407
vt 0.789970 0.379677
vt 0.764079 0.612638
vt 0.779387 0.651425
vt 0.757296 0.695549
vt 0.777860 0.731767
vt 0.787612 0.693772
vt 0.813415 0.339776
vt 0.818143 0.295577
vt 0.805659 0.383679
vt 0.832898 0.388071
vt 0.808882 0.697801
vt 0.834401 0.695188
vt 0.808234 0.723688
vt 0.810155 0.668088
vt 0.829455 0.347987
vt 0.858625 0.376096
vt 0.855992 0.421903
vt 0.856395 0.467882
vt 0.831366 0.483606
vt 0.833190 0.438295
vt 0.832571 0.519511
vt 0.833190 0.603691
vt 0.833335 0.564672
vt 0.857347 0.594870
vt 0.857572 0.555352
vt 0.822038 0.540861
vt 0.810836 0.583862
vt 0.833619 0.644400
vt 0.857019 0.629619
vt 0.809307 0.622941
vt 0.858029 0.687758
vt 0.866080 0.526715
vt 0.870688 0.500585
vt 0.882547 0.563863
vt 0.760721 0.441828
vt 0.785571 0.456058
vt 0.765897 0.479957
vt 0.790931 0.422066
vt 0.764300 0.526030
vt 0.787254 0.496233
vt 0.779085 0.564913
vt 0.791238 0.525452
vt 0.762914 0.591255
vt 0.785777 0.604486
vt 0.809484 0.442771
vt 0.807419 0.421162
vt 0.813413 0.471733
vt 0.808309 0.505033
vt 0.788173 0.589235
vt 0.803255 0.546123
vt 0.367696 0.192981
vt 0.241779 0.609557
vt 0.256613 0.739591
vt 0.376739 0.264444
vt 0.445340 0.456405
vt 0.485464 0.353065
vt 0.471711 0.542344
vt 0.475884 0.399539
vt 0.444529 0.847413
vt 0.193356 0.185734
vt 0.167613 0.274972
vt 0.167893 0.325384
vt 0.145029 0.647292
vt 0.117552 0.423052
vt 0.120472 0.444006
vt 0.066758 0.905208
vt 0.025961 0.582699
vt 0.024546 0.524839
vt 0.033753 0.855407
vt 0.015356 0.286284
vt 0.000434 0.270538
vt 0.009120 0.803974
vt 0.023798 0.401915
vt 1.020841 0.662278
vt 1.024451 0.642493
vt 1.001377 0.415283
vt 1.024397 0.502453
vt 1.024546 0.524839
vt 1.026138 0.603826
vt 1.025961 0.582699
vt 0.691007 0.200194
vt 0.723019 0.139954
vt 0.516120 0.437218
vt 0.574256 0.595087
vt 0.612880 0.531842
vt 0.623230 0.265994
vt 0.671485 0.356820
vt 0.663640 0.771529
vt 0.648786 0.602115
vt 0.722329 0.527785
vt 0.777905 0.778151
vt 0.882511 0.482918
s 1
f 5/1/5 6/2/6 3/3/3
f 13/4/13 11/5/11 12/6/12
f 15/7/15 14/8/14 17/9/17
f 18/10/18 8/11/8 11/5/11
f 27/12/27 25/13/25 24/14/24
f 24/14/24 26/15/26 27/12/27
f 11/5/11 13/4/13 18/10/18
f 18/10/18 13/4/13 19/16/19
f 27/12/27 178/17/178 25/13/25
f 28/18/28 13/4/13 30/19/30
f 29/20/29 19/16/19 28/18/28
f 27/12/27 28/18/28 31/21/31
f 29/20/29 26/15/26 20/22/20
f 31/21/31 30/19/30 168/23/168
f 33/24/33 32/25/32 116/26/116
f 34/27/34 33/24/33 4/28/4
f 6/2/6 34/27/34 4/28/4
f 35/29/35 32/25/32 33/24/33
f 35/29/35 33/24/33 34/27/34
f 16/30/16 37/31/37 39/32/39
f 39/32/39 41/33/41 40/34/40
f 38/35/38 35/29/35 34/27/34
f 40/34/40 41/33/41 38/35/38
f 41/33/41 42/36/42 36/37/36
f 43/38/43 44/39/44 66/40/66
f 289/41/289 99/42/99 45/43/45
f 99/42/99 81/44/81 43/38/43
f 48/45/48 45/43/45 46/46/46
f 47/47/47 48/45/48 49/48/49
f 50/49/50 46/46/46 84/50/84
f 50/49/50 84/50/84 51/51/51
f 51/51/51 52/52/52 292/53/292
f 56/54/56 55/55/55 54/56/54
f 54/56/54 55/55/55 57/57/57
f 60/58/60 59/59/59 133/60/133
f 63/61/63 53/62/53 56/54/56
f 63/61/63 56/54/56 62/63/62
f 63/61/63 158/64/158 53/62/53
f 64/65/64 63/61/63 83/66/83
f 66/40/66 65/67/65 54/56/54
f 54/56/54 57/57/57 67/68/67
f 66/40/66 69/69/69 68/70/68
f 68/70/68 69/69/69 71/71/71
f 69/69/69 59/59/59 71/71/71
f 67/68/67 57/57/57 69/69/69
f 68/70/68 71/71/71 70/72/70
f 71/71/71 72/73/72 73/74/73
f 71/71/71 59/59/59 60/58/60
f 98/75/98 79/76/79 80/77/80
f 80/77/80 79/76/79 170/78/170
f 81/44/81 82/79/82 61/80/61
f 44/39/44 61/80/61 62/63/62
f 82/79/82 83/66/83 61/80/61
f 64/65/64 83/66/83 80/77/80
f 84/50/84 66/40/66 68/70/68
f 68/70/68 70/72/70 85/81/85
f 87/82/87 70/72/70 74/83/74
f 87/82/87 74/83/74 75/84/75
f 101/85/101 87/82/87 75/84/75
f 74/83/74 76/86/76 75/84/75
f 88/87/88 90/88/90 92/89/92
f 75/84/75 77/90/77 90/88/90
f 90/88/90 77/90/77 92/89/92
f 92/89/92 78/91/78 91/92/91
f 96/93/96 98/75/98 82/79/82
f 97/94/97 98/75/98 96/93/96
f 93/95/93 98/75/98 94/96/94
f 95/97/95 96/93/96 99/42/99
f 96/93/96 82/79/82 99/42/99
f 295/98/295 52/52/52 86/99/86
f 88/87/88 92/89/92 89/100/89
f 89/100/89 91/92/91 171/101/171
f 106/102/106 193/103/193 107/104/107
f 109/105/109 106/102/106 108/106/108
f 151/107/151 116/26/116 114/108/114
f 114/108/114 200/109/200 115/110/115
f 114/108/114 115/110/115 118/111/118
f 118/111/118 115/110/115 119/112/119
f 159/113/159 124/114/124 121/115/121
f 123/116/123 122/117/122 120/118/120
f 126/119/126 55/55/55 125/120/125
f 55/55/55 126/119/126 134/121/134
f 122/117/122 125/120/125 58/122/58
f 128/123/128 125/120/125 122/117/122
f 126/119/126 128/123/128 129/124/129
f 126/119/126 129/124/129 130/125/130
f 130/125/130 129/124/129 131/126/131
f 128/123/128 122/117/122 123/116/123
f 133/60/133 132/127/132 136/128/136
f 135/129/135 133/60/133 136/128/136
f 127/130/127 134/121/134 126/119/126
f 132/127/132 134/121/134 127/130/127
f 132/127/132 127/130/127 136/128/136
f 60/58/60 133/60/133 137/131/137
f 72/73/72 60/58/60 138/132/138
f 133/60/133 135/129/135 137/131/137
f 137/131/137 105/133/105 138/132/138
f 137/131/137 135/129/135 140/134/140
f 139/135/139 105/133/105 137/131/137
f 105/133/105 107/104/107 138/132/138
f 143/136/143 141/137/141 107/104/107
f 105/133/105 139/135/139 108/106/108
f 140/134/140 108/106/108 139/135/139
f 111/138/111 107/104/107 110/139/110
f 160/140/160 142/141/142 144/142/144
f 144/142/144 143/136/143 145/143/145
f 144/142/144 145/143/145 146/144/146
f 1/145/1 112/146/112 150/147/150
f 2/148/2 4/28/4 152/149/152
f 154/150/154 156/151/156 153/152/153
f 112/146/112 113/153/113 117/154/117
f 117/154/117 149/155/149 112/146/112
f 119/112/119 157/156/157 155/157/155
f 155/157/155 157/156/157 156/151/156
f 119/112/119 203/158/203 157/156/157
f 159/113/159 156/151/156 157/156/157
f 160/140/160 162/159/162 78/91/78
f 78/91/78 162/159/162 161/160/161
f 162/159/162 163/161/163 161/160/161
f 162/159/162 207/162/207 163/161/163
f 9/163/9 1/145/1 164/164/164
f 10/165/10 9/163/9 164/164/164
f 1/145/1 150/147/150 166/166/166
f 167/167/167 1/145/1 166/166/166
f 168/23/168 10/165/10 164/164/164
f 169/168/169 167/167/167 165/169/165
f 168/23/168 167/167/167 169/168/169
f 80/77/80 153/152/153 64/65/64
f 79/76/79 165/169/165 170/78/170
f 79/76/79 93/95/93 165/169/165
f 170/78/170 166/166/166 154/150/154
f 170/78/170 165/169/165 166/166/166
f 166/166/166 150/147/150 154/150/154
f 78/91/78 161/160/161 91/92/91
f 173/170/173 91/92/91 161/160/161
f 173/170/173 161/160/161 163/161/163
f 172/171/172 173/170/173 174/172/174
f 173/170/173 163/161/163 174/172/174
f 172/171/172 174/172/174 175/173/175
f 94/96/94 176/174/176 93/95/93
f 176/174/176 169/168/169 93/95/93
f 177/175/177 22/176/22 21/177/21
f 176/174/176 177/175/177 178/17/178
f 31/21/31 168/23/168 169/168/169
f 27/12/27 31/21/31 178/17/178
f 31/21/31 169/168/169 178/17/178
f 324/178/324 179/179/179 180/180/180
f 179/179/179 172/171/172 180/180/180
f 180/180/180 172/171/172 216/181/216
f 182/182/182 183/183/183 204/184/204
f 128/123/128 189/185/189 188/186/188
f 189/185/189 190/187/190 188/186/188
f 226/188/226 123/116/123 187/189/187
f 193/103/193 194/190/194 196/191/196
f 199/192/199 110/139/110 196/191/196
f 195/193/195 194/190/194 109/105/109
f 196/191/196 194/190/194 234/194/234
f 198/195/198 196/191/196 234/194/234
f 199/192/199 196/191/196 198/195/198
f 200/109/200 201/196/201 181/197/181
f 203/158/203 202/198/202 204/184/204
f 181/197/181 182/182/182 202/198/202
f 120/118/120 205/199/205 123/116/123
f 205/199/205 124/114/124 204/184/204
f 205/199/205 204/184/204 185/200/185
f 185/200/185 186/201/186 205/199/205
f 145/143/145 199/192/199 206/202/206
f 147/203/147 146/144/146 207/162/207
f 207/162/207 146/144/146 208/204/208
f 212/205/212 207/162/207 208/204/208
f 146/144/146 206/202/206 208/204/208
f 212/205/212 208/204/208 210/206/210
f 33/24/33 116/26/116 152/149/152
f 213/207/213 212/205/212 214/208/214
f 214/208/214 212/205/212 210/206/210
f 215/209/215 213/207/213 214/208/214
f 175/173/175 174/172/174 213/207/213
f 216/181/216 213/207/213 215/209/215
f 217/210/217 216/181/216 215/209/215
f 362/211/362 180/180/180 218/212/218
f 218/212/218 216/181/216 217/210/217
f 362/211/362 218/212/218 219/213/219
f 218/212/218 217/210/217 219/213/219
f 183/183/183 184/214/184 220/215/220
f 185/200/185 220/215/220 222/216/222
f 187/189/187 186/201/186 223/217/223
f 225/218/225 187/189/187 224/219/224
f 227/220/227 192/221/192 226/188/226
f 227/220/227 226/188/226 228/222/228
f 228/222/228 229/223/229 512/224/512
f 232/225/232 228/222/228 512/224/512
f 230/226/230 512/224/512 518/227/518
f 233/228/233 197/229/197 230/226/230
f 235/230/235 233/228/233 236/231/236
f 199/192/199 198/195/198 237/232/237
f 238/233/238 237/232/237 524/234/524
f 209/235/209 238/233/238 524/234/524
f 237/232/237 235/230/235 523/236/523
f 237/232/237 523/236/523 524/234/524
f 208/204/208 209/235/209 240/237/240
f 209/235/209 524/234/524 241/238/241
f 240/237/240 241/238/241 242/239/242
f 210/206/210 242/239/242 211/240/211
f 211/240/211 242/239/242 243/241/243
f 244/242/244 211/240/211 243/241/243
f 247/243/247 248/244/248 249/245/249
f 250/246/250 219/213/219 247/243/247
f 250/246/250 247/243/247 249/245/249
f 252/247/252 22/176/22 253/248/253
f 252/247/252 23/249/23 21/177/21
f 254/250/254 253/248/253 258/251/258
f 259/252/259 254/250/254 258/251/258
f 261/253/261 262/254/262 256/255/256
f 263/256/263 262/254/262 261/253/261
f 267/257/267 263/256/263 261/253/261
f 264/258/264 262/254/262 263/256/263
f 268/259/268 263/256/263 267/257/267
f 265/260/265 257/261/257 256/255/256
f 266/262/266 256/255/256 262/254/262
f 264/258/264 266/262/266 262/254/262
f 267/257/267 260/263/260 259/252/259
f 271/264/271 270/265/270 257/261/257
f 265/260/265 266/262/266 273/266/273
f 274/267/274 266/262/266 264/258/264
f 271/264/271 265/260/265 273/266/273
f 274/267/274 273/266/273 266/262/266
f 268/259/268 274/267/274 264/258/264
f 275/268/275 274/267/274 268/259/268
f 275/268/275 276/269/276 274/267/274
f 277/270/277 271/264/271 273/266/273
f 277/270/277 274/267/274 276/269/276
f 277/270/277 272/271/272 271/264/271
f 269/272/269 278/273/278 275/268/275
f 280/274/280 281/275/281 279/276/279
f 276/269/276 280/274/280 277/270/277
f 282/277/282 280/274/280 276/269/276
f 282/278/282 283/279/283 280/280/280
f 278/273/278 282/277/282 276/269/276
f 286/281/286 285/282/285 278/273/278
f 95/97/95 288/283/288 318/284/318
f 290/285/290 49/48/49 291/286/291
f 47/47/47 287/287/287 289/41/289
f 290/285/290 287/287/287 47/47/47
f 291/286/291 49/48/49 293/288/293
f 293/288/293 292/53/292 294/289/294
f 292/53/292 52/52/52 294/289/294
f 294/289/294 295/98/295 296/290/296
f 296/290/296 295/98/295 297/291/297
f 300/292/300 318/284/318 287/287/287
f 325/293/325 318/284/318 300/292/300
f 302/294/302 290/285/290 291/286/291
f 304/295/304 296/290/296 306/296/306
f 304/295/304 305/297/305 293/288/293
f 307/298/307 297/291/297 308/299/308
f 309/300/309 297/291/297 299/301/299
f 310/302/310 309/300/309 299/301/299
f 311/303/311 303/304/303 312/305/312
f 312/305/312 303/304/303 305/297/305
f 312/305/312 306/296/306 314/306/314
f 314/306/314 306/296/306 307/298/307
f 313/307/313 308/299/308 309/300/309
f 315/308/315 176/174/176 94/96/94
f 315/308/315 316/309/316 176/174/176
f 317/310/317 316/309/316 315/308/315
f 319/311/319 97/94/97 318/284/318
f 298/312/298 87/82/87 101/85/101
f 298/312/298 101/85/101 102/313/102
f 102/313/102 89/100/89 103/314/103
f 321/315/321 322/316/322 323/317/323
f 322/316/322 179/179/179 324/178/324
f 320/318/320 319/311/319 327/319/327
f 321/315/321 330/320/330 103/314/103
f 331/321/331 321/315/321 323/317/323
f 332/322/332 323/317/323 361/323/361
f 331/321/331 323/317/323 367/324/367
f 325/293/325 300/292/300 311/303/311
f 311/303/311 300/292/300 301/325/301
f 329/326/329 325/293/325 311/303/311
f 326/327/326 329/326/329 333/328/333
f 337/329/337 311/303/311 312/305/312
f 336/330/336 311/303/311 337/329/337
f 337/329/337 312/305/312 338/331/338
f 339/332/339 314/306/314 313/307/313
f 341/333/341 309/300/309 310/302/310
f 331/321/331 330/320/330 321/315/321
f 345/334/345 342/335/342 331/321/331
f 345/334/345 344/336/344 342/335/342
f 349/337/349 335/338/335 347/339/347
f 351/340/351 336/330/336 337/329/337
f 351/340/351 337/329/337 350/341/350
f 351/340/351 350/341/350 393/342/393
f 338/331/338 312/305/312 339/332/339
f 354/343/354 338/331/338 353/344/353
f 356/345/356 339/332/339 340/346/340
f 358/347/358 353/344/353 339/332/339
f 357/348/357 339/332/339 356/345/356
f 357/348/357 358/347/358 339/332/339
f 359/349/359 356/345/356 340/346/340
f 258/251/258 253/248/253 317/310/317
f 361/323/361 322/316/322 324/178/324
f 324/178/324 362/211/362 361/323/361
f 362/211/362 324/178/324 180/180/180
f 363/350/363 361/323/361 362/211/362
f 267/257/267 259/252/259 360/351/360
f 364/352/364 360/351/360 258/251/258
f 360/351/360 268/259/268 267/257/267
f 323/317/323 332/322/332 367/324/367
f 332/322/332 368/353/368 369/354/369
f 370/355/370 371/356/371 366/357/366
f 374/358/374 345/334/345 346/359/346
f 346/359/346 331/321/331 367/324/367
f 374/358/374 346/359/346 367/324/367
f 374/358/374 367/324/367 375/360/375
f 369/354/369 375/360/375 367/324/367
f 375/360/375 369/354/369 376/361/376
f 373/362/373 334/363/334 333/328/333
f 378/364/378 373/362/373 333/328/333
f 371/356/371 370/355/370 373/362/373
f 397/365/397 358/347/358 357/348/357
f 387/366/387 386/367/386 374/358/374
f 386/367/386 387/366/387 385/368/385
f 424/369/424 384/370/384 385/368/385
f 374/358/374 375/360/375 388/371/388
f 391/372/391 379/373/379 380/374/380
f 391/372/391 380/374/380 390/375/390
f 393/342/393 350/341/350 392/376/392
f 393/342/393 381/377/381 351/340/351
f 394/378/394 381/377/381 393/342/393
f 390/375/390 380/374/380 381/377/381
f 382/379/382 354/343/354 353/344/353
f 392/376/392 355/380/355 354/343/354
f 396/381/396 395/382/395 392/376/392
f 383/383/383 397/365/397 356/345/356
f 397/365/397 398/384/398 382/379/382
f 383/383/383 399/385/399 397/365/397
f 384/370/384 400/386/400 383/383/383
f 362/211/362 219/213/219 401/387/401
f 369/354/369 368/353/368 403/388/403
f 368/353/368 363/350/363 402/389/402
f 405/390/405 278/273/278 269/272/269
f 376/361/376 369/354/369 406/391/406
f 403/388/403 433/392/433 406/391/406
f 406/391/406 433/392/433 407/393/407
f 371/356/371 405/390/405 372/394/372
f 377/395/377 405/390/405 371/356/371
f 408/396/408 435/397/435 405/390/405
f 411/398/411 377/395/377 410/399/410
f 387/366/387 388/371/388 413/400/413
f 387/366/387 424/369/424 385/368/385
f 388/371/388 426/401/426 413/400/413
f 375/360/375 376/361/376 414/402/414
f 416/403/416 409/404/409 389/405/389
f 411/398/411 410/399/410 409/404/409
f 411/398/411 409/404/409 416/403/416
f 391/372/391 416/403/416 389/405/389
f 390/375/390 417/406/417 391/372/391
f 396/381/396 428/407/428 395/382/395
f 428/407/428 394/378/394 395/382/395
f 399/385/399 422/408/422 398/384/398
f 398/384/398 429/409/429 421/410/421
f 422/408/422 429/409/429 398/384/398
f 425/411/425 422/408/422 400/386/400
f 425/411/425 423/412/423 422/408/422
f 450/413/450 423/412/423 425/411/425
f 412/414/412 425/411/425 424/369/424
f 420/415/420 417/406/417 419/416/419
f 428/407/428 427/417/427 420/415/420
f 396/381/396 429/409/429 428/407/428
f 431/418/431 427/417/427 428/407/428
f 429/409/429 431/418/431 428/407/428
f 401/387/401 250/246/250 432/419/432
f 432/420/432 250/421/250 251/422/251
f 404/423/404 432/420/432 434/424/434
f 407/425/407 437/426/437 438/427/438
f 437/426/437 434/424/434 438/427/438
f 405/390/405 435/397/435 278/273/278
f 435/397/435 286/281/286 278/273/278
f 439/428/439 408/396/408 411/398/411
f 414/402/414 407/393/407 442/429/442
f 426/401/426 415/430/415 453/431/453
f 442/432/442 444/433/444 415/434/415
f 443/435/443 442/432/442 436/436/436
f 445/437/445 411/398/411 416/403/416
f 445/437/445 446/438/446 439/428/439
f 447/439/447 446/440/446 445/441/445
f 447/439/447 445/441/445 448/442/448
f 450/413/450 451/443/451 423/412/423
f 454/444/454 449/445/449 425/411/425
f 455/446/455 454/447/454 453/448/453
f 454/447/454 455/446/455 452/449/452
f 418/450/418 456/451/456 417/406/417
f 457/452/457 761/453/761 456/451/456
f 427/454/427 458/455/458 418/456/418
f 461/457/461 460/458/460 459/459/459
f 468/460/468 465/461/465 466/462/466
f 474/463/474 471/464/471 472/465/472
f 474/463/474 466/462/466 471/464/471
f 475/466/475 472/465/472 473/467/473
f 474/463/474 468/460/468 466/462/466
f 473/467/473 470/468/470 476/469/476
f 478/470/478 474/463/474 475/466/475
f 484/471/484 468/460/468 474/463/474
f 467/472/467 479/473/479 464/474/464
f 469/475/469 481/476/481 480/477/480
f 484/471/484 469/475/469 468/460/468
f 485/478/485 482/479/482 486/480/486
f 477/481/477 485/478/485 486/480/486
f 473/467/473 477/481/477 487/482/487
f 487/482/487 477/481/477 486/480/486
f 478/470/478 475/466/475 487/482/487
f 497/483/497 489/484/489 488/485/488
f 496/486/496 488/485/488 498/487/498
f 500/488/500 498/487/498 493/489/493
f 499/490/499 498/487/498 501/491/501
f 500/488/500 494/492/494 501/491/501
f 502/493/502 499/490/499 501/491/501
f 504/494/504 502/493/502 495/495/495
f 502/493/502 504/494/504 503/496/503
f 540/497/540 507/498/507 506/499/506
f 508/500/508 528/501/528 509/502/509
f 511/503/511 507/498/507 540/497/540
f 229/223/229 513/504/513 512/224/512
f 516/505/516 514/506/514 512/224/512
f 519/507/519 518/227/518 514/506/514
f 236/231/236 518/227/518 519/507/519
f 236/231/236 519/507/519 520/508/520
f 521/509/521 235/230/235 520/508/520
f 520/508/520 519/507/519 522/510/522
f 526/511/526 524/234/524 525/512/525
f 526/511/526 525/512/525 527/513/527
f 528/501/528 510/514/510 509/502/509
f 529/515/529 241/238/241 526/511/526
f 242/239/242 529/515/529 530/516/530
f 529/515/529 526/511/526 531/517/531
f 243/241/243 242/239/242 530/516/530
f 246/518/246 243/241/243 534/519/534
f 243/241/243 530/516/530 534/519/534
f 246/518/246 534/519/534 535/520/535
f 536/521/536 249/245/249 535/520/535
f 251/422/251 249/245/249 537/522/537
f 537/522/537 249/245/249 536/521/536
f 540/497/540 506/499/506 541/523/541
f 541/523/541 539/524/539 538/525/538
f 542/526/542 511/503/511 540/497/540
f 509/502/509 511/503/511 562/527/562
f 509/502/509 562/527/562 544/528/544
f 517/529/517 516/505/516 545/530/545
f 516/505/516 509/502/509 544/528/544
f 546/531/546 516/505/516 544/528/544
f 546/531/546 544/528/544 547/532/547
f 547/532/547 544/528/544 548/533/548
f 522/510/522 549/534/549 520/508/520
f 521/509/521 549/534/549 550/535/550
f 551/536/551 552/537/552 550/535/550
f 556/538/556 552/537/552 555/539/555
f 525/512/525 550/535/550 527/513/527
f 527/513/527 554/540/554 557/541/557
f 559/542/559 542/526/542 543/543/543
f 561/544/561 542/526/542 559/542/559
f 560/545/560 564/546/564 562/527/562
f 544/528/544 563/547/563 565/548/565
f 563/547/563 562/527/562 566/549/566
f 562/527/562 564/546/564 588/550/588
f 546/531/546 547/532/547 567/551/567
f 568/552/568 527/513/527 557/541/557
f 532/553/532 529/515/529 533/554/533
f 533/554/533 531/517/531 569/555/569
f 570/556/570 533/554/533 569/555/569
f 571/557/571 570/556/570 569/555/569
f 530/516/530 532/553/532 572/558/572
f 534/519/534 572/558/572 573/559/573
f 571/557/571 572/558/572 570/556/570
f 573/559/573 572/558/572 575/560/575
f 535/520/535 573/559/573 576/561/576
f 573/559/573 574/562/574 576/561/576
f 577/563/577 576/561/576 574/562/574
f 556/538/556 579/564/579 554/540/554
f 581/565/581 579/564/579 580/566/580
f 581/565/581 554/540/554 579/564/579
f 558/567/558 464/474/464 582/568/582
f 582/568/582 583/569/583 558/567/558
f 585/570/585 583/569/583 584/571/584
f 587/572/587 561/544/561 559/542/559
f 587/572/587 564/546/564 561/544/561
f 562/527/562 588/550/588 566/549/566
f 588/550/588 564/546/564 587/572/587
f 563/547/563 591/573/591 565/548/565
f 566/549/566 591/573/591 563/547/563
f 566/549/566 590/574/590 591/573/591
f 548/533/548 592/575/592 547/532/547
f 548/533/548 565/548/565 595/576/595
f 596/577/596 593/578/593 597/579/597
f 593/578/593 548/533/548 594/580/594
f 599/581/599 593/578/593 647/582/647
f 603/583/603 580/566/580 602/584/602
f 606/585/606 602/584/602 604/586/604
f 603/583/603 602/584/602 606/585/606
f 603/583/603 581/565/581 580/566/580
f 605/587/605 581/565/581 607/588/607
f 569/555/569 568/552/568 608/589/608
f 601/590/601 557/541/557 554/540/554
f 608/589/608 557/541/557 609/591/609
f 609/591/609 601/590/601 605/587/605
f 612/592/612 569/555/569 608/589/608
f 616/593/616 617/594/617 614/595/614
f 587/572/587 586/596/586 619/597/619
f 615/598/615 614/595/614 617/594/617
f 621/599/621 587/572/587 620/600/620
f 621/599/621 589/601/589 566/549/566
f 622/602/622 621/599/621 635/603/635
f 625/604/625 610/605/610 624/606/624
f 626/607/626 571/557/571 612/592/612
f 612/592/612 610/605/610 623/608/623
f 626/607/626 612/592/612 627/609/627
f 627/609/627 612/592/612 623/608/623
f 628/610/628 626/607/626 627/609/627
f 575/560/575 572/558/572 571/557/571
f 489/484/489 631/611/631 490/612/490
f 629/613/629 632/614/632 631/611/631
f 631/611/631 617/594/617 616/593/616
f 483/615/483 631/611/631 616/593/616
f 631/611/631 483/615/483 490/612/490
f 633/616/633 630/617/630 632/614/632
f 630/617/630 618/618/618 631/611/631
f 634/619/634 618/618/618 630/617/630
f 672/620/672 634/619/634 671/621/671
f 633/616/633 671/621/671 634/619/634
f 574/562/574 575/560/575 637/622/637
f 629/613/629 489/484/489 497/483/497
f 639/623/639 502/493/502 640/624/640
f 687/625/687 633/616/633 640/624/640
f 640/624/640 503/496/503 642/626/642
f 643/627/643 637/622/637 700/628/700
f 577/563/577 574/562/574 643/627/643
f 645/629/645 591/573/591 590/574/590
f 594/580/594 645/629/645 646/630/646
f 647/582/647 594/580/594 646/630/646
f 648/631/648 645/629/645 649/632/649
f 648/631/648 646/630/646 645/629/645
f 600/633/600 599/581/599 650/634/650
f 607/588/607 606/585/606 600/633/600
f 607/588/607 600/633/600 651/635/651
f 652/636/652 589/601/589 622/602/622
f 652/636/652 654/637/654 589/601/589
f 654/637/654 652/636/652 674/638/674
f 649/632/649 590/574/590 654/637/654
f 655/639/655 649/632/649 656/640/656
f 655/639/655 660/641/660 648/631/648
f 660/641/660 650/634/650 647/582/647
f 659/642/659 600/633/600 661/643/661
f 661/643/661 650/634/650 660/641/660
f 663/644/663 662/645/662 660/641/660
f 679/646/679 662/645/662 663/644/663
f 664/647/664 605/587/605 607/588/607
f 666/648/666 664/647/664 607/588/607
f 666/648/666 659/642/659 658/649/658
f 666/648/666 651/635/651 659/642/659
f 664/647/664 611/650/611 605/587/605
f 667/651/667 611/650/611 664/647/664
f 666/648/666 667/651/667 664/647/664
f 669/652/669 624/606/624 667/651/667
f 670/653/670 625/604/625 624/606/624
f 675/654/675 672/620/672 673/655/673
f 672/620/672 674/638/674 622/602/622
f 677/656/677 672/620/672 675/654/675
f 676/657/676 655/639/655 656/640/656
f 680/658/680 678/659/678 679/646/679
f 679/646/679 657/660/657 680/658/680
f 681/661/681 670/653/670 668/662/668
f 682/663/682 685/664/685 670/653/670
f 683/665/683 682/663/682 681/661/681
f 684/666/684 628/610/628 625/604/625
f 684/666/684 625/604/625 685/664/685
f 684/666/684 636/667/636 628/610/628
f 641/668/641 633/616/633 687/625/687
f 688/669/688 641/668/641 687/625/687
f 641/668/641 671/621/671 633/616/633
f 688/669/688 671/621/671 641/668/641
f 689/670/689 673/655/673 843/671/843
f 694/672/694 692/673/692 693/674/693
f 698/675/698 694/672/694 693/674/693
f 695/676/695 697/677/697 683/665/683
f 695/676/695 698/675/698 697/677/697
f 699/678/699 696/679/696 697/677/697
f 696/679/696 686/680/686 682/663/682
f 637/622/637 636/667/636 700/628/700
f 700/628/700 636/667/636 684/666/684
f 702/681/702 676/657/676 677/656/677
f 703/682/703 676/657/676 702/681/702
f 704/683/704 655/639/655 703/682/703
f 680/658/680 657/660/657 705/684/705
f 689/670/689 707/685/707 677/656/677
f 707/685/707 689/670/689 706/686/706
f 708/687/708 702/681/702 707/685/707
f 709/688/709 702/681/702 708/687/708
f 712/689/712 705/684/705 704/683/704
f 704/683/704 703/682/703 710/690/710
f 713/691/713 705/684/705 715/692/715
f 714/693/714 691/694/691 713/691/713
f 693/674/693 691/694/691 714/693/714
f 281/695/281 717/696/717 716/697/716
f 717/696/717 718/698/718 716/697/716
f 284/699/284 717/696/717 281/695/281
f 727/700/727 284/699/284 283/279/283
f 727/700/727 719/701/719 284/699/284
f 719/701/719 717/696/717 284/699/284
f 719/701/719 728/702/728 717/696/717
f 721/703/721 285/704/285 286/705/286
f 720/706/720 727/700/727 283/279/283
f 725/707/725 729/708/729 732/709/732
f 725/707/725 724/710/724 723/711/723
f 727/700/727 728/702/728 719/701/719
f 728/702/728 723/711/723 718/698/718
f 729/708/729 728/702/728 727/700/727
f 729/708/729 727/700/727 726/712/726
f 728/702/728 729/708/729 725/707/725
f 744/713/744 729/708/729 726/712/726
f 726/712/726 720/706/720 722/714/722
f 811/715/811 726/712/726 722/714/722
f 811/715/811 744/713/744 726/712/726
f 731/716/731 730/717/730 724/710/724
f 733/718/733 734/719/734 732/709/732
f 734/719/734 730/717/730 731/716/731
f 738/720/738 736/721/736 735/722/735
f 738/720/738 735/722/735 737/723/737
f 742/724/742 504/494/504 505/725/505
f 739/726/739 743/727/743 741/728/741
f 746/729/746 738/720/738 737/723/737
f 743/727/743 742/724/742 741/728/741
f 434/424/434 432/420/432 537/522/537
f 748/730/748 747/731/747 749/732/749
f 780/733/780 750/734/750 782/735/782
f 436/436/436 438/427/438 750/734/750
f 750/734/750 438/427/438 748/730/748
f 751/736/751 286/705/286 441/737/441
f 753/738/753 721/703/721 751/736/751
f 754/739/754 751/736/751 441/737/441
f 443/435/443 436/436/436 750/734/750
f 755/740/755 444/433/444 443/435/443
f 755/740/755 750/734/750 780/733/780
f 780/733/780 756/741/756 755/740/755
f 446/440/446 752/742/752 440/743/440
f 447/439/447 758/744/758 446/440/446
f 759/745/759 752/742/752 758/744/758
f 757/746/757 760/747/760 758/744/758
f 452/449/452 764/748/764 451/749/451
f 766/750/766 765/751/765 767/752/767
f 458/455/458 770/753/770 457/754/457
f 771/755/771 770/753/770 458/455/458
f 769/756/769 768/757/768 457/754/457
f 771/755/771 805/758/805 770/753/770
f 771/755/771 462/759/462 460/760/460
f 774/761/774 776/762/776 461/763/461
f 776/762/776 773/764/773 461/763/461
f 747/731/747 537/522/537 578/765/578
f 747/731/747 578/765/578 777/766/777
f 578/765/578 577/563/577 777/766/777
f 778/767/778 747/731/747 777/766/777
f 777/766/777 644/768/644 778/767/778
f 779/769/779 811/715/811 722/714/722
f 780/733/780 782/735/782 783/770/783
f 782/735/782 748/730/748 749/732/749
f 821/771/821 779/769/779 784/772/784
f 785/773/785 821/771/821 784/772/784
f 788/774/788 790/775/790 789/776/789
f 781/777/781 833/778/833 780/733/780
f 760/747/760 787/779/787 759/745/759
f 762/780/762 791/781/791 757/746/757
f 768/757/768 791/781/791 762/780/762
f 793/782/793 794/783/794 792/784/792
f 805/758/805 793/782/793 792/784/792
f 836/785/836 807/786/807 806/787/806
f 798/788/798 799/789/799 775/790/775
f 837/791/837 799/789/799 798/788/798
f 801/792/801 775/790/775 764/748/764
f 801/792/801 763/793/763 767/752/767
f 837/791/837 798/788/798 801/792/801
f 802/794/802 801/792/801 767/752/767
f 769/756/769 792/784/792 768/757/768
f 796/795/796 805/758/805 772/796/772
f 806/787/806 771/755/771 773/764/773
f 806/787/806 807/786/807 771/755/771
f 807/786/807 772/796/772 771/755/771
f 808/797/808 503/496/503 742/724/742
f 743/727/743 740/798/740 809/799/809
f 810/800/810 644/768/644 643/627/643
f 812/801/812 744/713/744 811/715/811
f 812/801/812 745/802/745 744/713/744
f 746/729/746 745/802/745 813/803/813
f 812/801/812 814/804/814 813/803/813
f 813/803/813 815/805/815 809/799/809
f 818/806/818 816/807/816 817/808/817
f 816/807/816 818/806/818 819/809/819
f 821/771/821 822/810/822 820/811/820
f 820/811/820 822/810/822 812/801/812
f 822/810/822 814/804/814 812/801/812
f 821/771/821 851/812/851 822/810/822
f 861/813/861 851/812/851 826/814/826
f 816/807/816 781/777/781 783/770/783
f 833/778/833 824/815/824 823/816/823
f 833/778/833 816/807/816 824/815/824
f 824/815/824 816/807/816 819/809/819
f 786/817/786 825/818/825 787/779/787
f 825/818/825 785/773/785 787/779/787
f 785/773/785 826/814/826 821/771/821
f 827/819/827 785/773/785 825/818/825
f 825/818/825 876/820/876 827/819/827
f 863/821/863 876/820/876 834/822/834
f 878/823/878 863/821/863 834/822/834
f 831/824/831 839/825/839 804/826/804
f 832/827/832 831/824/831 804/826/804
f 832/827/832 872/828/872 831/824/831
f 790/775/790 802/794/802 789/776/789
f 790/775/790 823/816/823 832/827/832
f 832/827/832 804/826/804 790/775/790
f 823/816/823 824/815/824 832/827/832
f 793/782/793 834/822/834 794/783/794
f 795/829/795 796/795/796 877/830/877
f 835/831/835 877/830/877 796/795/796
f 835/831/835 796/795/796 797/832/797
f 836/785/836 829/833/829 797/832/797
f 880/834/880 829/833/829 836/785/836
f 880/834/880 836/785/836 806/787/806
f 800/835/800 880/834/880 806/787/806
f 830/836/830 880/834/880 800/835/800
f 837/791/837 830/836/830 800/835/800
f 838/837/838 881/838/881 830/836/830
f 839/825/839 837/791/837 803/839/803
f 837/791/837 839/825/839 838/837/838
f 743/727/743 808/797/808 742/724/742
f 841/840/841 808/797/808 809/799/809
f 815/805/815 842/841/842 841/840/841
f 843/671/843 688/669/688 687/625/687
f 840/842/840 843/671/843 687/625/687
f 843/671/843 840/842/840 842/841/842
f 844/843/844 843/671/843 842/841/842
f 844/843/844 706/686/706 689/670/689
f 706/686/706 844/843/844 883/844/883
f 699/678/699 697/677/697 845/845/845
f 846/846/846 701/847/701 696/679/696
f 701/847/701 700/628/700 686/680/686
f 701/847/701 686/680/686 696/679/696
f 847/848/847 701/847/701 848/849/848
f 846/846/846 848/849/848 701/847/701
f 851/812/851 852/850/852 850/851/850
f 852/850/852 855/852/855 883/844/883
f 854/853/854 855/852/855 852/850/852
f 819/809/819 860/854/860 859/855/859
f 847/848/847 848/849/848 858/856/858
f 859/855/859 860/854/860 857/857/857
f 860/854/860 848/849/848 857/857/857
f 853/858/853 854/853/854 852/850/852
f 862/859/862 854/853/854 853/858/853
f 864/860/864 854/853/854 863/821/863
f 865/861/865 902/862/902 856/863/856
f 865/861/865 867/864/867 902/862/902
f 870/865/870 871/866/871 868/867/868
f 869/868/869 871/866/871 897/869/897
f 870/865/870 900/870/900 871/866/871
f 872/828/872 874/871/874 873/872/873
f 857/857/857 901/873/901 874/871/874
f 874/871/874 901/873/901 870/865/870
f 875/874/875 859/855/859 872/828/872
f 863/821/863 862/859/862 876/820/876
f 829/833/829 866/875/866 879/876/879
f 880/834/880 866/875/866 829/833/829
f 869/868/869 867/864/867 866/875/866
f 838/837/838 868/867/868 881/838/881
f 881/838/881 869/868/869 882/877/882
f 839/825/839 831/824/831 838/837/838
f 831/824/831 873/872/873 838/837/838
f 708/687/708 707/685/707 706/686/706
f 711/878/711 712/689/712 710/690/710
f 886/879/886 885/880/885 711/878/711
f 886/879/886 711/878/711 884/881/884
f 713/691/713 715/692/715 887/882/887
f 888/883/888 712/689/712 885/880/885
f 888/883/888 715/692/715 712/689/712
f 888/883/888 887/882/887 715/692/715
f 891/884/891 887/882/887 889/885/889
f 891/884/891 890/886/890 714/693/714
f 846/846/846 699/678/699 893/887/893
f 855/852/855 884/881/884 883/844/883
f 856/863/856 895/888/895 894/889/894
f 895/888/895 886/879/886 884/881/884
f 888/883/888 886/879/886 896/890/896
f 902/862/902 898/891/898 896/890/896
f 898/891/898 889/885/889 888/883/888
f 896/890/896 898/891/898 888/883/888
f 900/870/900 893/887/893 892/892/892
f 900/870/900 892/892/892 899/893/899
f 901/873/901 846/846/846 893/887/893
f 856/863/856 896/890/896 895/888/895
f 856/863/856 902/862/902 896/890/896
f 2/148/2 3/3/3 4/28/4
f 5/1/5 3/3/3 7/894/7
f 4/28/4 3/3/3 6/2/6
f 10/165/10 8/11/8 9/163/9
f 11/5/11 8/11/8 10/165/10
f 10/165/10 12/6/12 11/5/11
f 12/6/12 168/23/168 13/4/13
f 7/894/7 16/30/16 5/1/5
f 16/30/16 14/8/14 5/1/5
f 5/1/5 15/7/15 6/2/6
f 14/8/14 15/7/15 5/1/5
f 16/30/16 17/9/17 14/8/14
f 21/177/21 23/249/23 24/14/24
f 25/13/25 21/177/21 24/14/24
f 30/19/30 13/4/13 168/23/168
f 28/18/28 19/16/19 13/4/13
f 27/12/27 29/20/29 28/18/28
f 29/20/29 20/22/20 19/16/19
f 27/12/27 26/15/26 29/20/29
f 31/21/31 28/18/28 30/19/30
f 4/28/4 33/24/33 152/149/152
f 15/7/15 38/35/38 6/2/6
f 15/7/15 17/9/17 39/32/39
f 6/2/6 38/35/38 34/27/34
f 15/7/15 40/34/40 38/35/38
f 40/34/40 15/7/15 39/32/39
f 39/32/39 17/9/17 16/30/16
f 38/35/38 36/37/36 35/29/35
f 41/33/41 37/31/37 42/36/42
f 41/33/41 39/32/39 37/31/37
f 41/33/41 36/37/36 38/35/38
f 43/38/43 81/44/81 44/39/44
f 45/43/45 43/38/43 46/46/46
f 46/46/46 43/38/43 66/40/66
f 46/46/46 66/40/66 84/50/84
f 99/42/99 43/38/43 45/43/45
f 289/41/289 288/283/288 99/42/99
f 47/47/47 45/43/45 48/45/48
f 49/48/49 48/45/48 50/49/50
f 50/49/50 48/45/48 46/46/46
f 49/48/49 50/49/50 51/51/51
f 51/51/51 84/50/84 52/52/52
f 52/52/52 84/50/84 85/81/85
f 52/52/52 85/81/85 86/99/86
f 56/54/56 58/122/58 55/55/55
f 56/54/56 53/62/53 58/122/58
f 57/57/57 132/127/132 133/60/133
f 133/60/133 59/59/59 57/57/57
f 72/73/72 138/132/138 141/137/141
f 62/63/62 61/80/61 63/61/63
f 63/61/63 64/65/64 158/64/158
f 66/40/66 54/56/54 67/68/67
f 54/56/54 65/67/65 56/54/56
f 65/67/65 62/63/62 56/54/56
f 69/69/69 66/40/66 67/68/67
f 69/69/69 57/57/57 59/59/59
f 70/72/70 71/71/71 73/74/73
f 74/83/74 70/72/70 73/74/73
f 71/71/71 60/58/60 72/73/72
f 141/137/141 73/74/73 72/73/72
f 76/86/76 74/83/74 73/74/73
f 73/74/73 141/137/141 76/86/76
f 75/84/75 76/86/76 77/90/77
f 76/86/76 142/141/142 77/90/77
f 77/90/77 142/141/142 160/140/160
f 98/75/98 80/77/80 82/79/82
f 80/77/80 170/78/170 153/152/153
f 44/39/44 81/44/81 61/80/61
f 82/79/82 80/77/80 83/66/83
f 63/61/63 61/80/61 83/66/83
f 66/40/66 44/39/44 65/67/65
f 65/67/65 44/39/44 62/63/62
f 85/81/85 84/50/84 68/70/68
f 86/99/86 85/81/85 70/72/70
f 88/87/88 101/85/101 75/84/75
f 88/87/88 75/84/75 90/88/90
f 89/100/89 92/89/92 91/92/91
f 78/91/78 92/89/92 77/90/77
f 95/97/95 97/94/97 96/93/96
f 97/94/97 94/96/94 98/75/98
f 98/75/98 93/95/93 79/76/79
f 99/42/99 82/79/82 81/44/81
f 100/895/100 86/99/86 87/82/87
f 86/99/86 70/72/70 87/82/87
f 89/100/89 102/313/102 88/87/88
f 104/896/104 103/314/103 89/100/89
f 89/100/89 171/101/171 104/896/104
f 105/133/105 106/102/106 107/104/107
f 108/106/108 106/102/106 105/133/105
f 107/104/107 193/103/193 110/139/110
f 151/107/151 113/153/113 112/146/112
f 151/107/151 114/108/114 113/153/113
f 117/154/117 113/153/113 114/108/114
f 118/111/118 117/154/117 114/108/114
f 119/112/119 115/110/115 203/158/203
f 53/62/53 120/118/120 58/122/58
f 158/64/158 121/115/121 53/62/53
f 121/115/121 120/118/120 53/62/53
f 120/118/120 122/117/122 58/122/58
f 120/118/120 121/115/121 124/114/124
f 124/114/124 157/156/157 203/158/203
f 134/121/134 57/57/57 55/55/55
f 125/120/125 55/55/55 58/122/58
f 128/123/128 126/119/126 125/120/125
f 130/125/130 127/130/127 126/119/126
f 57/57/57 134/121/134 132/127/132
f 60/58/60 137/131/137 138/132/138
f 137/131/137 140/134/140 139/135/139
f 141/137/141 138/132/138 107/104/107
f 141/137/141 143/136/143 142/141/142
f 144/142/144 142/141/142 143/136/143
f 111/138/111 143/136/143 107/104/107
f 145/143/145 143/136/143 111/138/111
f 147/203/147 160/140/160 144/142/144
f 147/203/147 144/142/144 146/144/146
f 150/147/150 112/146/112 149/155/149
f 1/145/1 148/897/148 112/146/112
f 151/107/151 112/146/112 148/897/148
f 152/149/152 148/897/148 2/148/2
f 152/149/152 151/107/151 148/897/148
f 152/149/152 116/26/116 151/107/151
f 154/150/154 150/147/150 149/155/149
f 149/155/149 117/154/117 155/157/155
f 154/150/154 149/155/149 155/157/155
f 154/150/154 155/157/155 156/151/156
f 118/111/118 155/157/155 117/154/117
f 119/112/119 155/157/155 118/111/118
f 156/151/156 158/64/158 64/65/64
f 158/64/158 159/113/159 121/115/121
f 159/113/159 158/64/158 156/151/156
f 159/113/159 157/156/157 124/114/124
f 142/141/142 76/86/76 141/137/141
f 78/91/78 77/90/77 160/140/160
f 162/159/162 160/140/160 147/203/147
f 207/162/207 162/159/162 147/203/147
f 163/161/163 207/162/207 212/205/212
f 167/167/167 164/164/164 1/145/1
f 165/169/165 167/167/167 166/166/166
f 168/23/168 12/6/12 10/165/10
f 167/167/167 168/23/168 164/164/164
f 153/152/153 156/151/156 64/65/64
f 153/152/153 170/78/170 154/150/154
f 171/101/171 91/92/91 173/170/173
f 172/171/172 175/173/175 216/181/216
f 165/169/165 93/95/93 169/168/169
f 25/13/25 177/175/177 21/177/21
f 176/174/176 178/17/178 169/168/169
f 178/17/178 177/175/177 25/13/25
f 179/179/179 104/896/104 171/101/171
f 179/179/179 171/101/171 173/170/173
f 179/179/179 173/170/173 172/171/172
f 185/200/185 183/183/183 220/215/220
f 123/116/123 186/201/186 187/189/187
f 186/201/186 185/200/185 222/216/222
f 189/185/189 128/123/128 123/116/123
f 191/898/191 189/185/189 123/116/123
f 190/187/190 189/185/189 191/898/191
f 226/188/226 191/898/191 123/116/123
f 190/187/190 191/898/191 192/221/192
f 192/221/192 191/898/191 226/188/226
f 193/103/193 106/102/106 109/105/109
f 109/105/109 194/190/194 193/103/193
f 196/191/196 110/139/110 193/103/193
f 233/228/233 195/193/195 197/229/197
f 194/190/194 195/193/195 233/228/233
f 234/194/234 194/190/194 233/228/233
f 111/138/111 110/139/110 199/192/199
f 115/110/115 200/109/200 181/197/181
f 200/109/200 114/108/114 116/26/116
f 202/198/202 115/110/115 181/197/181
f 203/158/203 115/110/115 202/198/202
f 202/198/202 182/182/182 204/184/204
f 205/199/205 120/118/120 124/114/124
f 204/184/204 124/114/124 203/158/203
f 186/201/186 123/116/123 205/199/205
f 204/184/204 183/183/183 185/200/185
f 188/186/188 129/124/129 128/123/128
f 146/144/146 145/143/145 206/202/206
f 145/143/145 111/138/111 199/192/199
f 206/202/206 199/192/199 238/233/238
f 208/204/208 206/202/206 209/235/209
f 213/207/213 163/161/163 212/205/212
f 174/172/174 163/161/163 213/207/213
f 211/240/211 214/208/214 210/206/210
f 213/207/213 216/181/216 175/173/175
f 218/212/218 180/180/180 216/181/216
f 220/215/220 184/214/184 221/899/221
f 186/201/186 222/216/222 223/217/223
f 187/189/187 223/217/223 224/219/224
f 225/218/225 226/188/226 187/189/187
f 226/188/226 225/218/225 229/223/229
f 228/222/228 226/188/226 229/223/229
f 230/226/230 231/900/231 232/225/232
f 232/225/232 227/220/227 228/222/228
f 230/226/230 232/225/232 512/224/512
f 518/227/518 236/231/236 230/226/230
f 231/900/231 230/226/230 197/229/197
f 236/231/236 233/228/233 230/226/230
f 198/195/198 234/194/234 235/230/235
f 234/194/234 233/228/233 235/230/235
f 238/233/238 199/192/199 237/232/237
f 237/232/237 198/195/198 235/230/235
f 223/217/223 239/901/239 224/219/224
f 210/206/210 208/204/208 240/237/240
f 209/235/209 206/202/206 238/233/238
f 210/206/210 240/237/240 242/239/242
f 240/237/240 209/235/209 241/238/241
f 244/242/244 214/208/214 211/240/211
f 245/902/245 215/209/215 214/208/214
f 246/518/246 214/208/214 244/242/244
f 245/902/245 214/208/214 246/518/246
f 245/902/245 217/210/217 215/209/215
f 247/243/247 217/210/217 245/902/245
f 248/244/248 247/243/247 245/902/245
f 248/244/248 245/902/245 246/518/246
f 247/243/247 219/213/219 217/210/217
f 254/250/254 252/247/252 253/248/253
f 252/247/252 21/177/21 22/176/22
f 260/263/260 267/257/267 261/253/261
f 261/253/261 256/255/256 255/903/255
f 268/259/268 264/258/264 263/256/263
f 266/262/266 265/260/265 256/255/256
f 260/263/260 261/253/261 255/903/255
f 271/264/271 257/261/257 265/260/265
f 271/264/271 272/271/272 270/265/270
f 269/272/269 275/268/275 268/259/268
f 277/270/277 273/266/273 274/267/274
f 275/268/275 278/273/278 276/269/276
f 277/270/277 279/276/279 272/271/272
f 280/274/280 279/276/279 277/270/277
f 284/699/284 281/695/281 280/280/280
f 283/279/283 284/699/284 280/280/280
f 278/273/278 285/282/285 282/277/282
f 282/278/282 285/704/285 283/279/283
f 287/287/287 288/283/288 289/41/289
f 287/287/287 318/284/318 288/283/288
f 288/283/288 95/97/95 99/42/99
f 289/41/289 45/43/45 47/47/47
f 290/285/290 47/47/47 49/48/49
f 49/48/49 51/51/51 292/53/292
f 293/288/293 49/48/49 292/53/292
f 294/289/294 52/52/52 295/98/295
f 295/98/295 86/99/86 100/895/100
f 100/895/100 297/291/297 295/98/295
f 298/312/298 297/291/297 100/895/100
f 299/301/299 297/291/297 298/312/298
f 301/325/301 287/287/287 290/285/290
f 302/294/302 301/325/301 290/285/290
f 303/304/303 301/325/301 302/294/302
f 287/287/287 301/325/301 300/292/300
f 304/295/304 293/288/293 294/289/294
f 293/288/293 302/294/302 291/286/291
f 305/297/305 302/294/302 293/288/293
f 296/290/296 304/295/304 294/289/294
f 307/298/307 296/290/296 297/291/297
f 309/300/309 308/299/308 297/291/297
f 306/296/306 296/290/296 307/298/307
f 303/304/303 311/303/311 301/325/301
f 302/294/302 305/297/305 303/304/303
f 312/305/312 305/297/305 304/295/304
f 312/305/312 304/295/304 306/296/306
f 308/299/308 313/307/313 307/298/307
f 314/306/314 307/298/307 313/307/313
f 316/309/316 22/176/22 176/174/176
f 253/248/253 22/176/22 316/309/316
f 317/310/317 253/248/253 316/309/316
f 319/311/319 320/318/320 97/94/97
f 320/318/320 94/96/94 97/94/97
f 320/318/320 315/308/315 94/96/94
f 318/284/318 97/94/97 95/97/95
f 298/312/298 100/895/100 87/82/87
f 299/301/299 298/312/298 102/313/102
f 102/313/102 101/85/101 88/87/88
f 299/301/299 102/313/102 103/314/103
f 104/896/104 321/315/321 103/314/103
f 321/315/321 104/896/104 322/316/322
f 322/316/322 104/896/104 179/179/179
f 361/323/361 323/317/323 322/316/322
f 364/352/364 258/251/258 317/310/317
f 315/308/315 364/352/364 317/310/317
f 320/318/320 364/352/364 315/308/315
f 365/904/365 364/352/364 320/318/320
f 327/319/327 319/311/319 318/284/318
f 325/293/325 327/319/327 318/284/318
f 328/905/328 320/318/320 327/319/327
f 328/905/328 365/904/365 320/318/320
f 103/314/103 310/302/310 299/301/299
f 330/320/330 310/302/310 103/314/103
f 342/335/342 341/333/341 310/302/310
f 330/320/330 342/335/342 310/302/310
f 328/905/328 327/319/327 325/293/325
f 328/905/328 325/293/325 326/327/326
f 326/327/326 333/328/333 328/905/328
f 333/328/333 334/363/334 328/905/328
f 326/327/326 325/293/325 329/326/329
f 336/330/336 329/326/329 311/303/311
f 335/338/335 333/328/333 329/326/329
f 335/338/335 329/326/329 336/330/336
f 339/332/339 312/305/312 314/306/314
f 340/346/340 339/332/339 313/307/313
f 341/333/341 313/307/313 309/300/309
f 342/335/342 343/906/343 341/333/341
f 343/906/343 313/307/313 341/333/341
f 343/906/343 340/346/340 313/307/313
f 342/335/342 344/336/344 343/906/343
f 331/321/331 342/335/342 330/320/330
f 331/321/331 346/359/346 345/334/345
f 345/334/345 385/368/385 344/336/344
f 347/339/347 335/338/335 336/330/336
f 348/907/348 347/339/347 336/330/336
f 349/337/349 333/328/333 335/338/335
f 352/908/352 336/330/336 351/340/351
f 348/907/348 336/330/336 352/908/352
f 350/341/350 337/329/337 338/331/338
f 353/344/353 338/331/338 339/332/339
f 355/380/355 350/341/350 338/331/338
f 354/343/354 355/380/355 338/331/338
f 343/906/343 359/349/359 340/346/340
f 176/174/176 22/176/22 177/175/177
f 258/251/258 360/351/360 259/252/259
f 368/353/368 361/323/361 363/350/363
f 366/357/366 268/259/268 365/904/365
f 364/352/364 268/259/268 360/351/360
f 365/904/365 268/259/268 364/352/364
f 366/357/366 269/272/269 268/259/268
f 361/323/361 368/353/368 332/322/332
f 370/355/370 365/904/365 328/905/328
f 370/355/370 366/357/366 365/904/365
f 371/356/371 372/394/372 366/357/366
f 372/394/372 269/272/269 366/357/366
f 334/363/334 370/355/370 328/905/328
f 373/362/373 370/355/370 334/363/334
f 374/358/374 386/367/386 345/334/345
f 369/354/369 367/324/367 332/322/332
f 378/364/378 333/328/333 349/337/349
f 373/362/373 377/395/377 371/356/371
f 410/399/410 373/362/373 378/364/378
f 347/339/347 379/373/379 349/337/349
f 348/907/348 380/374/380 347/339/347
f 379/373/379 378/364/378 349/337/349
f 380/374/380 379/373/379 347/339/347
f 389/405/389 409/404/409 378/364/378
f 351/340/351 381/377/381 352/908/352
f 352/908/352 380/374/380 348/907/348
f 356/345/356 397/365/397 357/348/357
f 385/368/385 359/349/359 343/906/343
f 359/349/359 383/383/383 356/345/356
f 385/368/385 384/370/384 359/349/359
f 384/370/384 383/383/383 359/349/359
f 344/336/344 385/368/385 343/906/343
f 385/368/385 345/334/345 386/367/386
f 388/371/388 387/366/387 374/358/374
f 389/405/389 378/364/378 379/373/379
f 391/372/391 389/405/389 379/373/379
f 380/374/380 352/908/352 381/377/381
f 395/382/395 394/378/394 393/342/393
f 394/378/394 419/416/419 381/377/381
f 419/416/419 390/375/390 381/377/381
f 392/376/392 350/341/350 355/380/355
f 382/379/382 392/376/392 354/343/354
f 382/379/382 396/381/396 392/376/392
f 395/382/395 393/342/393 392/376/392
f 382/379/382 353/344/353 358/347/358
f 358/347/358 397/365/397 382/379/382
f 398/384/398 396/381/396 382/379/382
f 399/385/399 398/384/398 397/365/397
f 421/410/421 396/381/396 398/384/398
f 384/370/384 424/369/424 400/386/400
f 383/383/383 400/386/400 399/385/399
f 401/387/401 363/350/363 362/211/362
f 403/388/403 368/353/368 402/389/402
f 402/389/402 363/350/363 401/387/401
f 404/909/404 402/389/402 401/387/401
f 405/390/405 269/272/269 372/394/372
f 406/391/406 369/354/369 403/388/403
f 376/361/376 406/391/406 414/402/414
f 414/402/414 406/391/406 407/393/407
f 403/388/403 402/389/402 433/392/433
f 408/396/408 405/390/405 377/395/377
f 378/364/378 409/404/409 410/399/410
f 373/362/373 410/399/410 377/395/377
f 411/398/411 408/396/408 377/395/377
f 412/414/412 387/366/387 413/400/413
f 387/366/387 412/414/412 424/369/424
f 375/360/375 414/402/414 388/371/388
f 442/429/442 415/430/415 414/402/414
f 388/371/388 414/402/414 415/430/415
f 388/371/388 415/430/415 426/401/426
f 417/406/417 416/403/416 391/372/391
f 394/378/394 420/415/420 419/416/419
f 419/416/419 417/406/417 390/375/390
f 421/410/421 429/409/429 396/381/396
f 400/386/400 422/408/422 399/385/399
f 423/412/423 463/910/463 422/408/422
f 424/369/424 425/411/425 400/386/400
f 412/414/412 413/400/413 426/401/426
f 412/414/412 426/401/426 425/411/425
f 425/411/425 426/401/426 454/444/454
f 394/378/394 428/407/428 420/415/420
f 418/450/418 417/406/417 420/415/420
f 427/417/427 418/450/418 420/415/420
f 429/409/429 430/911/430 431/418/431
f 422/408/422 459/459/459 429/409/429
f 401/387/401 219/213/219 250/246/250
f 404/909/404 401/387/401 432/419/432
f 402/389/402 404/909/404 433/392/433
f 407/393/407 433/392/433 437/912/437
f 437/912/437 433/392/433 404/909/404
f 436/436/436 407/425/407 438/427/438
f 437/426/437 404/423/404 434/424/434
f 408/396/408 439/428/439 440/913/440
f 408/396/408 441/914/441 435/397/435
f 440/913/440 441/914/441 408/396/408
f 435/397/435 441/914/441 286/281/286
f 436/915/436 442/429/442 407/393/407
f 442/432/442 443/435/443 444/433/444
f 445/437/445 439/428/439 411/398/411
f 439/428/439 446/438/446 440/913/440
f 417/406/417 448/916/448 416/403/416
f 448/916/448 445/437/445 416/403/416
f 425/411/425 449/445/449 450/413/450
f 449/917/449 452/449/452 450/918/450
f 452/449/452 451/749/451 450/918/450
f 426/401/426 453/431/453 454/444/454
f 454/447/454 452/449/452 449/917/449
f 444/433/444 455/446/455 453/448/453
f 453/448/453 415/434/415 444/433/444
f 456/451/456 448/916/448 417/406/417
f 456/451/456 761/453/761 448/916/448
f 761/919/761 447/439/447 448/442/448
f 457/452/457 456/451/456 418/450/418
f 418/456/418 458/455/458 457/754/457
f 427/454/427 431/920/431 458/455/458
f 430/921/430 462/759/462 431/920/431
f 459/459/459 460/458/460 430/911/430
f 462/759/462 458/455/458 431/920/431
f 462/759/462 430/921/430 460/760/460
f 429/409/429 459/459/459 430/911/430
f 422/408/422 463/910/463 459/459/459
f 423/922/423 774/761/774 463/923/463
f 463/910/463 461/457/461 459/459/459
f 463/923/463 774/761/774 461/763/461
f 423/922/423 451/749/451 774/761/774
f 465/461/465 468/460/468 467/472/467
f 468/460/468 480/477/480 467/472/467
f 468/460/468 469/475/469 480/477/480
f 475/466/475 474/463/474 472/465/472
f 478/470/478 484/471/484 474/463/474
f 473/467/473 476/469/476 477/481/477
f 467/472/467 480/477/480 479/473/479
f 469/475/469 482/479/482 481/476/481
f 481/476/481 479/473/479 480/477/480
f 484/471/484 482/479/482 469/475/469
f 486/480/486 482/479/482 484/471/484
f 478/470/478 486/480/486 484/471/484
f 478/470/478 487/482/487 486/480/486
f 487/482/487 475/466/475 473/467/473
f 489/484/489 491/924/491 488/485/488
f 489/484/489 490/612/490 491/924/491
f 492/925/492 500/488/500 493/489/493
f 497/483/497 488/485/488 496/486/496
f 498/487/498 497/483/497 496/486/496
f 498/487/498 499/490/499 497/483/497
f 499/490/499 639/623/639 497/483/497
f 500/488/500 501/491/501 498/487/498
f 493/489/493 498/487/498 488/485/488
f 499/490/499 502/493/502 639/623/639
f 495/495/495 505/725/505 504/494/504
f 511/503/511 510/514/510 507/498/507
f 512/224/512 513/504/513 516/505/516
f 516/505/516 513/504/513 515/926/515
f 516/505/516 515/926/515 508/500/508
f 509/502/509 516/505/516 508/500/508
f 514/506/514 518/227/518 512/224/512
f 517/529/517 514/506/514 516/505/516
f 517/529/517 519/507/519 514/506/514
f 521/509/521 523/236/523 235/230/235
f 235/230/235 236/231/236 520/508/520
f 525/512/525 524/234/524 523/236/523
f 525/512/525 523/236/523 521/509/521
f 526/511/526 241/238/241 524/234/524
f 529/515/529 242/239/242 241/238/241
f 533/554/533 529/515/529 531/517/531
f 532/553/532 530/516/530 529/515/529
f 246/518/246 244/242/244 243/241/243
f 535/520/535 534/519/534 573/559/573
f 248/244/248 246/518/246 535/520/535
f 249/245/249 248/244/248 535/520/535
f 536/521/536 535/520/535 576/561/576
f 251/422/251 250/421/250 249/245/249
f 541/523/541 506/499/506 539/524/539
f 542/526/542 540/497/540 541/523/541
f 543/543/543 541/523/541 538/525/538
f 543/543/543 542/526/542 541/523/541
f 509/502/509 510/514/510 511/503/511
f 544/528/544 562/527/562 563/547/563
f 545/530/545 516/505/516 546/531/546
f 548/533/548 544/528/544 565/548/565
f 521/509/521 520/508/520 549/534/549
f 550/535/550 549/534/549 551/536/551
f 555/539/555 552/537/552 551/536/551
f 556/538/556 550/535/550 552/537/552
f 554/540/554 550/535/550 556/538/556
f 525/512/525 521/509/521 550/535/550
f 527/513/527 550/535/550 554/540/554
f 542/526/542 560/545/560 511/503/511
f 561/544/561 560/545/560 542/526/542
f 562/527/562 511/503/511 560/545/560
f 561/544/561 564/546/564 560/545/560
f 531/517/531 526/511/526 527/513/527
f 568/552/568 531/517/531 527/513/527
f 569/555/569 531/517/531 568/552/568
f 570/556/570 532/553/532 533/554/533
f 571/557/571 569/555/569 612/592/612
f 572/558/572 534/519/534 530/516/530
f 570/556/570 572/558/572 532/553/532
f 574/562/574 573/559/573 575/560/575
f 536/521/536 576/561/576 577/563/577
f 578/765/578 536/521/536 577/563/577
f 553/927/553 579/564/579 555/539/555
f 579/564/579 556/538/556 555/539/555
f 559/542/559 558/567/558 583/569/583
f 586/596/586 587/572/587 559/542/559
f 583/569/583 586/596/586 559/542/559
f 585/570/585 586/596/586 583/569/583
f 566/549/566 589/601/589 590/574/590
f 593/578/593 592/575/592 548/533/548
f 595/576/595 565/548/565 591/573/591
f 594/580/594 548/533/548 595/576/595
f 645/629/645 594/580/594 595/576/595
f 567/551/567 547/532/547 592/575/592
f 596/577/596 567/551/567 592/575/592
f 596/577/596 592/575/592 593/578/593
f 604/586/604 598/928/598 599/581/599
f 599/581/599 597/579/597 593/578/593
f 598/928/598 597/579/597 599/581/599
f 594/580/594 647/582/647 593/578/593
f 600/633/600 606/585/606 599/581/599
f 601/590/601 554/540/554 581/565/581
f 605/587/605 601/590/601 581/565/581
f 606/585/606 604/586/604 599/581/599
f 607/588/607 581/565/581 603/583/603
f 603/583/603 606/585/606 607/588/607
f 608/589/608 568/552/568 557/541/557
f 609/591/609 557/541/557 601/590/601
f 609/591/609 610/605/610 608/589/608
f 610/605/610 609/591/609 611/650/611
f 611/650/611 609/591/609 605/587/605
f 610/605/610 612/592/612 608/589/608
f 464/474/464 479/473/479 582/568/582
f 613/929/613 583/569/583 582/568/582
f 583/569/583 613/929/613 584/571/584
f 614/595/614 585/570/585 584/571/584
f 614/595/614 615/598/615 585/570/585
f 613/929/613 614/595/614 584/571/584
f 616/593/616 614/595/614 613/929/613
f 631/611/631 618/618/618 617/594/617
f 619/597/619 620/600/620 587/572/587
f 585/570/585 619/597/619 586/596/586
f 615/598/615 620/600/620 619/597/619
f 615/598/615 619/597/619 585/570/585
f 620/600/620 635/603/635 621/599/621
f 618/618/618 615/598/615 617/594/617
f 618/618/618 620/600/620 615/598/615
f 621/599/621 588/550/588 587/572/587
f 621/599/621 566/549/566 588/550/588
f 621/599/621 622/602/622 589/601/589
f 635/603/635 653/930/653 622/602/622
f 625/604/625 623/608/623 610/605/610
f 625/604/625 627/609/627 623/608/623
f 625/604/625 628/610/628 627/609/627
f 626/607/626 575/560/575 571/557/571
f 628/610/628 575/560/575 626/607/626
f 629/613/629 631/611/631 489/484/489
f 631/611/631 632/614/632 630/617/630
f 635/603/635 620/600/620 618/618/618
f 634/619/634 635/603/635 618/618/618
f 633/616/633 634/619/634 630/617/630
f 637/622/637 575/560/575 638/931/638
f 638/931/638 575/560/575 628/610/628
f 637/622/637 638/931/638 636/667/636
f 636/667/636 638/931/638 628/610/628
f 639/623/639 629/613/629 497/483/497
f 639/623/639 632/614/632 629/613/629
f 639/623/639 640/624/640 632/614/632
f 640/624/640 502/493/502 503/496/503
f 640/624/640 633/616/633 632/614/632
f 642/626/642 687/625/687 640/624/640
f 643/627/643 574/562/574 637/622/637
f 777/766/777 577/563/577 644/768/644
f 644/768/644 577/563/577 643/627/643
f 591/573/591 645/629/645 595/576/595
f 649/632/649 645/629/645 590/574/590
f 650/634/650 599/581/599 647/582/647
f 590/574/590 589/601/589 654/637/654
f 648/631/648 660/641/660 646/630/646
f 655/639/655 648/631/648 649/632/649
f 656/640/656 649/632/649 654/637/654
f 657/660/657 660/641/660 655/639/655
f 658/649/658 659/642/659 661/643/661
f 646/630/646 660/641/660 647/582/647
f 650/634/650 661/643/661 600/633/600
f 661/643/661 662/645/662 658/649/658
f 662/645/662 661/643/661 660/641/660
f 665/932/665 668/662/668 666/648/666
f 666/648/666 607/588/607 651/635/651
f 659/642/659 651/635/651 600/633/600
f 611/650/611 667/651/667 610/605/610
f 667/651/667 624/606/624 610/605/610
f 668/662/668 667/651/667 666/648/666
f 668/662/668 669/652/669 667/651/667
f 669/652/669 670/653/670 624/606/624
f 668/662/668 670/653/670 669/652/669
f 672/620/672 653/930/653 635/603/635
f 635/603/635 634/619/634 672/620/672
f 672/620/672 671/621/671 673/655/673
f 672/620/672 622/602/622 653/930/653
f 652/636/652 622/602/622 674/638/674
f 677/656/677 674/638/674 672/620/672
f 676/657/676 654/637/654 674/638/674
f 674/638/674 677/656/677 676/657/676
f 676/657/676 656/640/656 654/637/654
f 657/660/657 679/646/679 660/641/660
f 679/646/679 663/644/663 660/641/660
f 681/661/681 682/663/682 670/653/670
f 670/653/670 685/664/685 625/604/625
f 682/663/682 686/680/686 685/664/685
f 642/626/642 503/496/503 808/797/808
f 688/669/688 673/655/673 671/621/671
f 689/670/689 675/654/675 673/655/673
f 843/671/843 673/655/673 688/669/688
f 689/670/689 677/656/677 675/654/675
f 693/674/693 692/673/692 691/694/691
f 683/665/683 696/679/696 682/663/682
f 697/677/697 696/679/696 683/665/683
f 698/675/698 692/673/692 694/672/694
f 845/845/845 697/677/697 698/675/698
f 686/680/686 684/666/684 685/664/685
f 686/680/686 700/628/700 684/666/684
f 676/657/676 703/682/703 655/639/655
f 655/639/655 704/683/704 657/660/657
f 704/683/704 705/684/705 657/660/657
f 677/656/677 707/685/707 702/681/702
f 709/688/709 703/682/703 702/681/702
f 710/690/710 712/689/712 704/683/704
f 710/690/710 703/682/703 709/688/709
f 708/687/708 711/878/711 709/688/709
f 690/933/690 680/658/680 713/691/713
f 713/691/713 680/658/680 705/684/705
f 715/692/715 705/684/705 712/689/712
f 717/696/717 728/702/728 718/698/718
f 285/704/285 720/706/720 283/279/283
f 721/703/721 720/706/720 285/704/285
f 722/714/722 720/706/720 721/703/721
f 724/710/724 725/707/725 732/709/732
f 729/708/729 733/718/733 732/709/732
f 726/712/726 727/700/727 720/706/720
f 723/711/723 728/702/728 725/707/725
f 732/709/732 731/716/731 724/710/724
f 732/709/732 734/719/734 731/716/731
f 733/718/733 735/722/735 734/719/734
f 734/719/734 736/721/736 730/717/730
f 735/722/735 736/721/736 734/719/734
f 733/718/733 737/723/737 735/722/735
f 738/720/738 730/717/730 736/721/736
f 741/728/741 742/724/742 505/725/505
f 740/798/740 743/727/743 739/726/739
f 744/713/744 733/718/733 729/708/729
f 744/713/744 745/802/745 733/718/733
f 745/802/745 737/723/737 733/718/733
f 746/729/746 739/726/739 738/720/738
f 746/729/746 740/798/740 739/726/739
f 432/420/432 251/422/251 537/522/537
f 537/522/537 536/521/536 578/765/578
f 434/424/434 748/730/748 438/427/438
f 748/730/748 434/424/434 537/522/537
f 747/731/747 748/730/748 537/522/537
f 782/735/782 750/734/750 748/730/748
f 751/736/751 721/703/721 286/705/286
f 440/743/440 752/742/752 441/737/441
f 752/742/752 754/739/754 441/737/441
f 753/738/753 722/714/722 721/703/721
f 751/736/751 754/739/754 753/738/753
f 752/742/752 784/772/784 754/739/754
f 756/741/756 767/752/767 765/751/765
f 755/740/755 765/751/765 444/433/444
f 755/740/755 443/435/443 750/734/750
f 756/741/756 765/751/765 755/740/755
f 446/440/446 758/744/758 752/742/752
f 447/439/447 757/746/757 758/744/758
f 760/747/760 759/745/759 758/744/758
f 761/919/761 757/746/757 447/439/447
f 761/919/761 762/780/762 757/746/757
f 452/449/452 763/793/763 764/748/764
f 763/793/763 801/792/801 764/748/764
f 455/446/455 444/433/444 765/751/765
f 766/750/766 763/793/763 455/446/455
f 763/793/763 452/449/452 455/446/455
f 765/751/765 766/750/766 455/446/455
f 767/752/767 763/793/763 766/750/766
f 457/754/457 768/757/768 761/919/761
f 761/919/761 768/757/768 762/780/762
f 770/753/770 769/756/769 457/754/457
f 462/759/462 771/755/771 458/455/458
f 770/753/770 805/758/805 769/756/769
f 771/755/771 772/796/772 805/758/805
f 461/763/461 773/764/773 460/760/460
f 460/760/460 773/764/773 771/755/771
f 774/761/774 775/790/775 776/762/776
f 776/762/776 806/787/806 773/764/773
f 764/748/764 774/761/774 451/749/451
f 775/790/775 774/761/774 764/748/764
f 778/767/778 749/732/749 747/731/747
f 779/769/779 820/811/820 811/715/811
f 783/770/783 781/777/781 780/733/780
f 783/770/783 782/735/782 749/732/749
f 778/767/778 783/770/783 749/732/749
f 779/769/779 722/714/722 753/738/753
f 754/739/754 784/772/784 753/738/753
f 784/772/784 779/769/779 753/738/753
f 759/745/759 787/779/787 784/772/784
f 787/779/787 785/773/785 784/772/784
f 788/774/788 789/776/789 767/752/767
f 788/774/788 833/778/833 823/816/823
f 788/774/788 756/741/756 780/733/780
f 756/741/756 788/774/788 767/752/767
f 788/774/788 780/733/780 833/778/833
f 752/742/752 759/745/759 784/772/784
f 791/781/791 786/817/786 760/747/760
f 760/747/760 786/817/786 787/779/787
f 757/746/757 791/781/791 760/747/760
f 768/757/768 792/784/792 791/781/791
f 791/781/791 794/783/794 786/817/786
f 792/784/792 794/783/794 791/781/791
f 805/758/805 795/829/795 793/782/793
f 796/795/796 795/829/795 805/758/805
f 797/832/797 796/795/796 772/796/772
f 807/786/807 797/832/797 772/796/772
f 836/785/836 797/832/797 807/786/807
f 800/835/800 806/787/806 799/789/799
f 837/791/837 800/835/800 799/789/799
f 801/792/801 798/788/798 775/790/775
f 802/794/802 803/839/803 801/792/801
f 803/839/803 837/791/837 801/792/801
f 803/839/803 802/794/802 804/826/804
f 789/776/789 802/794/802 767/752/767
f 769/756/769 805/758/805 792/784/792
f 775/790/775 806/787/806 776/762/776
f 775/790/775 799/789/799 806/787/806
f 742/724/742 503/496/503 504/494/504
f 810/800/810 643/627/643 849/934/849
f 700/628/700 849/934/849 643/627/643
f 812/801/812 813/803/813 745/802/745
f 745/802/745 746/729/746 737/723/737
f 740/798/740 746/729/746 809/799/809
f 813/803/813 809/799/809 746/729/746
f 813/803/813 814/804/814 815/805/815
f 817/808/817 778/767/778 810/800/810
f 817/808/817 810/800/810 849/934/849
f 817/808/817 849/934/849 818/806/818
f 810/800/810 778/767/778 644/768/644
f 821/771/821 820/811/820 779/769/779
f 820/811/820 812/801/812 811/715/811
f 826/814/826 851/812/851 821/771/821
f 822/810/822 851/812/851 814/804/814
f 832/827/832 824/815/824 875/874/875
f 817/808/817 783/770/783 778/767/778
f 817/808/817 816/807/816 783/770/783
f 833/778/833 781/777/781 816/807/816
f 785/773/785 827/819/827 826/814/826
f 827/819/827 861/813/861 826/814/826
f 825/818/825 834/822/834 876/820/876
f 827/819/827 876/820/876 862/859/862
f 823/816/823 790/775/790 788/774/788
f 802/794/802 790/775/790 804/826/804
f 832/827/832 875/874/875 872/828/872
f 786/817/786 834/822/834 825/818/825
f 794/783/794 834/822/834 786/817/786
f 793/782/793 795/829/795 834/822/834
f 795/829/795 877/830/877 834/822/834
f 834/822/834 877/830/877 878/823/878
f 835/831/835 828/935/828 877/830/877
f 797/832/797 829/833/829 835/831/835
f 838/837/838 830/836/830 837/791/837
f 830/836/830 881/838/881 882/877/882
f 804/826/804 839/825/839 803/839/803
f 840/842/840 642/626/642 808/797/808
f 841/840/841 840/842/840 808/797/808
f 743/727/743 809/799/809 808/797/808
f 809/799/809 815/805/815 841/840/841
f 840/842/840 687/625/687 642/626/642
f 841/840/841 842/841/842 840/842/840
f 844/843/844 689/670/689 843/671/843
f 842/841/842 883/844/883 844/843/844
f 693/674/693 845/845/845 698/675/698
f 699/678/699 846/846/846 696/679/696
f 701/847/701 847/848/847 700/628/700
f 849/934/849 700/628/700 847/848/847
f 814/804/814 850/851/850 815/805/815
f 815/805/815 850/851/850 842/841/842
f 814/804/814 851/812/851 850/851/850
f 850/851/850 852/850/852 842/841/842
f 853/858/853 852/850/852 851/812/851
f 852/850/852 883/844/883 842/841/842
f 901/873/901 857/857/857 846/846/846
f 858/856/858 819/809/819 818/806/818
f 819/809/819 858/856/858 860/854/860
f 860/854/860 858/856/858 848/849/848
f 846/846/846 857/857/857 848/849/848
f 818/806/818 849/934/849 847/848/847
f 858/856/858 818/806/818 847/848/847
f 851/812/851 861/813/861 853/858/853
f 861/813/861 862/859/862 853/858/853
f 862/859/862 863/821/863 854/853/854
f 854/853/854 864/860/864 856/863/856
f 854/853/854 856/863/856 855/852/855
f 855/852/855 856/863/856 894/889/894
f 864/860/864 865/861/865 856/863/856
f 865/861/865 866/875/866 867/864/867
f 868/867/868 871/866/871 869/868/869
f 872/828/872 859/855/859 874/871/874
f 859/855/859 857/857/857 874/871/874
f 873/872/873 874/871/874 870/865/870
f 873/872/873 870/865/870 868/867/868
f 900/870/900 870/865/870 901/873/901
f 824/815/824 859/855/859 875/874/875
f 824/815/824 819/809/819 859/855/859
f 861/813/861 827/819/827 862/859/862
f 863/821/863 878/823/878 864/860/864
f 878/823/878 877/830/877 865/861/865
f 877/830/877 828/935/828 865/861/865
f 864/860/864 878/823/878 865/861/865
f 828/935/828 879/876/879 865/861/865
f 835/831/835 879/876/879 828/935/828
f 835/831/835 829/833/829 879/876/879
f 866/875/866 880/834/880 869/868/869
f 867/864/867 869/868/869 897/869/897
f 866/875/866 865/861/865 879/876/879
f 830/836/830 882/877/882 880/834/880
f 881/838/881 868/867/868 869/868/869
f 880/834/880 882/877/882 869/868/869
f 831/824/831 872/828/872 873/872/873
f 838/837/838 873/872/873 868/867/868
f 884/881/884 708/687/708 706/686/706
f 884/881/884 711/878/711 708/687/708
f 711/878/711 710/690/710 709/688/709
f 885/880/885 712/689/712 711/878/711
f 887/882/887 714/693/714 713/691/713
f 887/882/887 891/884/891 714/693/714
f 888/883/888 889/885/889 887/882/887
f 714/693/714 890/886/890 693/674/693
f 890/886/890 845/845/845 693/674/693
f 892/892/892 845/845/845 890/886/890
f 892/892/892 890/886/890 891/884/891
f 892/892/892 893/887/893 845/845/845
f 893/887/893 699/678/699 845/845/845
f 883/844/883 884/881/884 706/686/706
f 855/852/855 894/889/894 884/881/884
f 894/889/894 895/888/895 884/881/884
f 896/890/896 886/879/886 895/888/895
f 888/883/888 885/880/885 886/879/886
f 897/869/897 889/885/889 898/891/898
f 897/869/897 899/893/899 889/885/889
f 889/885/889 899/893/899 891/884/891
f 901/873/901 893/887/893 900/870/900
f 899/893/899 892/892/892 891/884/891
f 867/864/867 897/869/897 898/891/898
f 902/862/902 867/864/867 898/891/898
f 897/869/897 871/866/871 900/870/900
f 900/870/900 899/893/899 897/869/897
