# Blender 5.2.1 LTS
# www.blender.org
o ZombieHead3.001
v -0.253024 -0.330129 0.257101
v -0.235330 -0.351797 0.249438
v -0.217227 -0.382209 0.196116
v -0.213840 -0.369520 0.209166
v -0.188513 -0.359928 0.239064
v -0.195572 -0.362583 0.214861
v -0.207573 -0.369151 0.177806
v -0.269079 -0.347579 0.140406
v -0.270910 -0.378194 0.103807
v -0.246492 -0.350000 0.104379
v -0.254890 -0.378014 0.090200
v -0.227305 -0.372015 0.092827
v -0.216067 -0.368248 0.137287
v -0.210677 -0.400572 0.135939
v -0.198930 -0.352140 0.153729
v -0.193689 -0.355316 0.121172
v -0.196989 -0.372223 0.110752
v -0.213129 -0.446282 -0.007722
v -0.225388 -0.424251 0.029553
v -0.286684 -0.403827 -0.000107
v -0.295908 -0.374298 0.006459
v -0.279714 -0.376747 0.018125
v -0.260942 -0.408514 0.084810
v -0.266378 -0.399252 0.010977
v -0.239778 -0.417194 0.012053
v -0.227259 -0.391185 0.076161
v -0.239318 -0.374900 0.011952
v -0.212807 -0.361784 0.079005
v -0.213928 -0.361394 0.065633
v -0.227982 -0.428669 0.046666
v -0.227189 -0.372579 0.023651
v -0.214946 -0.375504 0.078411
v -0.135234 -0.394695 0.251645
v -0.179666 -0.365772 0.186724
v -0.143588 -0.387777 0.189251
v -0.179147 -0.443114 0.110149
v -0.199196 -0.397924 0.123807
v -0.190211 -0.420517 0.112669
v -0.176974 -0.355041 0.144434
v -0.178764 -0.405186 0.123236
v -0.163634 -0.370990 0.135521
v -0.140575 -0.390579 0.157308
v -0.433425 -0.081323 0.108687
v -0.422812 -0.046512 0.103062
v -0.431795 -0.096090 0.108603
v -0.425410 0.016246 0.046573
v -0.439159 -0.106720 0.019834
v -0.421368 -0.124464 0.055696
v -0.443017 -0.081773 0.059566
v -0.431523 -0.037449 0.058266
v -0.446812 -0.040850 -0.047481
v -0.442110 0.003411 -0.023265
v -0.426121 0.076524 -0.037700
v -0.416950 0.122578 -0.050433
v -0.302292 -0.099225 0.298733
v -0.361586 -0.043511 0.235601
v -0.331941 -0.061010 0.298954
v -0.332168 -0.073362 0.297742
v -0.290124 -0.065990 0.335466
v -0.285704 -0.083348 0.334740
v -0.319050 0.017142 0.282760
v -0.325512 0.055111 0.286321
v -0.310397 0.176664 0.277728
v -0.372933 -0.099694 0.192472
v -0.286018 -0.127070 0.252019
v -0.325546 -0.122699 0.214078
v -0.343742 -0.151242 0.169049
v -0.401712 -0.069139 0.162315
v -0.377834 -0.079233 0.204576
v -0.356725 -0.007577 0.226610
v -0.389174 0.001298 0.173405
v -0.389287 0.031360 0.172053
v -0.364555 0.029301 0.227247
v -0.376449 0.087865 0.188505
v -0.375396 0.120944 0.163906
v -0.351405 0.115939 0.230877
v -0.365273 0.149541 0.207981
v -0.353864 0.073704 0.240083
v -0.359480 0.215886 0.159366
v -0.348942 0.155529 0.238915
v -0.336222 0.206296 0.220117
v -0.313649 0.268566 0.198824
v -0.375792 -0.177127 0.093830
v -0.355434 -0.205651 0.080032
v -0.351812 -0.177958 0.131295
v -0.321330 -0.210235 0.122754
v -0.331091 -0.239557 0.083126
v -0.374700 -0.123100 0.157189
v -0.402165 -0.127991 0.106900
v -0.388898 0.052845 0.158065
v -0.397561 0.075862 0.070634
v -0.378036 0.149339 0.080400
v -0.368328 0.171772 0.161983
v -0.370366 0.237652 0.098819
v -0.379957 0.215425 0.061373
v -0.335376 0.294128 0.110191
v -0.352607 0.246459 0.143202
v -0.337656 -0.271326 0.009654
v -0.311183 -0.294349 0.001088
v -0.398126 -0.176429 0.030421
v -0.371817 -0.218544 0.025772
v -0.387832 0.220396 -0.011142
v -0.372980 0.252614 0.021466
v -0.340784 0.308665 0.025415
v -0.353136 0.281522 0.029125
v -0.326166 0.279440 0.009955
v -0.306760 0.298494 -0.002243
v -0.334956 0.326212 0.013935
v -0.314248 0.343555 -0.011643
v -0.303970 0.350659 0.073679
v -0.194359 -0.037717 0.369352
v -0.228230 0.099501 0.376994
v -0.233027 0.119628 0.376450
v -0.211323 0.112174 0.393662
v -0.207622 0.126220 0.393409
v -0.213990 0.180495 0.342412
v -0.253623 -0.276148 0.278769
v -0.221508 -0.269796 0.295635
v -0.202528 -0.274320 0.318107
v -0.206807 -0.326475 0.283671
v -0.198245 -0.242623 0.314680
v -0.205393 -0.195943 0.281328
v -0.213898 -0.230919 0.272877
v -0.249387 -0.124420 0.296620
v -0.212128 -0.119039 0.332765
v -0.195338 -0.104221 0.354727
v -0.178445 -0.164056 0.328837
v -0.217623 -0.176614 0.271577
v -0.297902 -0.036885 0.312966
v -0.312276 -0.021880 0.288973
v -0.264494 0.003500 0.326944
v -0.231932 -0.069634 0.356910
v -0.244735 -0.025959 0.346014
v -0.212072 -0.029454 0.348612
v -0.286924 0.074183 0.319321
v -0.281885 0.034598 0.319111
v -0.261135 0.067274 0.334628
v -0.268733 0.039754 0.319996
v -0.251351 0.053413 0.290687
v -0.244313 -0.015472 0.332732
v -0.314742 0.097716 0.287221
v -0.252939 0.100563 0.359366
v -0.262646 0.077234 0.339853
v -0.276692 0.149536 0.322200
v -0.238037 0.089356 0.355591
v -0.183639 0.100969 0.348676
v -0.263585 0.177987 0.314381
v -0.241721 0.209143 0.310635
v -0.237118 0.235836 0.289725
v -0.228559 0.269733 0.280847
v -0.267095 -0.325031 0.176033
v -0.254739 -0.310731 0.265265
v -0.247173 -0.246653 0.254696
v -0.257459 -0.260731 0.193212
v -0.247909 -0.273218 0.255143
v -0.221045 -0.326451 0.271001
v -0.250835 -0.229948 0.222129
v -0.250661 -0.193388 0.225850
v -0.235697 -0.210441 0.240717
v -0.276769 -0.161363 0.222249
v -0.281171 0.232441 0.260463
v -0.312244 0.237684 0.219313
v -0.278100 0.324705 0.170496
v -0.276037 0.270184 0.243628
v -0.261637 0.297883 0.231803
v -0.185968 0.324975 0.254104
v -0.267938 -0.276036 0.111872
v -0.249896 -0.331618 0.040108
v -0.254636 -0.301188 0.125150
v -0.241888 -0.325586 0.086147
v -0.278703 -0.261027 0.114754
v -0.263308 -0.236028 0.169917
v -0.279481 -0.220637 0.153150
v -0.292425 0.341016 0.121806
v -0.236599 0.383696 0.127385
v -0.241911 0.386331 0.110347
v -0.290193 -0.329912 0.012314
v -0.284604 -0.301632 0.034135
v -0.259930 -0.344432 0.025627
v -0.295053 0.365009 0.036362
v -0.267317 0.384127 -0.022690
v -0.238398 0.396159 0.066153
v -0.218337 0.420183 0.005506
v -0.168570 -0.239924 0.384376
v -0.162559 -0.179610 0.349315
v -0.146265 -0.204908 0.388294
v -0.110697 -0.206267 0.415549
v -0.116268 -0.092761 0.390089
v -0.123294 -0.160102 0.366057
v -0.157506 -0.059617 0.383047
v -0.141428 -0.031370 0.387009
v -0.098221 -0.009282 0.394819
v -0.178984 0.109587 0.410128
v -0.141414 0.155261 0.404315
v -0.150164 0.128076 0.419717
v -0.142860 0.100704 0.404730
v -0.131214 0.102443 0.421629
v -0.082174 0.154765 0.417119
v -0.080550 0.136344 0.426133
v -0.142531 0.185404 0.369535
v -0.130228 0.238665 0.342975
v -0.072544 0.180880 0.389299
v -0.191118 -0.267147 0.349265
v -0.188876 -0.216646 0.338247
v -0.178311 -0.178899 0.326385
v -0.132922 -0.136346 0.364588
v -0.169846 0.235429 0.329168
v -0.171544 0.270474 0.307776
v -0.150400 0.337430 0.262978
v -0.114389 0.296103 0.309655
v -0.204681 0.358543 0.199512
v -0.127077 0.388980 0.210304
v -0.152571 0.412260 0.146763
v -0.164768 0.434130 0.069861
v -0.053139 0.458788 0.071234
v -0.094298 0.431052 0.140988
v -0.136184 0.455281 -0.007496
v -0.064736 -0.213073 0.434101
v -0.073792 -0.179935 0.403284
v -0.087619 -0.156415 0.378651
v -0.076279 -0.123383 0.380447
v -0.069273 -0.094191 0.395188
v -0.068362 -0.153755 0.374300
v -0.107592 -0.030714 0.399200
v -0.082585 -0.001509 0.399490
v -0.072234 -0.040749 0.401361
v -0.034389 -0.074519 0.389575
v -0.041502 -0.004221 0.397933
v 0.009889 -0.032266 0.388666
v -0.093612 0.069012 0.410812
v -0.087281 0.016748 0.398583
v -0.072363 0.029855 0.411407
v -0.085065 0.052610 0.411891
v 0.004217 0.064850 0.430064
v -0.084162 0.088343 0.427719
v -0.018237 0.153589 0.416155
v -0.003633 0.108968 0.438936
v 0.013805 0.124828 0.434569
v -0.010567 0.198549 0.381573
v 0.000509 0.259242 0.350055
v -0.059940 0.258201 0.346130
v -0.064307 0.301320 0.315360
v 0.018752 0.294306 0.320927
v 0.024360 0.327524 0.302484
v -0.084267 0.353262 0.272805
v -0.020460 0.364715 0.266777
v -0.078914 0.388388 0.226393
v -0.025656 0.415375 0.191209
v -0.037202 0.433367 0.158640
v -0.017660 0.473696 0.019318
v -0.308352 -0.376073 -0.031331
v -0.310828 -0.337056 -0.048857
v -0.299277 -0.386543 -0.071609
v -0.219953 -0.444034 -0.021537
v -0.229719 -0.423125 -0.055009
v -0.202045 -0.423321 -0.054155
v -0.303577 -0.342606 -0.008249
v -0.293376 -0.342598 -0.087985
v -0.278650 -0.389829 -0.088105
v -0.261289 -0.387296 -0.086011
v -0.248054 -0.363630 -0.085707
v -0.226643 -0.388932 -0.044643
v -0.236848 -0.385345 -0.050319
v -0.238942 -0.351502 -0.098942
v -0.218859 -0.365277 -0.071150
v -0.213501 -0.381024 -0.052896
v -0.174266 -0.393249 -0.097532
v -0.206373 -0.354599 -0.152634
v -0.207970 -0.434724 -0.039862
v -0.175520 -0.454056 -0.065232
v -0.162130 -0.441769 -0.090892
v -0.103811 -0.475515 -0.107447
v -0.184185 -0.355346 -0.187700
v -0.167416 -0.384900 -0.119870
v -0.125759 -0.403561 -0.130052
v -0.115290 -0.394039 -0.150487
v -0.108977 -0.383710 -0.189052
v -0.147582 -0.351263 -0.226594
v -0.096503 -0.353077 -0.252797
v -0.048811 -0.465994 -0.131098
v -0.017399 -0.483711 -0.121210
v -0.003774 -0.422934 -0.150383
v -0.073220 -0.419834 -0.140135
v -0.070400 -0.403445 -0.154132
v -0.001491 -0.404525 -0.169280
v -0.063560 -0.386650 -0.204530
v 0.001963 -0.380914 -0.222534
v -0.029735 -0.346851 -0.280349
v -0.441273 -0.094494 -0.089033
v -0.415021 -0.163364 -0.028330
v -0.427392 -0.124742 -0.087341
v -0.448503 -0.068527 -0.024815
v -0.446992 -0.036163 -0.085851
v -0.433591 0.055904 -0.097216
v -0.441035 0.019600 -0.101082
v -0.430918 0.092254 -0.103886
v -0.396738 0.198110 -0.028351
v -0.419186 0.138805 -0.092871
v -0.418400 -0.103865 -0.156423
v -0.432491 -0.030858 -0.154335
v -0.395040 -0.094135 -0.222562
v -0.425841 0.058170 -0.171416
v -0.430611 0.004771 -0.166956
v -0.403635 0.159339 -0.163981
v -0.401484 -0.039759 -0.230100
v -0.404667 0.030264 -0.230041
v -0.395814 0.090688 -0.231145
v -0.321557 -0.292972 -0.036062
v -0.316627 -0.301558 -0.077947
v -0.384615 -0.219358 -0.029422
v -0.401976 -0.188729 -0.097990
v -0.345746 -0.268065 -0.051733
v -0.368486 -0.241935 -0.087052
v -0.391264 0.200747 -0.062237
v -0.400112 0.193539 -0.105928
v -0.359099 0.211872 -0.053643
v -0.336729 0.240760 -0.012663
v -0.295024 0.358707 -0.042811
v -0.346059 -0.248645 -0.138895
v -0.308942 -0.270885 -0.182493
v -0.308034 -0.297931 -0.132212
v -0.389771 -0.191657 -0.143081
v -0.350806 -0.212476 -0.202274
v -0.324216 -0.239910 -0.193825
v -0.396567 -0.127574 -0.186961
v -0.349936 0.206556 -0.106977
v -0.383601 0.207884 -0.160142
v -0.358737 0.228244 -0.186773
v -0.300860 0.317072 -0.181833
v -0.360588 -0.182258 -0.208877
v -0.326732 -0.181828 -0.262692
v -0.371718 -0.156161 -0.220161
v -0.344458 -0.126398 -0.283698
v -0.378353 -0.002270 -0.278791
v -0.366668 -0.088667 -0.265154
v -0.359046 -0.058728 -0.291858
v -0.366167 -0.001891 -0.302188
v -0.364613 0.138905 -0.257641
v -0.386075 0.152102 -0.219160
v -0.365558 0.201509 -0.214857
v -0.337920 0.175573 -0.276652
v -0.325704 0.224222 -0.263794
v -0.345883 0.247333 -0.195733
v -0.314939 0.292767 -0.194962
v -0.314169 0.263499 -0.241938
v -0.272048 0.317787 -0.233286
v -0.315872 -0.116952 -0.324900
v -0.285070 -0.149074 -0.333497
v -0.313385 -0.075491 -0.335456
v -0.337551 -0.007139 -0.336140
v -0.318106 -0.030471 -0.351825
v -0.366388 0.028463 -0.291494
v -0.367175 0.059015 -0.290783
v -0.333810 0.048896 -0.326878
v -0.359149 0.110753 -0.287430
v -0.319309 0.110035 -0.343220
v -0.303836 0.160789 -0.324904
v -0.285705 0.220874 -0.319985
v -0.278049 -0.345818 -0.095146
v -0.276726 -0.330952 -0.106713
v -0.282804 0.360980 -0.093755
v -0.243562 0.393768 -0.119227
v -0.249310 0.396990 -0.073733
v -0.181814 0.437749 -0.065660
v -0.270757 -0.311963 -0.175784
v -0.201266 -0.330017 -0.215360
v -0.275558 0.311398 -0.135487
v -0.282949 0.341438 -0.151018
v -0.245369 0.371983 -0.166123
v -0.288804 -0.233632 -0.257762
v -0.206682 -0.314245 -0.244824
v -0.233122 -0.271463 -0.277327
v -0.211219 -0.269704 -0.299874
v -0.269312 0.288608 -0.268253
v -0.236824 0.327085 -0.267990
v -0.224898 0.361119 -0.231128
v -0.261765 -0.185695 -0.320006
v -0.236290 -0.215932 -0.326104
v -0.192449 -0.234249 -0.344018
v -0.246081 -0.120865 -0.383585
v -0.227023 -0.177651 -0.361678
v -0.259664 0.153595 -0.371265
v -0.244388 0.190599 -0.369107
v -0.240442 0.224752 -0.359202
v -0.224127 0.268429 -0.336487
v -0.203580 -0.122444 -0.411755
v -0.175957 -0.145616 -0.412878
v -0.219709 -0.089626 -0.408958
v -0.261752 -0.047628 -0.391447
v -0.268165 -0.005416 -0.398065
v -0.211545 -0.061476 -0.427472
v -0.209795 -0.010649 -0.434779
v -0.261038 0.049411 -0.397516
v -0.182536 0.032872 -0.449572
v -0.217308 0.059063 -0.428547
v -0.260667 0.113074 -0.393562
v -0.204925 0.112809 -0.427112
v -0.203125 0.143868 -0.414789
v -0.129994 0.460438 -0.059027
v -0.100459 0.466580 -0.102954
v -0.186025 0.407135 -0.182550
v -0.167108 0.436904 -0.118489
v -0.120210 0.439839 -0.170279
v -0.120859 -0.307564 -0.314026
v -0.081835 -0.331681 -0.289794
v -0.205975 0.324135 -0.299954
v -0.167993 0.393097 -0.226380
v -0.116335 0.418989 -0.210416
v -0.163667 -0.269570 -0.328823
v -0.105242 -0.270205 -0.355533
v -0.079921 -0.310841 -0.328285
v -0.190844 -0.175585 -0.389556
v -0.126086 -0.236001 -0.373277
v -0.162688 0.266887 -0.372977
v -0.198695 0.297905 -0.323945
v -0.137840 0.312384 -0.347042
v -0.150921 0.361185 -0.285553
v -0.125234 -0.211610 -0.397704
v -0.123254 -0.160012 -0.432969
v -0.067676 -0.119044 -0.471669
v -0.152274 -0.097862 -0.448959
v -0.137890 0.000507 -0.472282
v -0.148437 -0.044695 -0.464921
v -0.197941 0.174921 -0.408362
v -0.142361 0.160460 -0.434300
v -0.139112 0.106524 -0.454370
v -0.190104 0.234370 -0.382331
v -0.128368 0.209115 -0.418031
v -0.123192 0.238052 -0.400243
v -0.053454 0.236198 -0.414901
v -0.064902 -0.083123 -0.480403
v -0.076315 -0.058196 -0.482549
v -0.073895 -0.002946 -0.486410
v -0.139399 0.056972 -0.466949
v -0.080322 0.029403 -0.484508
v -0.075184 0.474843 -0.074403
v -0.037524 0.476393 -0.095159
v 0.000309 0.478860 -0.023562
v -0.074802 0.442521 -0.193706
v -0.049185 0.462308 -0.156671
v 0.010126 0.463019 -0.160141
v -0.086714 0.402834 -0.255978
v -0.011974 0.399073 -0.282481
v -0.029071 0.433283 -0.220432
v -0.016180 -0.295559 -0.348914
v -0.032337 -0.253934 -0.383182
v 0.013242 -0.327837 -0.314628
v -0.060971 0.315210 -0.364509
v -0.073719 0.362327 -0.312768
v -0.076437 0.337874 -0.336564
v 0.024002 0.345928 -0.334443
v -0.062307 -0.171513 -0.443307
v -0.073224 -0.211029 -0.416932
v 0.004449 -0.186856 -0.440258
v 0.001113 -0.142315 -0.467310
v -0.067579 0.206007 -0.431016
v -0.002136 0.196441 -0.439737
v -0.108777 0.268045 -0.392906
v -0.042078 0.276567 -0.398574
v 0.007794 0.292514 -0.390034
v 0.002401 -0.092995 -0.483125
v 0.007111 -0.031208 -0.490958
v -0.008597 -0.065075 -0.487602
v -0.082022 0.057747 -0.481666
v -0.010246 0.053898 -0.486718
v 0.003231 0.027965 -0.491194
v -0.077376 0.110459 -0.468194
v 0.004353 0.143207 -0.464458
v 0.011453 0.091449 -0.483291
v 0.112779 -0.398690 0.269076
v 0.169490 -0.364344 0.293056
v 0.149984 -0.385139 0.217177
v 0.193602 -0.353602 0.248271
v 0.178954 -0.364687 0.200939
v 0.195869 -0.360324 0.206906
v 0.155489 -0.426533 0.140288
v 0.188082 -0.414222 0.119838
v 0.189849 -0.445143 0.106680
v 0.136403 -0.389987 0.171246
v 0.151979 -0.383394 0.151123
v 0.188465 -0.377004 0.115175
v 0.179008 -0.355897 0.135787
v 0.190320 -0.358693 0.173256
v 0.201187 -0.406954 0.126908
v 0.199192 -0.372949 0.114322
v 0.220180 -0.355748 0.237879
v 0.207211 -0.371268 0.186751
v 0.212557 -0.388967 0.182429
v 0.237519 -0.341887 0.258957
v 0.226924 -0.379666 0.219464
v 0.274139 -0.357723 0.181065
v 0.201228 -0.353003 0.134492
v 0.213746 -0.366630 0.141249
v 0.227053 -0.374585 0.089753
v 0.242392 -0.348997 0.099307
v 0.254545 -0.378133 0.090578
v 0.265545 -0.351692 0.125383
v 0.270532 -0.383380 0.101393
v 0.259359 -0.410418 0.084270
v 0.215010 -0.449142 -0.009666
v 0.229348 -0.431984 0.007086
v 0.212995 -0.367425 0.076911
v 0.229578 -0.411203 0.061077
v 0.225600 -0.421422 0.045350
v 0.229163 -0.367007 0.023769
v 0.219501 -0.432209 0.027320
v 0.230451 -0.408158 0.022112
v 0.240036 -0.372479 0.012196
v 0.242812 -0.411125 0.012779
v 0.266602 -0.417342 0.015006
v 0.267223 -0.395030 0.011840
v 0.255675 -0.352717 0.023477
v 0.290645 -0.366190 0.013603
v 0.289557 -0.394029 -0.001001
v 0.048255 -0.210608 0.426050
v 0.068314 -0.154876 0.376648
v 0.071916 -0.184695 0.409723
v 0.093102 -0.159272 0.383020
v 0.090153 -0.223069 0.426907
v 0.068671 -0.133233 0.377961
v 0.072520 -0.070030 0.400184
v 0.125252 -0.154133 0.368178
v 0.089424 -0.139793 0.379802
v 0.016715 -0.065197 0.389685
v 0.078057 -0.015314 0.407594
v 0.107200 -0.029053 0.404082
v 0.005309 0.016055 0.405405
v 0.065937 0.030225 0.411126
v 0.082522 0.044726 0.408225
v 0.092768 0.068292 0.411831
v 0.084187 0.023478 0.400186
v 0.098266 -0.001514 0.399731
v 0.076219 0.160659 0.400687
v 0.064966 0.107267 0.433382
v 0.084973 0.075751 0.421769
v 0.132244 0.103557 0.423104
v 0.140082 0.119727 0.421457
v 0.072075 0.193273 0.377403
v 0.064644 0.267771 0.337709
v 0.099250 0.310126 0.296107
v 0.038608 0.365376 0.257864
v 0.137700 0.347686 0.239875
v 0.007087 0.389386 0.226609
v 0.044663 0.410874 0.196827
v 0.093263 0.371919 0.233983
v 0.136519 0.390139 0.197711
v 0.025608 0.445439 0.132969
v 0.082040 0.441605 0.129622
v 0.090511 0.462702 0.060596
v 0.039733 0.476389 0.017045
v 0.136149 -0.212094 0.401299
v 0.172943 -0.169313 0.342891
v 0.172926 -0.214617 0.373644
v 0.135855 -0.095780 0.387310
v 0.144377 -0.037084 0.394376
v 0.127017 -0.020791 0.389046
v 0.194297 -0.043483 0.374243
v 0.218181 -0.087702 0.361197
v 0.187981 -0.033950 0.367862
v 0.114887 0.089010 0.416850
v 0.155510 0.104243 0.400451
v 0.154752 0.141028 0.408928
v 0.177227 0.111633 0.409826
v 0.216515 0.122949 0.387127
v 0.203693 0.105593 0.379325
v 0.208351 0.112168 0.391193
v 0.133245 0.174100 0.375440
v 0.199002 0.165305 0.358442
v 0.201275 -0.338326 0.280833
v 0.194803 -0.246645 0.356063
v 0.214260 -0.288510 0.308449
v 0.211443 -0.254037 0.309463
v 0.223052 -0.303709 0.292316
v 0.198166 -0.190042 0.325404
v 0.212270 -0.170125 0.303888
v 0.177535 -0.144577 0.345705
v 0.214329 -0.119434 0.341409
v 0.118762 0.280126 0.317813
v 0.170033 0.254880 0.313293
v 0.184020 0.203962 0.335744
v 0.160250 0.292901 0.294172
v 0.196027 0.313963 0.246731
v 0.152175 0.385808 0.196940
v 0.176471 0.418032 0.113663
v 0.114170 0.439433 0.118655
v 0.171257 0.443310 0.041882
v 0.150188 0.454346 0.009802
v 0.188992 0.438397 -0.012289
v 0.231536 0.098787 0.370689
v 0.258172 -0.271631 0.278416
v 0.229401 -0.256112 0.289683
v 0.257720 -0.307229 0.272890
v 0.223009 -0.212724 0.269214
v 0.227453 -0.154903 0.298980
v 0.277717 -0.096472 0.337956
v 0.249154 -0.124640 0.311274
v 0.315271 -0.099194 0.309183
v 0.237182 -0.019258 0.338831
v 0.237641 -0.007362 0.294049
v 0.279229 -0.069116 0.347638
v 0.243626 -0.027494 0.350532
v 0.319490 -0.041055 0.312464
v 0.323107 -0.007166 0.287644
v 0.308324 -0.078046 0.330512
v 0.261895 -0.000975 0.331386
v 0.267536 0.008573 0.328041
v 0.275565 0.059225 0.322839
v 0.269894 0.045283 0.319130
v 0.250001 0.094319 0.354853
v 0.275786 0.148253 0.317049
v 0.256709 0.075445 0.336250
v 0.272387 0.094956 0.335310
v 0.310273 0.122958 0.280625
v 0.215122 0.232148 0.298290
v 0.244847 0.174848 0.320890
v 0.246993 0.204098 0.299078
v 0.310141 0.159588 0.267510
v 0.290593 0.211631 0.254957
v 0.228296 0.271610 0.269369
v 0.221118 -0.332245 0.269517
v 0.258894 -0.295967 0.259714
v 0.253293 -0.263905 0.248195
v 0.256949 -0.332894 0.252221
v 0.270084 -0.322166 0.150254
v 0.261864 -0.269281 0.194106
v 0.252952 -0.208386 0.231021
v 0.269053 -0.188718 0.217553
v 0.253481 -0.237751 0.246187
v 0.266640 -0.233844 0.181288
v 0.281250 -0.218421 0.161511
v 0.278759 -0.161697 0.231607
v 0.258965 0.296932 0.221563
v 0.290667 0.315206 0.157002
v 0.285629 0.242008 0.238825
v 0.288733 0.293727 0.191164
v 0.319652 0.235235 0.205584
v 0.232473 0.328782 0.197976
v 0.247087 -0.320613 0.100927
v 0.258754 -0.290991 0.133477
v 0.268619 -0.277543 0.122426
v 0.317292 -0.244558 0.094134
v 0.240454 0.372593 0.133780
v 0.244552 0.390828 0.075569
v 0.256880 0.378414 0.097924
v 0.302424 0.327625 0.119929
v 0.244210 -0.322412 0.082714
v 0.238170 -0.341276 0.038959
v 0.308393 -0.286099 0.028287
v 0.308752 -0.270027 0.071314
v 0.299710 -0.315653 0.006197
v 0.278224 -0.331658 0.017410
v 0.240524 0.407958 -0.006192
v 0.300702 0.360518 0.026788
v 0.313655 -0.127822 0.244014
v 0.335287 -0.066483 0.305140
v 0.354066 -0.072955 0.270392
v 0.288363 0.032307 0.318602
v 0.327788 0.056344 0.276621
v 0.315875 0.089666 0.288949
v 0.341530 -0.138038 0.193596
v 0.331229 -0.089910 0.298854
v 0.368826 -0.039720 0.240329
v 0.381234 -0.092023 0.200110
v 0.402048 -0.049848 0.155557
v 0.392563 -0.015177 0.175293
v 0.362360 0.002942 0.238210
v 0.355184 0.054215 0.236155
v 0.389172 0.025405 0.174285
v 0.384783 0.068871 0.158514
v 0.350620 0.144078 0.218768
v 0.353349 0.096977 0.235431
v 0.376867 0.087625 0.187949
v 0.368365 0.155812 0.169759
v 0.336389 0.195164 0.210111
v 0.325848 -0.183788 0.158581
v 0.345828 -0.203206 0.119432
v 0.356191 -0.217231 0.081620
v 0.384346 -0.180058 0.089551
v 0.370938 -0.140252 0.146869
v 0.390697 -0.140773 0.102832
v 0.427805 -0.096197 0.106559
v 0.408643 -0.088789 0.149574
v 0.401517 0.056888 0.109203
v 0.384389 0.136696 0.082482
v 0.388868 0.090787 0.078133
v 0.359220 0.221487 0.150105
v 0.371592 0.237856 0.097682
v 0.382517 0.177997 0.102858
v 0.323283 0.323274 0.074661
v 0.340605 0.270052 0.138096
v 0.355171 0.279240 0.089009
v 0.340299 -0.258385 0.016141
v 0.381989 -0.208252 0.024534
v 0.405004 -0.163070 0.036600
v 0.397352 0.112439 0.022568
v 0.414953 0.083522 0.002539
v 0.410976 0.142262 -0.028639
v 0.380866 0.225099 0.046045
v 0.396274 0.162834 0.047441
v 0.396679 0.205915 -0.011970
v 0.342132 0.319085 -0.007946
v 0.374109 0.267561 0.018048
v 0.417504 -0.028121 0.077106
v 0.430929 -0.066457 0.103621
v 0.446018 -0.081961 0.053541
v 0.415040 0.005430 0.079347
v 0.415689 -0.128095 0.040773
v 0.441541 -0.098970 0.039500
v 0.434528 -0.116061 -0.056889
v 0.436331 -0.045288 0.033326
v 0.447607 -0.078434 -0.027461
v 0.412577 0.048763 0.059241
v 0.437824 0.028464 -0.014423
v 0.432798 0.053723 -0.040371
v 0.035663 -0.454828 -0.137395
v 0.090343 -0.450133 -0.126262
v 0.051884 -0.414865 -0.149845
v 0.050250 -0.399338 -0.170609
v 0.117092 -0.395230 -0.139026
v 0.076806 -0.368480 -0.232314
v 0.128210 -0.348223 -0.241196
v 0.122851 -0.474039 -0.089721
v 0.167718 -0.422817 -0.100484
v 0.207870 -0.440675 -0.037415
v 0.156274 -0.395969 -0.110677
v 0.164339 -0.381415 -0.117267
v 0.210178 -0.346560 -0.163617
v 0.194866 -0.331543 -0.221501
v 0.220894 -0.443366 -0.032035
v 0.228810 -0.421384 -0.057004
v 0.205069 -0.420554 -0.055815
v 0.207906 -0.380614 -0.055425
v 0.226891 -0.389050 -0.044182
v 0.222151 -0.366367 -0.062051
v 0.236787 -0.349747 -0.099878
v 0.246780 -0.367065 -0.078959
v 0.240067 -0.385762 -0.052977
v 0.256309 -0.387984 -0.080946
v 0.262221 -0.356488 -0.089827
v 0.281285 -0.344737 -0.089817
v 0.301544 -0.335112 -0.009680
v 0.298834 -0.342348 -0.073456
v 0.276244 -0.388431 -0.090210
v 0.307408 -0.366667 -0.025479
v 0.299579 -0.391240 -0.074496
v 0.059796 0.475483 -0.027789
v 0.046630 0.463933 -0.142620
v 0.106884 0.434852 -0.191425
v 0.048314 0.428984 -0.228879
v 0.064401 -0.269704 -0.365580
v 0.076584 -0.330165 -0.292255
v 0.119010 -0.291987 -0.322878
v 0.115043 -0.264914 -0.359455
v 0.025215 0.387454 -0.300383
v 0.094513 0.410596 -0.250228
v 0.102572 0.353160 -0.321401
v 0.020060 -0.239343 -0.402476
v 0.068667 -0.233454 -0.401589
v 0.074849 -0.176617 -0.443734
v 0.117594 0.255670 -0.389898
v 0.119483 0.180358 -0.429883
v 0.054454 0.236404 -0.417066
v 0.083831 0.324148 -0.351739
v 0.058792 0.289784 -0.382873
v 0.064059 -0.095477 -0.478377
v 0.079564 -0.046495 -0.483293
v 0.090661 0.000651 -0.483574
v 0.060202 0.026341 -0.487592
v 0.079996 0.079138 -0.476998
v 0.059661 0.151328 -0.458020
v 0.109708 0.462648 -0.075482
v 0.168091 0.447323 -0.028136
v 0.207734 0.420384 -0.115385
v 0.137456 0.434936 -0.163099
v 0.202006 0.404478 -0.183382
v 0.172915 -0.293442 -0.287468
v 0.175133 0.400635 -0.221152
v 0.190781 -0.248454 -0.337200
v 0.143168 -0.213272 -0.393598
v 0.164699 0.317057 -0.328657
v 0.168103 0.378480 -0.257932
v 0.145903 0.355932 -0.305293
v 0.129534 -0.184020 -0.418282
v 0.189819 -0.185017 -0.382769
v 0.144348 -0.156523 -0.434825
v 0.140098 -0.112052 -0.451882
v 0.193068 -0.153549 -0.411332
v 0.201978 -0.097225 -0.427217
v 0.140729 -0.056897 -0.465154
v 0.211861 -0.035061 -0.435551
v 0.138481 0.147201 -0.439519
v 0.192586 0.150036 -0.416100
v 0.211220 0.099911 -0.425082
v 0.128264 0.212991 -0.415525
v 0.184953 0.252707 -0.364514
v 0.190779 0.176588 -0.401346
v 0.182039 0.209526 -0.397219
v 0.145952 0.286361 -0.354164
v 0.146278 0.002794 -0.467292
v 0.140320 0.051541 -0.467914
v 0.281044 0.382249 -0.060450
v 0.308384 0.358851 -0.030096
v 0.244958 0.406541 -0.074867
v 0.272113 -0.328048 -0.108662
v 0.305417 -0.276603 -0.155063
v 0.265737 0.388895 -0.109218
v 0.292206 0.355436 -0.125564
v 0.244078 -0.265517 -0.271059
v 0.260758 -0.303288 -0.193620
v 0.293694 -0.245572 -0.235034
v 0.289668 0.305713 -0.233628
v 0.201965 0.356334 -0.267641
v 0.256905 0.355123 -0.200994
v 0.231263 -0.226790 -0.323660
v 0.244053 -0.187184 -0.342430
v 0.244745 -0.165419 -0.363404
v 0.255565 -0.123642 -0.381461
v 0.294954 -0.153221 -0.324633
v 0.264767 -0.056764 -0.392263
v 0.272926 0.028704 -0.390650
v 0.288623 0.137253 -0.353291
v 0.248418 0.222260 -0.350228
v 0.301205 0.179248 -0.323190
v 0.241022 0.324888 -0.269898
v 0.211106 0.283084 -0.323255
v 0.254213 0.290694 -0.282189
v 0.228621 0.244290 -0.348515
v 0.273081 0.264976 -0.295269
v 0.277319 0.238691 -0.309403
v 0.272671 -0.001920 -0.398269
v 0.249600 -0.087189 -0.392061
v 0.201976 0.030474 -0.439336
v 0.268014 0.062286 -0.393034
v 0.261773 0.113151 -0.388933
v 0.320267 -0.285802 -0.035026
v 0.306321 -0.336236 -0.046001
v 0.296709 -0.309400 -0.089269
v 0.317368 -0.284839 -0.074897
v 0.369280 -0.229197 -0.068188
v 0.386505 -0.208015 -0.027542
v 0.400973 -0.177525 -0.090018
v 0.375462 0.268966 -0.049715
v 0.390486 0.235572 -0.092543
v 0.332980 0.328188 -0.082939
v 0.360952 0.288512 -0.082323
v 0.322195 -0.269832 -0.128865
v 0.330285 -0.233705 -0.193379
v 0.355852 -0.227626 -0.133997
v 0.375857 -0.186741 -0.143362
v 0.376966 -0.147795 -0.211530
v 0.398139 -0.145513 -0.169202
v 0.386607 0.213861 -0.155340
v 0.321688 0.326920 -0.137106
v 0.320382 0.297339 -0.197592
v 0.357984 0.266552 -0.143746
v 0.298547 -0.211345 -0.270913
v 0.347919 -0.176616 -0.234139
v 0.331803 -0.160258 -0.274047
v 0.347174 -0.103598 -0.281543
v 0.390665 -0.094659 -0.221106
v 0.357474 -0.050926 -0.287816
v 0.368434 0.003321 -0.284072
v 0.372388 0.053959 -0.284121
v 0.405103 0.028275 -0.227358
v 0.396785 0.061814 -0.234041
v 0.351623 0.156322 -0.281917
v 0.389860 0.142744 -0.221998
v 0.404372 0.091751 -0.220766
v 0.311910 0.261315 -0.255306
v 0.332922 0.216463 -0.270039
v 0.373763 0.206732 -0.207812
v 0.374868 0.175981 -0.224025
v 0.314912 -0.092967 -0.330528
v 0.320185 -0.031949 -0.343057
v 0.319379 0.091203 -0.342326
v 0.317921 0.019222 -0.349387
v 0.318342 0.150534 -0.325306
v 0.296475 0.210078 -0.318096
v 0.416184 -0.155981 -0.024444
v 0.415870 -0.148286 -0.086710
v 0.428606 -0.124444 -0.104288
v 0.446254 -0.006818 -0.055033
v 0.437515 -0.087888 -0.087355
v 0.448918 -0.004520 -0.106659
v 0.438287 0.032320 -0.095917
v 0.418889 0.118349 -0.058290
v 0.410692 0.145255 -0.088643
v 0.427417 0.113948 -0.105964
v 0.401934 0.187421 -0.071034
v 0.414663 -0.093953 -0.174150
v 0.423595 -0.066193 -0.155197
v 0.428465 -0.029918 -0.180730
v 0.421658 0.089680 -0.175936
v 0.429934 0.016421 -0.168413
v 0.425390 0.047090 -0.159185
v 0.400840 0.155766 -0.173856
v 0.414412 0.123244 -0.165799
v 0.397717 0.175552 -0.147619
v 0.384203 -0.056917 -0.242938
v 0.396489 -0.009587 -0.236323
vn -0.6758 -0.3630 0.6415
vn -0.0767 -0.7237 0.6858
vn 0.8969 -0.4005 0.1873
vn 0.4251 -0.8658 0.2639
vn -0.2695 -0.9384 0.2163
vn 0.0667 -0.9807 0.1838
vn 0.7148 -0.6969 -0.0580
vn -0.8832 0.2933 -0.3660
vn -0.6301 0.4569 -0.6279
vn -0.7271 0.1588 -0.6679
vn -0.3929 0.4167 -0.8197
vn -0.4311 0.3222 -0.8428
vn 0.9373 -0.2948 0.1859
vn 0.9027 0.0845 0.4219
vn 0.2728 -0.9469 -0.1700
vn 0.0420 -0.7950 0.6051
vn 0.1804 -0.1383 0.9738
vn -0.1707 -0.9836 -0.0585
vn -0.9470 -0.2588 0.1902
vn -0.4428 -0.4195 0.7924
vn -0.7435 -0.1300 0.6560
vn -0.2929 -0.2360 0.9266
vn -0.4624 0.2425 -0.8528
vn -0.0824 -0.2409 0.9671
vn -0.6493 -0.2575 0.7156
vn -0.4400 0.5159 -0.7350
vn -0.3336 -0.2742 0.9019
vn -0.9254 -0.2146 -0.3125
vn -0.9437 -0.2478 0.2189
vn -0.9951 0.0864 -0.0476
vn -0.8108 -0.2541 0.5273
vn -0.8902 0.3211 -0.3232
vn -0.5430 -0.8395 -0.0204
vn -0.2871 -0.9568 -0.0456
vn -0.5590 -0.8282 -0.0403
vn -0.4046 -0.2946 0.8657
vn 0.4998 0.1424 0.8544
vn -0.2063 -0.3415 0.9170
vn -0.4509 -0.8924 0.0172
vn -0.3581 -0.1155 0.9265
vn -0.7385 -0.4180 0.5290
vn -0.7524 -0.6104 0.2476
vn -0.9314 0.0899 0.3528
vn -0.9252 0.2313 0.3007
vn -0.8599 -0.3808 0.3399
vn -0.9469 0.2368 0.2175
vn -0.9277 -0.3660 0.0734
vn -0.8217 -0.5367 0.1918
vn -0.9904 -0.0346 0.1336
vn -0.9623 0.1975 0.1871
vn -0.9948 0.0892 0.0492
vn -0.9829 0.1453 0.1131
vn -0.9588 0.2353 0.1592
vn -0.9592 0.2199 0.1779
vn -0.4874 -0.7497 0.4476
vn -0.8470 0.1596 0.5070
vn -0.7575 0.2558 0.6007
vn -0.7520 -0.3413 0.5639
vn -0.5424 0.0638 0.8377
vn -0.4590 -0.4637 0.7579
vn -0.7277 -0.1182 0.6756
vn -0.7474 -0.0058 0.6644
vn -0.6818 0.3566 0.6388
vn -0.6618 -0.5911 0.4611
vn -0.5297 -0.7192 0.4497
vn -0.5693 -0.6250 0.5341
vn -0.6119 -0.5593 0.5593
vn -0.8877 0.0540 0.4573
vn -0.8503 -0.2310 0.4730
vn -0.8225 0.0405 0.5673
vn -0.8280 0.0318 0.5598
vn -0.9273 0.1342 0.3494
vn -0.8630 -0.0508 0.5027
vn -0.9332 0.1362 0.3326
vn -0.9713 0.1550 0.1806
vn -0.8799 0.0455 0.4729
vn -0.9386 0.1249 0.3215
vn -0.8593 0.1185 0.4975
vn -0.8903 0.3056 0.3376
vn -0.8353 0.1802 0.5194
vn -0.7726 0.4565 0.4413
vn -0.7500 0.4650 0.4704
vn -0.7346 -0.5803 0.3516
vn -0.7217 -0.5783 0.3804
vn -0.6354 -0.6034 0.4819
vn -0.5926 -0.6122 0.5235
vn -0.6699 -0.5964 0.4423
vn -0.6647 -0.5771 0.4745
vn -0.7318 -0.5829 0.3533
vn -0.9503 0.1899 0.2468
vn -0.9405 0.2782 0.1951
vn -0.9786 0.1323 0.1576
vn -0.9620 0.1920 0.1943
vn -0.9323 0.3077 0.1902
vn -0.9808 0.1267 0.1485
vn -0.8024 0.5401 0.2538
vn -0.8359 0.4311 0.3398
vn -0.7047 -0.6756 0.2165
vn -0.7565 -0.5509 0.3525
vn -0.8306 -0.5104 0.2227
vn -0.7857 -0.5613 0.2600
vn -0.8327 0.5412 -0.1174
vn -0.8330 0.5494 -0.0662
vn -0.9273 0.2669 -0.2625
vn -0.8901 0.4211 -0.1741
vn -0.5656 0.1464 -0.8116
vn -0.6879 -0.2539 -0.6799
vn -0.8959 0.2766 -0.3476
vn -0.8570 0.3128 -0.4095
vn -0.6914 0.6924 0.2061
vn -0.3159 0.1635 0.9346
vn -0.3083 -0.6879 0.6571
vn -0.6230 0.2096 0.7537
vn -0.5191 -0.1334 0.8443
vn -0.4843 0.3801 0.7880
vn -0.4046 0.5314 0.7442
vn -0.8360 0.1079 0.5381
vn -0.7018 0.0864 0.7071
vn -0.8468 0.0201 0.5316
vn -0.5843 -0.5318 0.6130
vn -0.9108 0.1705 0.3759
vn -0.8540 -0.0244 0.5196
vn -0.7780 0.2925 0.5561
vn -0.4836 -0.7109 0.5107
vn -0.4592 -0.5855 0.6680
vn -0.3516 -0.4302 0.8314
vn -0.6612 -0.2563 0.7051
vn -0.7041 -0.3962 0.5893
vn -0.6641 0.3783 0.6449
vn -0.7423 0.1569 0.6515
vn -0.5063 0.2045 0.8377
vn -0.3163 -0.1600 0.9351
vn -0.1968 0.5039 0.8410
vn 0.0704 0.9285 0.3646
vn -0.6859 -0.0440 0.7264
vn -0.4616 -0.1213 0.8788
vn 0.1198 -0.5104 0.8515
vn 0.3313 -0.3418 0.8794
vn 0.8565 -0.4060 0.3188
vn 0.3467 0.7308 0.5880
vn -0.7633 0.1165 0.6354
vn -0.6140 -0.2292 0.7553
vn -0.4217 -0.4066 0.8105
vn -0.6668 0.2900 0.6865
vn -0.1753 -0.7706 0.6128
vn 0.1525 -0.9699 0.1898
vn -0.5235 0.4650 0.7139
vn -0.4631 0.5163 0.7204
vn -0.4821 0.4713 0.7385
vn -0.4589 0.4910 0.7405
vn -0.9850 0.1676 -0.0410
vn -0.6083 -0.2334 0.7586
vn -0.8645 0.3213 0.3866
vn -0.9929 0.0308 0.1145
vn -0.9935 0.1129 -0.0114
vn -0.3663 -0.5524 0.7488
vn -0.9545 0.0802 0.2871
vn -0.7706 -0.3131 0.5552
vn -0.7899 0.0808 0.6079
vn -0.6065 -0.5777 0.5463
vn -0.6106 0.4560 0.6475
vn -0.7312 0.4329 0.5272
vn -0.5873 0.6754 0.4459
vn -0.6237 0.4686 0.6257
vn -0.5190 0.6609 0.5421
vn -0.4071 0.6640 0.6272
vn -0.7703 -0.5429 0.3345
vn -0.6409 -0.5846 0.4975
vn -0.9875 -0.1330 -0.0843
vn -0.8816 -0.4649 -0.0818
vn -0.6330 -0.5525 0.5423
vn -0.9122 -0.2636 0.3137
vn -0.6829 -0.5205 0.5126
vn -0.6591 0.6687 0.3441
vn -0.4797 0.8025 0.3548
vn -0.4085 0.8826 0.2327
vn -0.6759 -0.2128 0.7056
vn -0.6574 -0.5800 0.4810
vn -0.3702 -0.3651 0.8542
vn -0.6196 0.7827 0.0583
vn -0.6159 0.7878 -0.0074
vn -0.5033 0.8513 0.1479
vn -0.5045 0.8602 0.0745
vn -0.7703 0.2922 0.5668
vn -0.6433 0.4089 0.6472
vn -0.5799 0.4720 0.6640
vn -0.3682 0.6060 0.7052
vn -0.2114 -0.2840 0.9352
vn -0.3830 -0.1065 0.9176
vn -0.3200 -0.1066 0.9414
vn -0.3343 0.0945 0.9377
vn -0.3828 0.2827 0.8795
vn -0.3541 -0.2716 0.8949
vn -0.2423 0.6374 0.7314
vn -0.2640 0.2489 0.9319
vn -0.3172 -0.8960 0.3108
vn -0.3090 -0.4324 0.8471
vn -0.0677 0.5980 0.7987
vn -0.0884 0.2834 0.9549
vn -0.2558 0.6120 0.7483
vn -0.2509 0.5011 0.8282
vn -0.0955 0.6227 0.7766
vn -0.9227 0.1353 0.3609
vn -0.8748 0.2444 0.4184
vn -0.8374 0.1068 0.5361
vn -0.3602 -0.2831 0.8889
vn -0.3553 0.4737 0.8059
vn -0.3347 0.5389 0.7731
vn -0.3281 0.6735 0.6623
vn -0.2223 0.5749 0.7875
vn -0.4467 0.7283 0.5196
vn -0.2672 0.8168 0.5114
vn -0.3192 0.8690 0.3780
vn -0.3326 0.9181 0.2154
vn -0.1286 0.9642 0.2319
vn -0.1921 0.9134 0.3589
vn -0.2868 0.9520 0.1074
vn -0.2062 0.6356 0.7440
vn -0.1728 0.6583 0.7326
vn -0.1693 0.3697 0.9136
vn -0.1132 -0.2693 0.9564
vn -0.0163 -0.2251 0.9742
vn 0.1715 0.2957 0.9398
vn -0.2259 0.0887 0.9701
vn -0.1724 -0.0528 0.9836
vn 0.0521 -0.0585 0.9969
vn 0.1853 -0.1002 0.9776
vn 0.0565 -0.2233 0.9731
vn -0.0847 -0.1951 0.9771
vn -0.5257 -0.4406 0.7277
vn -0.5070 -0.1328 0.8516
vn -0.2357 -0.2735 0.9326
vn -0.3048 -0.2836 0.9092
vn 0.0075 -0.3104 0.9506
vn -0.2020 -0.2627 0.9435
vn 0.0160 0.5870 0.8094
vn -0.0215 0.0385 0.9990
vn 0.0575 0.4012 0.9142
vn 0.0167 0.5274 0.8495
vn 0.0211 0.5416 0.8404
vn -0.1147 0.5324 0.8387
vn -0.0965 0.5872 0.8037
vn 0.0602 0.5683 0.8206
vn 0.1014 0.6094 0.7864
vn -0.1594 0.7029 0.6932
vn -0.0054 0.7685 0.6399
vn -0.1170 0.8350 0.5377
vn -0.0462 0.8490 0.5263
vn -0.0990 0.8994 0.4258
vn -0.0941 0.9820 0.1640
vn -0.9947 -0.0794 0.0657
vn -0.9760 -0.1942 -0.0983
vn -0.8429 -0.1408 -0.5193
vn 0.2761 -0.9177 -0.2857
vn 0.2468 -0.0509 -0.9677
vn -0.5040 -0.3687 -0.7810
vn -0.9221 -0.1029 0.3731
vn -0.7182 -0.2364 -0.6545
vn -0.2599 -0.1846 -0.9478
vn 0.5100 -0.1764 -0.8419
vn 0.2690 -0.5876 -0.7631
vn -0.0512 -0.1428 -0.9884
vn 0.5543 -0.3298 -0.7641
vn -0.2656 -0.8710 -0.4133
vn -0.2349 -0.8494 -0.4727
vn -0.4215 -0.4802 -0.7692
vn -0.6587 -0.4814 -0.5783
vn -0.4597 -0.8465 -0.2685
vn -0.2952 -0.7175 -0.6309
vn -0.7010 -0.4278 -0.5706
vn -0.6109 -0.3302 -0.7196
vn -0.3652 -0.3786 -0.8505
vn -0.4400 -0.8225 -0.3603
vn -0.4686 -0.8117 -0.3488
vn -0.4223 -0.5737 -0.7018
vn -0.2821 -0.8722 -0.3996
vn -0.2433 -0.8963 -0.3707
vn -0.3208 -0.8290 -0.4581
vn -0.2340 -0.8249 -0.5146
vn -0.1541 -0.3617 -0.9195
vn -0.0005 -0.4881 -0.8728
vn -0.0363 -0.5335 -0.8450
vn -0.2408 -0.4527 -0.8585
vn -0.1985 -0.8044 -0.5600
vn -0.0049 -0.8419 -0.5396
vn -0.1326 -0.9004 -0.4143
vn 0.0276 -0.8860 -0.4628
vn -0.0685 -0.8433 -0.5330
vn -0.9530 -0.2604 -0.1548
vn -0.8983 -0.4369 0.0460
vn -0.9104 -0.3871 -0.1460
vn -0.9981 -0.0576 0.0233
vn -0.9946 0.0083 -0.1030
vn -0.9886 0.1504 -0.0124
vn -0.9887 0.1279 -0.0776
vn -0.9810 0.1879 -0.0491
vn -0.9461 0.3167 0.0672
vn -0.9659 0.2587 -0.0067
vn -0.9125 -0.2677 -0.3094
vn -0.9558 -0.0780 -0.2834
vn -0.8533 -0.2683 -0.4471
vn -0.9549 0.1426 -0.2605
vn -0.9566 -0.0100 -0.2913
vn -0.9229 0.3024 -0.2383
vn -0.8886 -0.1234 -0.4418
vn -0.9019 0.0434 -0.4299
vn -0.8844 0.1892 -0.4266
vn -0.8554 -0.5102 0.0893
vn -0.8283 -0.5284 -0.1861
vn -0.8163 -0.5693 0.0978
vn -0.8870 -0.4446 -0.1249
vn -0.7585 -0.6516 0.0090
vn -0.7507 -0.6501 -0.1173
vn -0.5259 0.8418 -0.1220
vn -0.8299 0.5578 -0.0132
vn -0.2263 0.9141 -0.3364
vn -0.3137 0.7430 -0.5912
vn -0.7409 0.6519 -0.1613
vn -0.7387 -0.6211 -0.2620
vn -0.6899 -0.5993 -0.4060
vn -0.6896 -0.6831 -0.2407
vn -0.8412 -0.4608 -0.2830
vn -0.7284 -0.5410 -0.4205
vn -0.6746 -0.6190 -0.4022
vn -0.8608 -0.3382 -0.3803
vn -0.2436 0.9534 0.1781
vn -0.8004 0.5665 -0.1960
vn -0.7876 0.5040 -0.3545
vn -0.8367 0.5461 0.0419
vn -0.7786 -0.4395 -0.4480
vn -0.6739 -0.4817 -0.5602
vn -0.8127 -0.3694 -0.4506
vn -0.7602 -0.3241 -0.5630
vn -0.8687 -0.0419 -0.4936
vn -0.8001 -0.2136 -0.5606
vn -0.7768 -0.2644 -0.5716
vn -0.8224 0.0065 -0.5689
vn -0.7954 0.3169 -0.5166
vn -0.8510 0.3012 -0.4301
vn -0.8029 0.4429 -0.3990
vn -0.7661 0.3050 -0.5657
vn -0.7619 0.4171 -0.4955
vn -0.8142 0.4030 -0.4179
vn -0.7891 0.5608 -0.2507
vn -0.7244 0.5286 -0.4425
vn -0.6472 0.6402 -0.4138
vn -0.7019 -0.2877 -0.6515
vn -0.6001 -0.4829 -0.6377
vn -0.6869 -0.2353 -0.6876
vn -0.7393 -0.0154 -0.6732
vn -0.6766 -0.2038 -0.7076
vn -0.7596 0.0679 -0.6469
vn -0.7917 0.0969 -0.6032
vn -0.7357 0.0882 -0.6715
vn -0.7973 0.2667 -0.5415
vn -0.7237 0.2144 -0.6559
vn -0.7011 0.3470 -0.6230
vn -0.6745 0.4070 -0.6160
vn -0.2518 -0.4119 -0.8758
vn -0.5222 -0.7051 -0.4797
vn -0.6940 0.7002 -0.1678
vn -0.5909 0.7777 -0.2144
vn -0.5969 0.7968 -0.0944
vn -0.4465 0.8918 -0.0730
vn -0.5481 -0.7502 -0.3698
vn -0.4310 -0.8175 -0.3820
vn -0.8697 0.0882 0.4856
vn -0.8161 0.5742 -0.0647
vn -0.6051 0.7304 -0.3170
vn -0.6221 -0.5659 -0.5411
vn -0.4383 -0.7619 -0.4769
vn -0.5276 -0.6442 -0.5538
vn -0.3848 -0.7942 -0.4702
vn -0.6154 0.5625 -0.5521
vn -0.5694 0.6243 -0.5349
vn -0.5051 0.7652 -0.3992
vn -0.6082 -0.5064 -0.6113
vn -0.5769 -0.5072 -0.6402
vn -0.4430 -0.5733 -0.6893
vn -0.5829 -0.2920 -0.7583
vn -0.5401 -0.4839 -0.6886
vn -0.5982 0.3560 -0.7179
vn -0.5806 0.3048 -0.7550
vn -0.5356 0.4107 -0.7379
vn -0.4954 0.5970 -0.6310
vn -0.4856 -0.3447 -0.8034
vn -0.4298 -0.4255 -0.7963
vn -0.5685 -0.2508 -0.7835
vn -0.5978 -0.2508 -0.7614
vn -0.5981 -0.0520 -0.7997
vn -0.5429 -0.2234 -0.8095
vn -0.5184 -0.0456 -0.8539
vn -0.6098 0.0690 -0.7895
vn -0.4650 0.0600 -0.8833
vn -0.5381 0.0551 -0.8411
vn -0.5758 0.2311 -0.7843
vn -0.4507 0.2322 -0.8620
vn -0.6900 0.2926 -0.6620
vn -0.3274 0.9447 -0.0157
vn -0.2597 0.9496 -0.1754
vn -0.4543 0.8079 -0.3754
vn -0.4173 0.8853 -0.2051
vn -0.3068 0.8814 -0.3592
vn -0.3091 -0.7472 -0.5883
vn -0.1755 -0.8401 -0.5133
vn -0.4667 0.6215 -0.6292
vn -0.3654 0.8128 -0.4537
vn -0.2712 0.8407 -0.4686
vn -0.3742 -0.6526 -0.6588
vn -0.2495 -0.6008 -0.7595
vn -0.1686 -0.7594 -0.6284
vn -0.4839 -0.4414 -0.7556
vn -0.2356 -0.6533 -0.7195
vn -0.3396 0.5472 -0.7650
vn -0.4591 0.5893 -0.6649
vn -0.2786 0.6654 -0.6925
vn -0.2983 0.7596 -0.5780
vn -0.3079 -0.5911 -0.7456
vn -0.3258 -0.4647 -0.8233
vn -0.1907 -0.3403 -0.9208
vn -0.3901 -0.3053 -0.8687
vn -0.3273 -0.0108 -0.9449
vn -0.3647 -0.1469 -0.9195
vn -0.4421 0.3426 -0.8290
vn -0.2666 0.3483 -0.8987
vn -0.2877 0.2781 -0.9164
vn -0.3907 0.4684 -0.7925
vn -0.2230 0.4437 -0.8680
vn -0.2074 0.4641 -0.8612
vn -0.1223 0.4393 -0.8900
vn -0.1719 -0.1915 -0.9663
vn -0.1932 -0.1302 -0.9725
vn -0.1453 -0.0205 -0.9892
vn -0.3262 0.1515 -0.9331
vn -0.1576 0.0656 -0.9853
vn -0.1584 0.9872 -0.0208
vn -0.0266 0.9921 -0.1226
vn -0.0164 0.9997 0.0207
vn -0.1882 0.8624 -0.4700
vn -0.1083 0.9432 -0.3140
vn 0.0422 0.9486 -0.3137
vn -0.2091 0.8266 -0.5225
vn -0.0757 0.8140 -0.5759
vn -0.0764 0.8774 -0.4737
vn -0.0078 -0.6833 -0.7301
vn -0.0899 -0.6670 -0.7397
vn 0.0560 -0.8000 -0.5974
vn -0.1072 0.6931 -0.7129
vn -0.1734 0.7289 -0.6623
vn -0.1452 0.7191 -0.6796
vn 0.0179 0.6800 -0.7330
vn -0.1633 -0.5085 -0.8454
vn -0.1949 -0.5970 -0.7782
vn -0.0152 -0.5549 -0.8318
vn -0.0018 -0.4174 -0.9087
vn -0.1222 0.4442 -0.8876
vn -0.0086 0.4376 -0.8991
vn -0.2228 0.4834 -0.8466
vn -0.0746 0.5229 -0.8492
vn 0.0746 0.4395 -0.8952
vn 0.0134 -0.2229 -0.9748
vn 0.0189 -0.0569 -0.9982
vn -0.0191 -0.1232 -0.9922
vn -0.1656 0.1646 -0.9724
vn -0.0197 0.1290 -0.9914
vn 0.0118 0.0878 -0.9961
vn -0.1597 0.3107 -0.9370
vn -0.0069 0.3661 -0.9305
vn 0.0403 0.2199 -0.9747
vn 0.4783 -0.8705 0.1156
vn 0.5597 -0.8187 0.1284
vn 0.5394 -0.8418 0.0200
vn 0.3880 -0.8918 0.2328
vn 0.4324 -0.9011 -0.0341
vn -0.0632 -0.9829 0.1732
vn 0.5668 -0.1570 0.8088
vn 0.0228 -0.1691 0.9853
vn -0.2598 -0.3907 0.8831
vn 0.6057 -0.7956 -0.0132
vn 0.7342 -0.3495 0.5820
vn 0.3464 -0.1199 0.9304
vn 0.4618 -0.8090 0.3636
vn -0.1180 -0.9820 -0.1474
vn -0.5469 0.0319 0.8366
vn -0.3651 -0.2265 0.9030
vn 0.0049 -0.9090 0.4167
vn -0.7637 -0.6401 0.0842
vn -0.9415 -0.3141 0.1218
vn 0.1696 -0.6621 0.7300
vn -0.8384 -0.3544 0.4142
vn 0.9836 0.1683 0.0647
vn -0.3438 -0.8897 0.3003
vn -0.8675 -0.4732 0.1536
vn 0.5029 0.2667 -0.8222
vn 0.7149 0.0047 -0.6992
vn 0.3627 0.3234 -0.8740
vn 0.8661 0.2073 -0.4549
vn 0.6259 0.3811 -0.6804
vn 0.4336 0.3999 -0.8075
vn 0.3001 -0.9537 0.0207
vn 0.6796 -0.6037 0.4166
vn 0.9601 -0.0925 -0.2638
vn 0.6737 0.4929 -0.5505
vn 0.9988 -0.0449 0.0197
vn 0.7681 -0.3196 0.5549
vn 0.8530 -0.4752 0.2158
vn 0.8521 -0.1719 0.4943
vn 0.2993 -0.2836 0.9110
vn 0.3343 -0.1155 0.9354
vn 0.1518 0.1347 0.9792
vn 0.2108 -0.0796 0.9743
vn 0.2863 -0.3432 0.8946
vn 0.6373 -0.1315 0.7593
vn 0.6727 -0.2645 0.6910
vn 0.1162 0.4514 0.8847
vn -0.1230 0.3436 0.9310
vn 0.2134 0.5485 0.8085
vn 0.1994 0.4445 0.8733
vn 0.2488 0.4919 0.8344
vn -0.1520 -0.2097 0.9659
vn -0.0208 -0.1672 0.9857
vn 0.3780 -0.1971 0.9046
vn 0.0238 -0.1114 0.9935
vn -0.1856 -0.0081 0.9826
vn 0.0492 -0.0395 0.9980
vn 0.2653 0.0489 0.9629
vn -0.0368 -0.3651 0.9302
vn 0.2181 -0.2198 0.9509
vn 0.4192 -0.3086 0.8538
vn 0.4686 -0.4758 0.7444
vn 0.4524 -0.0246 0.8915
vn 0.3072 0.2009 0.9302
vn 0.1096 0.6173 0.7791
vn 0.1192 -0.0066 0.9928
vn 0.2716 -0.3781 0.8850
vn 0.3306 -0.4241 0.8431
vn 0.2168 0.2098 0.9534
vn 0.1387 0.5275 0.8382
vn 0.1315 0.5669 0.8132
vn 0.2014 0.6794 0.7056
vn 0.1544 0.7731 0.6152
vn 0.3151 0.6769 0.6652
vn 0.0410 0.8154 0.5774
vn 0.0939 0.8272 0.5539
vn 0.2063 0.7147 0.6683
vn 0.2346 0.8060 0.5434
vn 0.0206 0.9356 0.3524
vn 0.1447 0.9064 0.3968
vn 0.1579 0.9649 0.2099
vn 0.0611 0.9870 0.1483
vn 0.4134 0.5379 0.7347
vn 0.6242 0.1419 0.7683
vn 0.6753 0.3843 0.6295
vn 0.2377 -0.2628 0.9351
vn 0.3237 0.2307 0.9176
vn 0.3827 0.5229 0.7616
vn 0.3261 0.2793 0.9031
vn 0.3001 -0.3262 0.8964
vn 0.2747 0.6730 0.6867
vn 0.4204 -0.7179 0.5549
vn 0.2549 -0.9249 0.2820
vn 0.2661 0.5573 0.7865
vn 0.3969 -0.4049 0.8238
vn 0.5622 0.2509 0.7880
vn 0.0834 -0.8920 0.4442
vn 0.4176 -0.5068 0.7542
vn 0.2231 0.6311 0.7429
vn 0.3765 0.6207 0.6877
vn 0.5601 -0.7467 0.3587
vn 0.8930 0.1543 0.4227
vn 0.7441 -0.0481 0.6664
vn 0.8840 0.1075 0.4550
vn 0.5102 -0.4312 0.7442
vn 0.8214 0.1877 0.5386
vn 0.7420 -0.2512 0.6215
vn 0.4772 -0.3667 0.7986
vn 0.4036 -0.5901 0.6992
vn 0.2207 0.5676 0.7932
vn 0.3800 0.4653 0.7995
vn 0.3818 0.5159 0.7668
vn 0.3240 0.6498 0.6876
vn 0.3844 0.7176 0.5808
vn 0.3506 0.7511 0.5595
vn 0.4020 0.8469 0.3481
vn 0.2561 0.8953 0.3644
vn 0.3992 0.8997 0.1767
vn 0.2978 0.9531 0.0534
vn 0.4523 0.8918 0.0125
vn 0.5619 -0.2790 0.7787
vn 0.8495 0.1871 0.4933
vn 0.6460 0.3454 0.6807
vn 0.7864 -0.2771 0.5520
vn 0.8338 0.0587 0.5490
vn 0.5824 -0.5420 0.6059
vn 0.3576 -0.5810 0.7312
vn 0.4256 -0.7257 0.5406
vn 0.5300 -0.6764 0.5114
vn -0.1414 0.7712 0.6207
vn -0.7325 0.5655 0.3791
vn 0.4195 -0.0101 0.9077
vn 0.2200 0.5186 0.8262
vn 0.6333 0.3150 0.7069
vn 0.6851 0.2367 0.6889
vn 0.5862 -0.1692 0.7923
vn 0.0778 0.4842 0.8715
vn 0.2572 0.1474 0.9550
vn 0.4550 -0.2164 0.8638
vn 0.0638 -0.1233 0.9903
vn 0.5773 -0.3016 0.7588
vn 0.6778 0.3914 0.6225
vn -0.0201 -0.6811 0.7319
vn 0.7054 0.0001 0.7088
vn 0.7658 0.2343 0.5989
vn 0.4866 0.4657 0.7391
vn 0.5158 0.5326 0.6710
vn 0.5190 0.5246 0.6749
vn 0.7322 0.3264 0.5977
vn 0.6371 0.4398 0.6330
vn 0.5058 0.5078 0.6973
vn 0.3220 -0.6889 0.6494
vn 0.9982 0.0285 0.0519
vn 0.9973 0.0721 0.0166
vn 0.8883 -0.2631 0.3763
vn 0.9787 0.1302 -0.1588
vn 0.9976 0.0120 0.0689
vn 0.8723 -0.0862 0.4813
vn 0.7044 -0.4854 0.5179
vn 0.9035 0.2258 0.3643
vn 0.9375 -0.2252 0.2653
vn 0.7015 -0.5375 0.4680
vn 0.5850 -0.6071 0.5378
vn 0.5345 0.6295 0.5639
vn 0.6264 0.6503 0.4298
vn 0.6283 0.4497 0.6348
vn 0.6404 0.5869 0.4954
vn 0.7241 0.4241 0.5438
vn 0.4631 0.7112 0.5289
vn 0.9518 -0.1061 -0.2879
vn 0.9857 -0.1629 -0.0432
vn 0.7710 -0.5461 0.3276
vn 0.6105 -0.6247 0.4868
vn 0.5090 0.7500 0.4223
vn 0.5186 0.8323 0.1958
vn 0.5255 0.8031 0.2808
vn 0.7616 0.5378 0.3617
vn 0.8821 -0.4701 -0.0310
vn 0.6853 -0.5664 0.4578
vn 0.6916 -0.6629 0.2868
vn 0.6200 -0.7105 0.3327
vn 0.7792 -0.4177 0.4673
vn 0.5341 -0.0590 0.8434
vn 0.5680 0.8184 0.0878
vn 0.6527 0.7462 0.1307
vn 0.4837 -0.7640 0.4271
vn 0.7871 0.0110 0.6168
vn 0.8759 -0.1810 0.4473
vn 0.4905 0.0588 0.8695
vn 0.7686 0.0591 0.6369
vn 0.7581 0.1480 0.6351
vn 0.6232 -0.6303 0.4630
vn 0.7180 -0.4992 0.4850
vn 0.8944 0.0669 0.4423
vn 0.8366 -0.3574 0.4151
vn 0.9258 0.1136 0.3606
vn 0.9419 0.0884 0.3242
vn 0.8537 0.1417 0.5011
vn 0.8691 0.0941 0.4857
vn 0.9315 0.1439 0.3341
vn 0.9537 0.1753 0.2442
vn 0.8415 0.2583 0.4745
vn 0.8472 0.1502 0.5096
vn 0.9480 0.0668 0.3113
vn 0.9318 0.2004 0.3025
vn 0.7904 0.3429 0.5077
vn 0.5467 -0.6287 0.5530
vn 0.6155 -0.6102 0.4988
vn 0.6882 -0.6444 0.3334
vn 0.8213 -0.4537 0.3458
vn 0.7275 -0.5333 0.4316
vn 0.8342 -0.4526 0.3151
vn 0.8701 -0.3711 0.3244
vn 0.8792 -0.1333 0.4574
vn 0.9420 0.2734 0.1946
vn 0.9815 0.0097 0.1911
vn 0.9514 0.2602 0.1649
vn 0.8684 0.3207 0.3782
vn 0.9254 0.3020 0.2289
vn 0.9719 0.0973 0.2143
vn 0.7289 0.6450 0.2295
vn 0.7684 0.5131 0.3824
vn 0.8165 0.5217 0.2473
vn 0.7249 -0.6731 0.1466
vn 0.8070 -0.5747 0.1358
vn 0.9036 -0.3872 0.1833
vn 0.9585 0.1411 0.2478
vn 0.9184 0.3159 0.2382
vn 0.9786 0.1462 0.1446
vn 0.9613 0.2422 0.1313
vn 0.9776 0.0677 0.1991
vn 0.9674 0.2358 0.0927
vn 0.7928 0.6068 0.0566
vn 0.9211 0.3817 0.0765
vn 0.9381 0.2519 0.2377
vn 0.9209 0.2144 0.3255
vn 0.9883 -0.0335 0.1485
vn 0.9661 0.1017 0.2374
vn 0.8484 -0.5007 0.1719
vn 0.8827 -0.4641 0.0745
vn 0.9346 -0.3537 -0.0376
vn 0.9382 0.3025 0.1683
vn 0.9920 -0.1258 0.0059
vn 0.9324 0.2771 0.2321
vn 0.9671 0.1840 0.1755
vn 0.9641 0.2402 0.1132
vn 0.0845 -0.3733 -0.9239
vn 0.3429 -0.3941 -0.8527
vn 0.1947 -0.5726 -0.7964
vn 0.1630 -0.8613 -0.4813
vn 0.3978 -0.6958 -0.5981
vn 0.1815 -0.8743 -0.4502
vn 0.3096 -0.8240 -0.4745
vn 0.4306 -0.5306 -0.7301
vn 0.5962 -0.1680 -0.7851
vn 0.2233 -0.7376 -0.6372
vn 0.5773 -0.3734 -0.7262
vn 0.5031 -0.7689 -0.3946
vn 0.4350 -0.8492 -0.2994
vn 0.4036 -0.8082 -0.4289
vn -0.0228 -0.8755 -0.4827
vn -0.2101 -0.1427 -0.9672
vn 0.4589 -0.3447 -0.8189
vn 0.5481 -0.3738 -0.7482
vn -0.0143 -0.0565 -0.9983
vn 0.0872 -0.8209 -0.5643
vn 0.2977 -0.8571 -0.4204
vn -0.4569 -0.5755 -0.6783
vn -0.6770 -0.1936 -0.7101
vn -0.6828 -0.1224 -0.7203
vn -0.0064 -0.3325 -0.9431
vn 0.5104 -0.2661 -0.8177
vn 0.9186 -0.1061 0.3806
vn 0.8675 -0.0943 -0.4884
vn 0.1285 -0.0981 -0.9869
vn 0.9867 -0.0384 0.1582
vn 0.8141 -0.0282 -0.5800
vn 0.1412 0.9894 -0.0330
vn 0.1465 0.9645 -0.2195
vn 0.2279 0.9095 -0.3476
vn 0.0855 0.8890 -0.4498
vn 0.1221 -0.7237 -0.6792
vn 0.2223 -0.7861 -0.5767
vn 0.2784 -0.7640 -0.5821
vn 0.2458 -0.7135 -0.6561
vn 0.0378 0.7535 -0.6563
vn 0.1975 0.8407 -0.5042
vn 0.1696 0.7001 -0.6936
vn 0.0137 -0.6734 -0.7391
vn 0.1505 -0.6393 -0.7541
vn 0.1615 -0.5007 -0.8504
vn 0.2586 0.5653 -0.7833
vn 0.2899 0.3541 -0.8891
vn 0.1104 0.4875 -0.8661
vn 0.1753 0.6231 -0.7622
vn 0.1708 0.5528 -0.8156
vn 0.1549 -0.2477 -0.9564
vn 0.1770 -0.1018 -0.9789
vn 0.1990 -0.0008 -0.9800
vn 0.1045 0.0547 -0.9930
vn 0.1745 0.2198 -0.9598
vn 0.1318 0.3580 -0.9244
vn 0.2534 0.9592 -0.1253
vn 0.3633 0.9293 -0.0660
vn 0.4042 0.8978 -0.1749
vn 0.3006 0.9198 -0.2522
vn 0.4513 0.8296 -0.3289
vn 0.3683 -0.7491 -0.5506
vn 0.3672 0.8238 -0.4319
vn 0.4367 -0.6333 -0.6389
vn 0.3670 -0.5525 -0.7484
vn 0.3784 0.5366 -0.7543
vn 0.3249 0.7835 -0.5297
vn 0.3060 0.6984 -0.6470
vn 0.3320 -0.5614 -0.7580
vn 0.4511 -0.5711 -0.6859
vn 0.3403 -0.4550 -0.8229
vn 0.3345 -0.2752 -0.9013
vn 0.4547 -0.4729 -0.7548
vn 0.4917 -0.2436 -0.8360
vn 0.3395 -0.1469 -0.9291
vn 0.4961 -0.0993 -0.8625
vn 0.3065 0.3562 -0.8827
vn 0.4096 0.3807 -0.8290
vn 0.4672 0.2191 -0.8566
vn 0.2649 0.4416 -0.8572
vn 0.3515 0.5886 -0.7280
vn 0.3866 0.3774 -0.8415
vn 0.4002 0.3840 -0.8321
vn 0.3170 0.5491 -0.7733
vn 0.3586 -0.0114 -0.9334
vn 0.3282 0.1438 -0.9336
vn 0.6451 0.7630 -0.0407
vn 0.6944 0.7196 -0.0004
vn 0.5061 0.8602 -0.0625
vn 0.5858 -0.6723 -0.4526
vn 0.6815 -0.6765 -0.2790
vn 0.6130 0.7645 -0.1995
vn 0.6639 0.7123 -0.2278
vn 0.5382 -0.6567 -0.5284
vn 0.5820 -0.7249 -0.3686
vn 0.6416 -0.6226 -0.4480
vn 0.6312 0.6208 -0.4650
vn 0.4581 0.7024 -0.5449
vn 0.5908 0.7127 -0.3782
vn 0.5485 -0.5463 -0.6330
vn 0.5506 -0.5432 -0.6339
vn 0.5401 -0.5382 -0.6470
vn 0.6254 -0.2822 -0.7275
vn 0.6694 -0.4554 -0.5870
vn 0.6344 -0.2298 -0.7380
vn 0.6332 0.1098 -0.7662
vn 0.6023 0.3088 -0.7361
vn 0.5431 0.4253 -0.7240
vn 0.6335 0.3045 -0.7113
vn 0.5596 0.5942 -0.5777
vn 0.4499 0.5687 -0.6886
vn 0.5396 0.5647 -0.6245
vn 0.4574 0.5544 -0.6952
vn 0.5659 0.5512 -0.6131
vn 0.6004 0.5078 -0.6178
vn 0.6372 0.0062 -0.7707
vn 0.6292 -0.2239 -0.7443
vn 0.4856 0.0696 -0.8714
vn 0.6147 0.0826 -0.7844
vn 0.5803 0.2891 -0.7614
vn 0.8559 -0.5169 0.0161
vn 0.9893 -0.1224 -0.0796
vn 0.7838 -0.2266 -0.5781
vn 0.7534 -0.6462 -0.1218
vn 0.7843 -0.6133 -0.0936
vn 0.8103 -0.5854 0.0264
vn 0.8435 -0.5122 -0.1620
vn 0.8881 0.4594 -0.0122
vn 0.9181 0.3824 -0.1038
vn 0.7496 0.6524 -0.1120
vn 0.8572 0.4972 -0.1341
vn 0.6914 -0.6991 -0.1822
vn 0.7335 -0.5837 -0.3482
vn 0.8037 -0.5515 -0.2232
vn 0.7973 -0.5393 -0.2711
vn 0.8128 -0.3895 -0.4332
vn 0.8331 -0.4471 -0.3256
vn 0.9071 0.3596 -0.2188
vn 0.7201 0.6477 -0.2487
vn 0.7218 0.5919 -0.3586
vn 0.8253 0.5100 -0.2426
vn 0.6414 -0.5418 -0.5431
vn 0.7634 -0.4851 -0.4265
vn 0.7344 -0.3972 -0.5503
vn 0.7915 -0.2567 -0.5547
vn 0.8485 -0.2156 -0.4834
vn 0.8121 -0.1653 -0.5596
vn 0.8148 -0.0951 -0.5718
vn 0.8232 0.0526 -0.5652
vn 0.9065 0.0303 -0.4212
vn 0.9128 0.0384 -0.4066
vn 0.7875 0.2723 -0.5528
vn 0.8722 0.2980 -0.3878
vn 0.9062 0.1086 -0.4088
vn 0.6863 0.5205 -0.5080
vn 0.7331 0.4341 -0.5237
vn 0.8656 0.3604 -0.3478
vn 0.8749 0.2995 -0.3805
vn 0.7392 -0.2447 -0.6274
vn 0.7654 -0.1184 -0.6325
vn 0.7150 0.1454 -0.6838
vn 0.7448 0.0044 -0.6673
vn 0.6685 0.3185 -0.6721
vn 0.6299 0.3952 -0.6686
vn 0.9041 -0.4238 0.0545
vn 0.8736 -0.4745 -0.1079
vn 0.9177 -0.3563 -0.1757
vn 0.9883 0.1237 0.0889
vn 0.9691 -0.1784 -0.1704
vn 0.9912 0.0669 -0.1146
vn 0.9780 0.2054 -0.0355
vn 0.9527 0.2703 0.1390
vn 0.9450 0.3271 -0.0047
vn 0.9543 0.2985 -0.0144
vn 0.9757 0.2185 -0.0170
vn 0.9124 -0.1773 -0.3689
vn 0.9376 -0.1943 -0.2883
vn 0.9135 -0.1519 -0.3774
vn 0.9532 0.1212 -0.2770
vn 0.9371 0.1330 -0.3227
vn 0.9601 0.1076 -0.2580
vn 0.8985 0.3800 -0.2198
vn 0.9282 0.2993 -0.2210
vn 0.9474 0.2828 -0.1499
vn 0.8414 -0.1709 -0.5127
vn 0.8580 -0.0950 -0.5048
vt 0.362731 0.202866
vt 0.373242 0.216613
vt 0.366878 0.208008
vt 0.308238 0.208290
vt 0.326544 0.228487
vt 0.313752 0.207827
vt 0.311706 0.185693
vt 0.304133 0.197638
vt 0.341200 0.178019
vt 0.338973 0.181895
vt 0.340087 0.193365
vt 0.331516 0.173685
vt 0.256555 0.187408
vt 0.260299 0.203607
vt 0.249941 0.196509
vt 0.300014 0.188263
vt 0.257942 0.181025
vt 0.265641 0.206522
vt 0.301465 0.174978
vt 0.257993 0.166217
vt 0.266509 0.175062
vt 0.282134 0.158311
vt 0.305671 0.174193
vt 0.297378 0.176473
vt 0.306576 0.178366
vt 0.382474 0.215030
vt 0.396699 0.174957
vt 0.421518 0.199428
vt 0.393729 0.223481
vt 0.378066 0.196195
vt 0.335111 0.154067
vt 0.337737 0.141049
vt 0.346060 0.156586
vt 0.358942 0.181984
vt 0.354711 0.197359
vt 0.360087 0.165555
vt 0.383931 0.157640
vt 0.289104 0.442696
vt 0.289217 0.432342
vt 0.311115 0.449630
vt 0.288052 0.466108
vt 0.257183 0.424193
vt 0.270916 0.409323
vt 0.262138 0.367563
vt 0.239153 0.380885
vt 0.271361 0.472692
vt 0.271272 0.442406
vt 0.233151 0.471140
vt 0.241633 0.502452
vt 0.267355 0.512078
vt 0.311441 0.539860
vt 0.277985 0.559114
vt 0.366686 0.456795
vt 0.378924 0.472893
vt 0.341909 0.468016
vt 0.368835 0.483645
vt 0.366310 0.448115
vt 0.386515 0.452984
vt 0.374058 0.426991
vt 0.387552 0.440421
vt 0.364819 0.540250
vt 0.383497 0.554467
vt 0.367729 0.571756
vt 0.325829 0.425761
vt 0.342580 0.402889
vt 0.364956 0.397583
vt 0.357680 0.364187
vt 0.322743 0.380304
vt 0.328981 0.441953
vt 0.340072 0.494294
vt 0.316712 0.500969
vt 0.338715 0.521678
vt 0.344876 0.554330
vt 0.365414 0.512793
vt 0.323886 0.565491
vt 0.342515 0.585643
vt 0.315520 0.591387
vt 0.345552 0.612178
vt 0.332379 0.608800
vt 0.342255 0.650963
vt 0.315942 0.628430
vt 0.366168 0.627691
vt 0.288942 0.363474
vt 0.285249 0.336428
vt 0.306848 0.359131
vt 0.308077 0.325374
vt 0.313218 0.406365
vt 0.291349 0.405019
vt 0.329783 0.307246
vt 0.316233 0.523411
vt 0.283352 0.617368
vt 0.275488 0.662425
vt 0.316414 0.659820
vt 0.347454 0.677329
vt 0.311398 0.682927
vt 0.339919 0.699303
vt 0.300523 0.721115
vt 0.312950 0.258045
vt 0.289149 0.305225
vt 0.254549 0.284597
vt 0.230842 0.590391
vt 0.238646 0.647094
vt 0.245429 0.664436
vt 0.291498 0.676656
vt 0.259150 0.689252
vt 0.263097 0.713708
vt 0.261847 0.733831
vt 0.248836 0.745649
vt 0.256618 0.745653
vt 0.312815 0.761723
vt 0.287847 0.768158
vt 0.244106 0.764063
vt 0.269516 0.782437
vt 0.411783 0.584002
vt 0.413360 0.570683
vt 0.421590 0.578297
vt 0.397659 0.299211
vt 0.382511 0.298716
vt 0.391104 0.260949
vt 0.399740 0.261542
vt 0.377386 0.306679
vt 0.394190 0.312978
vt 0.409768 0.299814
vt 0.410527 0.316008
vt 0.399632 0.336895
vt 0.388734 0.401112
vt 0.409677 0.406745
vt 0.420870 0.368460
vt 0.391743 0.502649
vt 0.402023 0.480528
vt 0.408286 0.448383
vt 0.419888 0.419818
vt 0.413018 0.477064
vt 0.422905 0.471313
vt 0.388823 0.530192
vt 0.384845 0.525809
vt 0.395284 0.556633
vt 0.402390 0.571608
vt 0.394535 0.550034
vt 0.406114 0.565528
vt 0.387071 0.607761
vt 0.388952 0.630296
vt 0.394755 0.655468
vt 0.368918 0.673530
vt 0.390840 0.678933
vt 0.411102 0.633807
vt 0.377288 0.291530
vt 0.378221 0.276698
vt 0.352463 0.283294
vt 0.342743 0.247461
vt 0.376272 0.264088
vt 0.365352 0.308544
vt 0.366721 0.334333
vt 0.341208 0.294519
vt 0.376677 0.322273
vt 0.392482 0.350514
vt 0.365087 0.701517
vt 0.391280 0.703795
vt 0.337532 0.749267
vt 0.365389 0.724651
vt 0.399448 0.755018
vt 0.372965 0.785767
vt 0.322704 0.240502
vt 0.304453 0.212560
vt 0.312164 0.272812
vt 0.328606 0.805531
vt 0.250556 0.258848
vt 0.268998 0.241892
vt 0.245676 0.230856
vt 0.256749 0.229782
vt 0.275328 0.207507
vt 0.254013 0.847417
vt 0.236523 0.805940
vt 0.293080 0.822304
vt 0.434222 0.334701
vt 0.458565 0.357642
vt 0.442665 0.353989
vt 0.430679 0.361147
vt 0.453898 0.428679
vt 0.444359 0.392450
vt 0.437911 0.454494
vt 0.458100 0.476397
vt 0.434509 0.576449
vt 0.422714 0.588006
vt 0.446450 0.610691
vt 0.445317 0.589056
vt 0.470266 0.596959
vt 0.469043 0.611130
vt 0.451982 0.572563
vt 0.464342 0.551678
vt 0.445995 0.573358
vt 0.441412 0.639359
vt 0.470679 0.636386
vt 0.420313 0.311881
vt 0.418948 0.337696
vt 0.420420 0.357286
vt 0.448294 0.374925
vt 0.422848 0.579839
vt 0.424186 0.680223
vt 0.442245 0.683589
vt 0.419073 0.708392
vt 0.443682 0.732732
vt 0.417318 0.767123
vt 0.452318 0.783629
vt 0.371912 0.848993
vt 0.413493 0.820665
vt 0.397994 0.939095
vt 0.313824 0.875536
vt 0.406178 0.880670
vt 0.241249 0.907351
vt 0.476439 0.356138
vt 0.471197 0.368355
vt 0.463809 0.378209
vt 0.468507 0.402001
vt 0.471249 0.377759
vt 0.472382 0.426601
vt 0.467555 0.498823
vt 0.471660 0.468299
vt 0.485987 0.440067
vt 0.483461 0.496642
vt 0.469078 0.563646
vt 0.467587 0.539611
vt 0.472289 0.522711
vt 0.498683 0.577453
vt 0.493030 0.612442
vt 0.501560 0.547637
vt 0.505054 0.588993
vt 0.495594 0.652672
vt 0.472709 0.701760
vt 0.467985 0.739517
vt 0.500232 0.702904
vt 0.509289 0.735965
vt 0.487818 0.798532
vt 0.512790 0.762132
vt 0.478772 0.861596
vt 0.446619 0.823961
vt 0.504976 0.832166
vt 0.463340 0.885522
vt 0.382132 0.982430
vt 0.253473 0.212974
vt 0.233884 0.219409
vt 0.212621 0.214017
vt 0.225187 0.239058
vt 0.203627 0.232206
vt 0.201260 0.204768
vt 0.197053 0.198995
vt 0.199975 0.178955
vt 0.216682 0.178575
vt 0.208321 0.146086
vt 0.219860 0.144283
vt 0.212593 0.162072
vt 0.211347 0.166649
vt 0.219046 0.170596
vt 0.168793 0.149571
vt 0.197526 0.224211
vt 0.199388 0.196582
vt 0.148648 0.199443
vt 0.187518 0.201910
vt 0.244236 0.141901
vt 0.234466 0.147003
vt 0.193368 0.124505
vt 0.168679 0.126769
vt 0.151104 0.156361
vt 0.122329 0.134145
vt 0.123496 0.202796
vt 0.083224 0.164592
vt 0.104045 0.142735
vt 0.068191 0.126570
vt 0.076631 0.114647
vt 0.003993 0.108776
vt 0.058039 0.208143
vt 0.047953 0.161020
vt 0.091879 0.208837
vt 0.016818 0.217246
vt 0.001402 0.126158
vt 0.998596 0.168305
vt 1.047953 0.161020
vt 1.016818 0.217246
vt 0.218314 0.434140
vt 0.241203 0.451811
vt 0.219800 0.474763
vt 0.235956 0.556344
vt 0.214896 0.539837
vt 0.214142 0.513780
vt 0.212349 0.565315
vt 0.193059 0.427277
vt 0.217917 0.411343
vt 0.195447 0.478642
vt 0.215299 0.599530
vt 0.189093 0.540122
vt 0.188583 0.611606
vt 0.208809 0.639228
vt 0.168343 0.434841
vt 0.167172 0.472718
vt 0.191133 0.503288
vt 0.167731 0.520666
vt 0.226361 0.291775
vt 0.211583 0.262430
vt 0.232225 0.265786
vt 0.237849 0.335413
vt 0.213078 0.319014
vt 0.211945 0.363778
vt 0.261014 0.331189
vt 0.224894 0.649286
vt 0.244018 0.697474
vt 0.189254 0.312803
vt 0.194006 0.362345
vt 0.165082 0.294163
vt 0.164244 0.319885
vt 0.187058 0.647608
vt 0.202782 0.663577
vt 0.166757 0.346188
vt 0.166438 0.368761
vt 0.142224 0.369740
vt 0.134029 0.327152
vt 0.179885 0.409867
vt 0.164896 0.389594
vt 0.140347 0.412141
vt 0.150355 0.438407
vt 0.141370 0.459814
vt 0.148931 0.498462
vt 0.142582 0.575207
vt 0.165878 0.562175
vt 0.152095 0.596014
vt 0.141654 0.656363
vt 0.165431 0.641214
vt 0.173602 0.663542
vt 0.140814 0.621674
vt 0.145557 0.686692
vt 0.168041 0.677198
vt 0.161779 0.712906
vt 0.112566 0.395739
vt 0.122758 0.419601
vt 0.119588 0.448120
vt 0.140189 0.498732
vt 0.143041 0.519327
vt 0.126670 0.533193
vt 0.143396 0.539897
vt 0.125333 0.495230
vt 0.119669 0.610404
vt 0.191422 0.232587
vt 0.227065 0.779282
vt 0.204235 0.815443
vt 0.194843 0.867634
vt 0.151837 0.860441
vt 0.185473 0.268720
vt 0.158353 0.255441
vt 0.119618 0.232060
vt 0.177271 0.752231
vt 0.163478 0.733605
vt 0.171972 0.759952
vt 0.177549 0.808033
vt 0.155280 0.785888
vt 0.111587 0.253087
vt 0.111252 0.295311
vt 0.137184 0.730916
vt 0.122826 0.767968
vt 0.095769 0.731639
vt 0.115186 0.735806
vt 0.101607 0.801969
vt 0.109120 0.365625
vt 0.099796 0.343334
vt 0.081176 0.329327
vt 0.089212 0.374509
vt 0.097665 0.298183
vt 0.090782 0.417481
vt 0.119258 0.573386
vt 0.092477 0.532954
vt 0.097136 0.604042
vt 0.093105 0.574836
vt 0.116002 0.651353
vt 0.093080 0.629414
vt 0.093882 0.652626
vt 0.125313 0.706711
vt 0.093519 0.686565
vt 0.073080 0.417077
vt 0.072501 0.377574
vt 0.064118 0.400135
vt 0.078463 0.439294
vt 0.093805 0.467914
vt 0.116996 0.479579
vt 0.073138 0.459197
vt 0.071552 0.492980
vt 0.094353 0.496408
vt 0.061384 0.521531
vt 0.072476 0.596122
vt 0.071198 0.574413
vt 0.071834 0.617108
vt 0.073438 0.659790
vt 0.182162 0.904294
vt 0.126501 0.818745
vt 0.097835 0.859134
vt 0.123048 0.904809
vt 0.077382 0.767756
vt 0.080382 0.834171
vt 0.051984 0.811899
vt 0.073503 0.298469
vt 0.058473 0.264282
vt 0.043803 0.234643
vt 0.087565 0.711628
vt 0.060173 0.721748
vt 0.065462 0.684778
vt 0.042986 0.685134
vt 0.035543 0.746616
vt 0.036840 0.769061
vt 0.048552 0.350509
vt 0.044139 0.391291
vt 0.052043 0.435203
vt 0.046172 0.537046
vt 0.074691 0.538932
vt 0.047285 0.570196
vt 0.047418 0.641984
vt 0.050413 0.607475
vt 0.047522 0.664534
vt 0.020392 0.663611
vt 0.024753 0.640423
vt 0.024964 0.462261
vt 0.049186 0.470930
vt 0.026147 0.519034
vt 0.045211 0.500328
vt 0.023995 0.498094
vt 0.026067 0.572796
vt 0.026845 0.537447
vt 0.125830 0.930233
vt 1.125830 0.930233
vt 1.382132 0.982430
vt 0.997912 0.984349
vt 0.048414 0.891362
vt 0.058652 0.860346
vt 0.059780 0.932675
vt 1.048414 0.891362
vt 1.059780 0.932675
vt 0.989950 0.893812
vt 0.020869 0.849084
vt 0.006742 0.803796
vt 0.045804 0.299542
vt 0.038007 0.263257
vt 0.013400 0.314229
vt 0.993306 0.243597
vt 1.043803 0.234643
vt 1.038007 0.263257
vt 0.026378 0.724783
vt 1.026378 0.724783
vt 1.035543 0.746616
vt 0.988598 0.754964
vt 0.027669 0.352794
vt 0.051844 0.328215
vt 0.022224 0.383537
vt 0.992074 0.329401
vt 1.013399 0.314229
vt 1.027669 0.352794
vt 0.022681 0.422072
vt 1.022224 0.383537
vt 0.998392 0.372242
vt 0.000773 0.633729
vt 1.000773 0.633729
vt 0.998508 0.595197
vt 1.024752 0.640423
vt 0.016740 0.692266
vt 0.996820 0.704796
vt 1.016740 0.692266
vt 0.997695 0.479796
vt 1.024964 0.462261
vt 1.023995 0.498094
vt 1.021372 0.445945
vt 1.002806 0.457774
vt 0.999209 0.439471
vt 0.003350 0.535098
vt 0.996229 0.559511
vt 1.026845 0.537447
vt 1.026067 0.572796
vt 1.003350 0.535098
vt 0.596192 0.191237
vt 0.583453 0.238319
vt 0.563168 0.201089
vt 0.662694 0.168691
vt 0.625450 0.162256
vt 0.659712 0.157211
vt 0.646716 0.179249
vt 0.607051 0.162828
vt 0.615800 0.202337
vt 0.656230 0.191312
vt 0.632464 0.198113
vt 0.660434 0.168371
vt 0.633258 0.205106
vt 0.620640 0.212965
vt 0.667076 0.175696
vt 0.657062 0.194143
vt 0.688115 0.204949
vt 0.692929 0.205561
vt 0.695589 0.197479
vt 0.745084 0.155422
vt 0.730292 0.150569
vt 0.757150 0.142242
vt 0.694849 0.175816
vt 0.690087 0.183865
vt 0.708617 0.166757
vt 0.733551 0.178439
vt 0.718427 0.159090
vt 0.734776 0.164234
vt 0.741632 0.170005
vt 0.741921 0.182403
vt 0.700001 0.186680
vt 0.735426 0.200287
vt 0.742953 0.189461
vt 0.741051 0.181177
vt 0.517950 0.354669
vt 0.533123 0.349565
vt 0.527654 0.366995
vt 0.528532 0.445722
vt 0.528604 0.393734
vt 0.536803 0.390493
vt 0.528556 0.377622
vt 0.537950 0.377767
vt 0.530115 0.488259
vt 0.504048 0.473644
vt 0.502084 0.512598
vt 0.525310 0.523065
vt 0.531641 0.555475
vt 0.531745 0.534053
vt 0.535262 0.551051
vt 0.533000 0.518255
vt 0.523682 0.576413
vt 0.548214 0.573051
vt 0.551071 0.583817
vt 0.530101 0.710613
vt 0.530033 0.648352
vt 0.554278 0.631145
vt 0.551473 0.748889
vt 0.556917 0.719694
vt 0.582939 0.786096
vt 0.523653 0.802710
vt 0.560366 0.810511
vt 0.535513 0.854660
vt 0.530280 0.906060
vt 0.589807 0.893578
vt 0.596181 0.824297
vt 0.621935 0.885879
vt 0.552189 0.379889
vt 0.574347 0.367825
vt 0.553692 0.427027
vt 0.555853 0.471966
vt 0.550225 0.483843
vt 0.541272 0.477915
vt 0.586483 0.434772
vt 0.575187 0.473899
vt 0.576214 0.467292
vt 0.538364 0.498830
vt 0.542802 0.564623
vt 0.564961 0.577984
vt 0.557579 0.599317
vt 0.578431 0.576554
vt 0.577889 0.578900
vt 0.529917 0.619441
vt 0.580662 0.621997
vt 0.595398 0.310394
vt 0.579676 0.326184
vt 0.596626 0.291491
vt 0.587058 0.352721
vt 0.568986 0.347046
vt 0.575507 0.386632
vt 0.589221 0.408313
vt 0.579797 0.655807
vt 0.611895 0.708712
vt 0.579387 0.728696
vt 0.579139 0.697588
vt 0.658930 0.851874
vt 0.604703 0.817634
vt 0.669195 0.797520
vt 0.656106 0.926408
vt 0.711827 0.879513
vt 0.739627 0.898177
vt 0.702301 0.815436
vt 0.588859 0.570758
vt 0.597682 0.568106
vt 0.581160 0.586070
vt 0.603738 0.280245
vt 0.618998 0.302335
vt 0.606600 0.307078
vt 0.610104 0.325996
vt 0.597041 0.363040
vt 0.609477 0.430904
vt 0.607430 0.403558
vt 0.596667 0.479527
vt 0.597200 0.485189
vt 0.606443 0.499265
vt 0.607700 0.451050
vt 0.626769 0.470839
vt 0.634231 0.494728
vt 0.619474 0.445574
vt 0.608887 0.506445
vt 0.608178 0.493802
vt 0.612453 0.544130
vt 0.611727 0.534353
vt 0.617077 0.523886
vt 0.603735 0.630119
vt 0.613940 0.607962
vt 0.608579 0.568870
vt 0.638441 0.541577
vt 0.599441 0.679230
vt 0.635381 0.659433
vt 0.636724 0.618268
vt 0.605409 0.231559
vt 0.609351 0.257652
vt 0.598971 0.253345
vt 0.618853 0.235212
vt 0.626618 0.296355
vt 0.624748 0.283853
vt 0.620451 0.281663
vt 0.626478 0.262469
vt 0.669199 0.243395
vt 0.648479 0.280218
vt 0.641782 0.341061
vt 0.632207 0.326044
vt 0.654967 0.300269
vt 0.627323 0.311477
vt 0.667036 0.311341
vt 0.603507 0.375508
vt 0.639662 0.366419
vt 0.644773 0.400942
vt 0.606853 0.749413
vt 0.637363 0.728133
vt 0.639166 0.683466
vt 0.656923 0.723920
vt 0.688282 0.220982
vt 0.679791 0.221453
vt 0.674204 0.250089
vt 0.657100 0.236471
vt 0.681940 0.259811
vt 0.704099 0.297434
vt 0.637728 0.761757
vt 0.698024 0.214721
vt 0.724195 0.195924
vt 0.735443 0.262596
vt 0.713873 0.275357
vt 0.740054 0.222489
vt 0.746710 0.241789
vt 0.742556 0.213720
vt 0.755107 0.233314
vt 0.692036 0.800012
vt 0.735859 0.778098
vt 0.783719 0.794749
vt 0.760334 0.870196
vt 0.754097 0.830383
vt 0.632486 0.453651
vt 0.633170 0.436697
vt 0.632081 0.565720
vt 0.632979 0.590992
vt 0.667926 0.392376
vt 0.673069 0.432977
vt 0.658087 0.471357
vt 0.646200 0.448333
vt 0.691244 0.463356
vt 0.683160 0.488768
vt 0.657444 0.502160
vt 0.656613 0.540244
vt 0.682987 0.518942
vt 0.661217 0.606777
vt 0.656459 0.571476
vt 0.676372 0.565299
vt 0.687807 0.552205
vt 0.661141 0.645559
vt 0.697077 0.338622
vt 0.677914 0.350599
vt 0.714149 0.329278
vt 0.689998 0.392394
vt 0.709039 0.393274
vt 0.713568 0.363749
vt 0.694156 0.435932
vt 0.719936 0.504090
vt 0.681271 0.616747
vt 0.716359 0.606515
vt 0.718442 0.571624
vt 0.687005 0.664644
vt 0.659036 0.676419
vt 0.708193 0.634431
vt 0.709088 0.676446
vt 0.713877 0.745861
vt 0.689913 0.751116
vt 0.671180 0.742530
vt 0.710919 0.707390
vt 0.688695 0.701706
vt 0.742457 0.293456
vt 0.735656 0.378605
vt 0.739792 0.341396
vt 0.734439 0.405280
vt 0.740970 0.587643
vt 0.727302 0.537071
vt 0.707736 0.543250
vt 0.749026 0.563224
vt 0.761073 0.605837
vt 0.731037 0.623308
vt 0.753696 0.738866
vt 0.711148 0.431618
vt 0.720934 0.478947
vt 0.712443 0.452624
vt 0.730986 0.442556
vt 0.735800 0.430082
vt 0.770719 0.417592
vt 0.737868 0.467175
vt 0.759752 0.444885
vt 0.755241 0.520654
vt 0.764803 0.539142
vt 0.946949 0.116213
vt 0.901155 0.105721
vt 0.959581 0.096293
vt 0.954413 0.133372
vt 1.001402 0.126158
vt 0.949182 0.186585
vt 0.835908 0.137869
vt 0.791464 0.163779
vt 0.792293 0.148945
vt 0.848640 0.154961
vt 0.848075 0.143384
vt 0.888597 0.137209
vt 0.855277 0.208582
vt 0.922241 0.211730
vt 0.885167 0.231465
vt 0.778343 0.142266
vt 0.772921 0.148456
vt 0.793351 0.178852
vt 0.788860 0.162395
vt 0.784568 0.180606
vt 0.780609 0.170647
vt 0.798686 0.192852
vt 0.799284 0.195653
vt 0.813528 0.201711
vt 0.802526 0.210367
vt 0.763161 0.222625
vt 0.799191 0.225449
vt 0.788790 0.212637
vt 0.800236 0.204453
vt 0.685503 0.971191
vt 0.819238 0.956138
vt 0.845914 0.910791
vt 1.020869 0.849084
vt 0.966890 0.841092
vt 1.006742 0.803796
vt 0.918952 0.851354
vt 0.942523 0.816210
vt 0.986671 0.789539
vt 0.972248 0.299997
vt 1.007375 0.276461
vt 0.959211 0.235892
vt 0.943796 0.276026
vt 0.950833 0.757276
vt 0.962763 0.732637
vt 0.973047 0.334371
vt 0.950702 0.305191
vt 0.999621 0.405902
vt 0.973404 0.380950
vt 0.952349 0.644971
vt 0.979385 0.600779
vt 0.979337 0.662991
vt 0.975751 0.704445
vt 0.953379 0.678448
vt 0.978814 0.437835
vt 0.974031 0.469874
vt 0.980448 0.517050
vt 0.998953 0.518102
vt 0.973555 0.551625
vt 0.867315 0.811109
vt 0.888546 0.854868
vt 0.830694 0.836234
vt 0.913813 0.271238
vt 0.908073 0.782629
vt 0.893400 0.804719
vt 0.897115 0.759681
vt 0.918055 0.318491
vt 0.926065 0.726538
vt 0.937787 0.704336
vt 0.929045 0.758052
vt 0.944476 0.350079
vt 0.952152 0.425974
vt 0.948987 0.395211
vt 0.952204 0.373363
vt 0.930155 0.396270
vt 0.926730 0.369919
vt 0.929712 0.435412
vt 0.953242 0.462902
vt 0.951717 0.501816
vt 0.927947 0.476998
vt 0.931417 0.520035
vt 0.953630 0.533460
vt 0.951422 0.598418
vt 0.926604 0.566036
vt 0.931010 0.600664
vt 0.907599 0.668747
vt 0.931608 0.642327
vt 0.925269 0.676255
vt 0.970504 0.500422
vt 0.796513 0.250230
vt 0.788361 0.233065
vt 0.765483 0.773284
vt 0.812063 0.797467
vt 0.814593 0.767656
vt 0.776395 0.884129
vt 0.797208 0.821037
vt 0.810467 0.232059
vt 0.851653 0.260889
vt 0.824770 0.283766
vt 0.855663 0.763511
vt 0.814122 0.739293
vt 0.883328 0.299711
vt 0.857414 0.315900
vt 0.901259 0.335064
vt 0.867283 0.346303
vt 0.834302 0.325504
vt 0.883986 0.732883
vt 0.858021 0.718905
vt 0.883293 0.707940
vt 0.901451 0.366689
vt 0.882618 0.393024
vt 0.905668 0.385088
vt 0.906054 0.416271
vt 0.878850 0.436054
vt 0.859873 0.386527
vt 0.883695 0.665979
vt 0.880597 0.643256
vt 0.901811 0.652040
vt 0.907925 0.701387
vt 0.881210 0.685434
vt 0.859170 0.683086
vt 0.909771 0.440973
vt 0.905505 0.462002
vt 0.904453 0.498734
vt 0.880486 0.478362
vt 0.882499 0.512945
vt 0.902945 0.519150
vt 0.905715 0.575383
vt 0.890980 0.593025
vt 0.904749 0.541440
vt 0.880517 0.561241
vt 0.929378 0.620399
vt 0.767337 0.269022
vt 0.773723 0.236959
vt 0.779061 0.325570
vt 0.761322 0.343176
vt 0.785147 0.370202
vt 0.754801 0.652350
vt 0.777840 0.637021
vt 0.787036 0.668965
vt 0.770952 0.696561
vt 0.742328 0.697448
vt 0.788852 0.742906
vt 0.786885 0.271459
vt 0.810554 0.289620
vt 0.807317 0.328300
vt 0.785688 0.710717
vt 0.810771 0.692463
vt 0.837955 0.712812
vt 0.810807 0.650949
vt 0.844276 0.373120
vt 0.813957 0.396715
vt 0.807995 0.361658
vt 0.831969 0.433847
vt 0.813282 0.434448
vt 0.858446 0.427505
vt 0.839739 0.460350
vt 0.835546 0.493390
vt 0.813529 0.479549
vt 0.830761 0.643332
vt 0.835730 0.621934
vt 0.857559 0.606274
vt 0.858461 0.648845
vt 0.806565 0.624892
vt 0.815133 0.609009
vt 0.857886 0.464823
vt 0.854537 0.502272
vt 0.853729 0.536508
vt 0.876722 0.601670
vt 0.829534 0.562573
vt 0.880601 0.622689
vt 0.759337 0.386039
vt 0.782715 0.393100
vt 0.787987 0.412474
vt 0.781365 0.438089
vt 0.787126 0.496882
vt 0.769529 0.495174
vt 0.784290 0.522891
vt 0.772006 0.586853
vt 0.788677 0.580599
vt 0.805894 0.453626
vt 0.812912 0.561694
vt 0.806990 0.532884
vt 0.810571 0.585754
vt 0.783833 0.605952
vt 0.379630 0.245937
vt 0.338506 0.169528
vt 0.270750 0.156571
vt 0.254856 0.725416
vt 0.399199 0.488075
vt 0.386530 0.543961
vt 0.318111 0.808126
vt 0.444238 0.475813
vt 0.461194 0.492740
vt 0.465690 0.513058
vt 0.122262 0.096902
vt 0.056726 0.092831
vt 0.226400 0.668139
vt 0.167828 0.605068
vt 0.199052 0.780361
vt 0.007375 0.276461
vt 1.036840 0.769061
vt 1.022681 0.422072
vt 0.021372 0.445945
vt 0.002806 0.457774
vt 1.026147 0.519034
vt 0.633173 0.145280
vt 0.668521 0.144824
vt 0.627660 0.220795
vt 0.637116 0.198661
vt 0.750550 0.201727
vt 0.552057 0.352289
vt 0.506822 0.447281
vt 0.558953 0.575776
vt 0.626552 0.429664
vt 0.603777 0.556176
vt 0.609865 0.654181
vt 0.618132 0.254362
vt 0.730852 0.668901
vt 1.056726 0.092831
vt 1.022691 0.078923
vt 1.003993 0.108776
vt 0.850393 0.098845
vt 0.949707 0.900430
vt 0.956853 0.622278
vt 0.831385 0.395132
vt 0.831396 0.519351
vt 0.834817 0.542459
vt 0.832384 0.598054
vt 0.809420 0.511315
s 1
f 7/1/7 4/2/4 3/3/3
f 9/4/9 8/5/8 10/6/10
f 12/7/12 11/8/11 10/6/10
f 7/1/7 3/3/3 14/9/14
f 16/10/16 13/11/13 17/12/17
f 24/13/24 22/14/22 20/15/20
f 11/8/11 23/16/23 9/4/9
f 22/14/22 24/13/24 27/17/27
f 179/18/179 22/14/22 27/17/27
f 11/8/11 26/19/26 23/16/23
f 24/13/24 25/20/25 27/17/27
f 31/21/31 30/22/30 32/23/32
f 31/21/31 32/23/32 29/24/29
f 32/23/32 28/25/28 29/24/29
f 7/1/7 6/26/6 4/2/4
f 35/27/35 33/28/33 5/29/5
f 34/30/34 35/27/35 5/29/5
f 7/1/7 34/30/34 6/26/6
f 38/31/38 36/32/36 40/33/40
f 39/34/39 35/27/35 15/35/15
f 39/34/39 16/10/16 41/36/41
f 39/34/39 15/35/15 16/10/16
f 17/12/17 40/33/40 41/36/41
f 42/37/42 35/27/35 41/36/41
f 41/36/41 40/33/40 42/37/42
f 43/38/43 45/39/45 68/40/68
f 43/38/43 68/40/68 44/41/44
f 47/42/47 48/43/48 45/39/45
f 100/44/100 48/43/48 290/45/290
f 43/38/43 44/41/44 50/46/50
f 45/39/45 43/38/43 49/47/49
f 47/42/47 45/39/45 49/47/49
f 51/48/51 49/47/49 50/46/50
f 52/49/52 50/46/50 46/50/46
f 46/50/46 90/51/90 91/52/91
f 57/53/57 129/54/129 56/55/56
f 56/55/56 129/54/129 130/56/130
f 58/57/58 59/58/59 57/53/57
f 55/59/55 60/60/60 58/57/58
f 62/61/62 135/62/135 141/63/141
f 64/64/64 66/65/66 65/66/65
f 160/67/160 66/65/66 67/68/67
f 68/40/68 69/69/69 56/55/56
f 56/55/56 130/56/130 70/70/70
f 71/71/71 56/55/56 70/70/70
f 70/70/70 62/61/62 73/72/73
f 78/73/78 73/72/73 62/61/62
f 130/56/130 61/74/61 70/70/70
f 74/75/74 76/76/76 75/77/75
f 76/76/76 80/78/80 77/79/77
f 76/76/76 141/63/141 80/78/80
f 78/73/78 62/61/62 141/63/141
f 77/79/77 80/78/80 81/80/81
f 93/81/93 77/79/77 81/80/81
f 80/78/80 63/82/63 81/80/81
f 83/83/83 84/84/84 85/85/85
f 84/84/84 86/86/86 85/85/85
f 45/39/45 88/87/88 64/64/64
f 89/88/89 88/87/88 45/39/45
f 88/87/88 66/65/66 64/64/64
f 88/87/88 67/68/67 66/65/66
f 67/68/67 85/85/85 173/89/173
f 68/40/68 72/90/72 44/41/44
f 64/64/64 69/69/69 45/39/45
f 72/90/72 68/40/68 71/71/71
f 71/71/71 73/72/73 72/90/72
f 90/51/90 74/75/74 75/77/75
f 92/91/92 75/77/75 93/81/93
f 92/91/92 93/81/93 95/92/95
f 95/92/95 93/81/93 79/93/79
f 79/93/79 162/94/162 97/95/97
f 97/95/97 82/96/82 96/97/96
f 167/98/167 87/99/87 98/100/98
f 100/44/100 84/84/84 83/83/83
f 87/99/87 86/86/86 84/84/84
f 54/101/54 92/91/92 297/102/297
f 297/102/297 92/91/92 95/92/95
f 102/103/102 94/104/94 103/105/103
f 103/105/103 94/104/94 105/106/105
f 104/107/104 94/104/94 96/97/96
f 107/108/107 104/107/104 108/109/108
f 104/107/104 96/97/96 108/109/108
f 96/97/96 174/110/174 110/111/110
f 109/112/109 108/109/108 180/113/180
f 113/114/113 112/115/112 114/116/114
f 118/117/118 117/118/117 156/119/156
f 118/117/118 156/119/156 120/120/120
f 117/118/117 118/117/118 153/121/153
f 153/121/153 118/117/118 123/122/123
f 118/117/118 119/123/119 121/124/121
f 118/117/118 121/124/121 123/122/123
f 123/122/123 121/124/121 122/125/122
f 65/66/65 124/126/124 55/59/55
f 125/127/125 55/59/55 124/126/124
f 125/127/125 60/60/60 55/59/55
f 127/128/127 125/127/125 124/126/124
f 57/53/57 59/58/59 129/54/129
f 130/56/130 129/54/129 131/129/131
f 131/129/131 59/58/59 133/130/133
f 132/131/132 60/60/60 126/132/126
f 134/133/134 133/130/133 111/134/111
f 130/56/130 131/129/131 61/74/61
f 138/135/138 136/136/136 131/129/131
f 143/137/143 136/136/136 138/135/138
f 135/62/135 142/138/142 141/63/141
f 142/138/142 135/62/135 143/137/143
f 143/137/143 137/139/137 145/140/145
f 142/138/142 143/137/143 145/140/145
f 63/82/63 144/141/144 147/142/147
f 63/82/63 147/142/147 148/143/148
f 161/144/161 148/143/148 149/145/149
f 147/142/147 113/114/113 116/146/116
f 155/147/155 152/148/152 117/118/117
f 152/148/152 155/147/155 154/149/154
f 151/150/151 1/151/1 152/148/152
f 1/151/1 117/118/117 152/148/152
f 153/121/153 155/147/155 117/118/117
f 156/119/156 117/118/117 1/151/1
f 157/152/157 155/147/155 153/121/153
f 157/152/157 158/153/158 172/154/172
f 158/153/158 157/152/157 159/155/159
f 153/121/153 123/122/123 159/155/159
f 158/153/158 159/155/159 128/156/128
f 159/155/159 123/122/123 122/125/122
f 128/156/128 65/66/65 160/67/160
f 81/80/81 63/82/63 161/144/161
f 81/80/81 161/144/161 162/94/162
f 164/157/164 161/144/161 150/158/150
f 163/159/163 165/160/165 166/161/166
f 165/160/165 150/158/150 166/161/166
f 163/159/163 166/161/166 211/162/211
f 8/5/8 151/150/151 169/163/169
f 10/6/10 8/5/8 169/163/169
f 167/98/167 169/163/169 172/154/172
f 170/164/170 169/163/169 167/98/167
f 10/6/10 169/163/169 170/164/170
f 173/89/173 160/67/160 67/68/67
f 86/86/86 171/165/171 173/89/173
f 86/86/86 87/99/87 171/165/171
f 173/89/173 172/154/172 158/153/158
f 171/165/171 172/154/172 173/89/173
f 172/154/172 154/149/154 157/152/157
f 82/96/82 163/159/163 174/110/174
f 175/166/175 163/159/163 211/162/211
f 87/99/87 167/98/167 171/165/171
f 167/98/167 99/167/99 178/168/178
f 99/167/99 257/169/257 177/170/177
f 167/98/167 178/168/178 168/171/168
f 168/171/168 170/164/170 167/98/167
f 178/168/178 177/170/177 168/171/168
f 29/24/29 28/25/28 170/164/170
f 29/24/29 170/164/170 168/171/168
f 183/172/183 181/173/181 182/174/182
f 184/175/184 187/176/187 186/177/186
f 186/177/186 187/176/187 185/178/185
f 188/179/188 126/132/126 206/180/206
f 111/134/111 132/131/132 190/181/190
f 190/181/190 188/179/188 224/182/224
f 193/183/193 114/116/114 112/115/112
f 115/184/115 194/185/194 116/146/116
f 115/184/115 114/116/114 193/183/193
f 193/183/193 195/186/195 115/184/115
f 194/185/194 115/184/115 195/186/195
f 195/186/195 199/187/199 198/188/198
f 194/185/194 195/186/195 198/188/198
f 195/186/195 197/189/197 199/187/199
f 230/190/230 197/189/197 196/191/196
f 116/146/116 194/185/194 200/192/200
f 200/192/200 194/185/194 202/193/202
f 119/123/119 203/194/203 121/124/121
f 121/124/121 203/194/203 204/195/204
f 121/124/121 204/195/204 122/125/122
f 203/194/203 184/175/184 204/195/204
f 204/195/204 185/178/185 205/196/205
f 127/128/127 128/156/128 205/196/205
f 126/132/126 125/127/125 127/128/127
f 127/128/127 185/178/185 189/197/189
f 206/180/206 127/128/127 189/197/189
f 146/198/146 193/183/193 112/115/112
f 207/199/207 116/146/116 201/200/201
f 150/158/150 149/145/149 207/199/207
f 150/158/150 207/199/207 208/201/208
f 208/201/208 201/200/201 210/202/210
f 209/203/209 210/202/210 245/204/245
f 5/29/5 120/120/120 156/119/156
f 166/161/166 150/158/150 208/201/208
f 213/205/213 175/166/175 212/206/212
f 215/207/215 214/208/214 216/209/216
f 217/210/217 214/208/214 215/207/215
f 187/176/187 218/211/218 219/212/219
f 206/180/206 220/213/220 221/214/221
f 220/213/220 219/212/219 223/215/223
f 188/179/188 222/216/222 224/182/224
f 225/217/225 224/182/224 226/218/226
f 226/218/226 224/182/224 222/216/222
f 226/218/226 222/216/222 227/219/227
f 228/220/228 226/218/226 227/219/227
f 235/221/235 230/190/230 233/222/233
f 225/217/225 226/218/226 228/220/228
f 232/223/232 225/217/225 228/220/228
f 199/187/199 197/189/197 237/224/237
f 198/188/198 199/187/199 236/225/236
f 237/224/237 235/221/235 234/226/234
f 236/225/236 199/187/199 238/227/238
f 202/193/202 236/225/236 239/228/239
f 210/202/210 241/229/241 242/230/242
f 242/230/242 241/229/241 240/231/240
f 242/230/242 240/231/240 243/232/243
f 210/202/210 242/230/242 245/204/245
f 246/233/246 245/204/245 244/234/244
f 242/230/242 243/232/243 244/234/244
f 248/235/248 212/206/212 247/236/247
f 247/236/247 245/204/245 246/233/246
f 248/235/248 247/236/247 543/237/543
f 216/209/216 212/206/212 248/235/248
f 216/209/216 249/238/249 215/207/215
f 217/210/217 215/207/215 250/239/250
f 21/240/21 177/170/177 257/169/257
f 257/169/257 251/241/251 21/240/21
f 253/242/253 252/243/252 258/244/258
f 259/245/259 253/242/253 258/244/258
f 261/246/261 265/247/265 263/248/263
f 256/249/256 269/250/269 255/251/255
f 266/252/266 255/251/255 262/253/262
f 267/254/267 266/252/266 265/247/265
f 359/255/359 259/245/259 258/244/258
f 359/255/359 260/256/260 259/245/259
f 268/257/268 265/247/265 264/258/264
f 269/250/269 18/259/18 254/260/254
f 270/261/270 269/250/269 271/262/271
f 271/262/271 256/249/256 267/254/267
f 268/257/268 274/263/274 265/247/265
f 275/264/275 271/262/271 267/254/267
f 273/265/273 277/266/277 274/263/274
f 276/267/276 275/264/275 274/263/274
f 284/268/284 275/264/275 276/267/276
f 283/269/283 275/264/275 284/268/284
f 284/268/284 282/270/282 283/269/283
f 279/271/279 286/272/286 278/273/278
f 286/272/286 284/268/284 276/267/276
f 288/274/288 286/272/286 279/271/279
f 285/275/285 284/268/284 286/272/286
f 287/276/287 286/277/286 288/278/288
f 289/279/289 47/42/47 292/280/292
f 293/281/293 51/48/51 52/49/52
f 293/281/293 292/280/292 51/48/51
f 52/49/52 53/282/53 294/283/294
f 295/284/295 293/281/293 52/49/52
f 52/49/52 46/50/46 53/282/53
f 294/283/294 53/282/53 296/285/296
f 299/286/299 291/287/291 289/279/289
f 289/279/289 293/281/293 300/288/300
f 296/285/296 54/101/54 298/289/298
f 296/285/296 298/289/298 302/290/302
f 304/291/304 298/289/298 315/292/315
f 301/293/301 300/288/300 305/294/305
f 300/288/300 303/295/303 306/296/306
f 312/297/312 309/298/309 308/299/308
f 309/298/309 252/243/252 308/299/308
f 290/45/290 310/300/310 100/44/100
f 313/301/313 310/300/310 311/302/311
f 312/297/312 98/100/98 101/303/101
f 314/304/314 297/102/297 102/103/102
f 315/292/315 297/102/297 314/304/314
f 103/105/103 317/305/317 102/103/102
f 309/298/309 312/297/312 319/306/319
f 313/301/313 311/302/311 322/307/322
f 319/306/319 313/301/313 322/307/322
f 319/306/319 312/297/312 313/301/313
f 320/308/320 319/306/319 324/309/324
f 327/310/327 315/292/315 326/311/326
f 323/312/323 322/307/322 330/313/330
f 323/312/323 330/313/330 331/314/331
f 370/315/370 323/312/323 331/314/331
f 301/293/301 325/316/325 299/286/299
f 330/313/330 322/307/322 332/317/332
f 332/317/332 325/316/325 333/318/333
f 335/319/335 305/294/305 336/320/336
f 336/320/336 305/294/305 334/321/334
f 306/296/306 305/294/305 300/288/300
f 355/322/355 307/323/307 338/324/338
f 342/325/342 340/326/340 328/327/328
f 342/325/342 341/328/341 338/324/338
f 345/329/345 343/330/343 344/331/344
f 345/329/345 328/327/328 343/330/343
f 348/332/348 333/318/333 347/333/347
f 336/320/336 349/334/349 335/319/335
f 347/333/347 335/319/335 349/334/349
f 337/335/337 334/321/334 352/336/352
f 354/337/354 352/336/352 353/338/353
f 352/336/352 350/339/350 337/335/337
f 355/322/355 353/338/353 307/323/307
f 354/337/354 353/338/353 355/322/355
f 357/340/357 338/324/338 341/328/341
f 357/340/357 341/328/341 342/325/342
f 258/244/258 252/243/252 309/298/309
f 258/244/258 309/298/309 360/341/360
f 109/112/109 180/113/180 318/342/318
f 318/342/318 181/173/181 363/343/363
f 363/343/363 183/172/183 364/344/364
f 402/345/402 363/343/363 364/344/364
f 321/346/321 360/341/360 309/298/309
f 365/347/365 360/341/360 321/346/321
f 264/258/264 261/246/261 360/341/360
f 366/348/366 268/257/268 365/347/365
f 273/265/273 268/257/268 366/348/366
f 344/331/344 367/349/367 329/350/329
f 329/350/329 367/349/367 368/351/368
f 362/352/362 318/342/318 363/343/363
f 368/351/368 362/352/362 369/353/369
f 365/347/365 320/308/320 370/315/370
f 371/354/371 365/347/365 372/355/372
f 371/354/371 366/348/366 365/347/365
f 344/331/344 329/350/329 346/356/346
f 346/356/346 329/350/329 368/351/368
f 346/356/346 369/353/369 376/357/376
f 406/358/406 375/359/375 376/357/376
f 376/357/376 369/353/369 407/360/407
f 370/315/370 331/314/331 377/361/377
f 372/355/372 370/315/370 378/362/378
f 377/361/377 378/362/378 370/315/370
f 379/363/379 372/355/372 378/362/378
f 378/362/378 377/361/377 381/364/381
f 379/363/379 373/365/373 372/355/372
f 348/332/348 347/333/347 380/366/380
f 381/364/381 377/361/377 348/332/348
f 380/366/380 381/364/381 348/332/348
f 356/367/356 393/368/393 354/337/354
f 382/369/382 356/367/356 357/340/357
f 382/369/382 396/370/396 356/367/356
f 358/371/358 383/372/383 357/340/357
f 384/373/384 383/372/383 358/371/358
f 345/329/345 358/371/358 342/325/342
f 374/374/374 385/375/385 358/371/358
f 406/358/406 374/374/374 375/359/375
f 386/376/386 381/364/381 380/366/380
f 412/377/412 381/364/381 387/378/387
f 380/366/380 349/334/349 388/379/388
f 389/380/389 349/334/349 351/381/351
f 388/379/388 349/334/349 389/380/389
f 391/382/391 388/379/388 389/380/389
f 392/383/392 389/380/389 390/384/390
f 392/383/392 391/382/391 389/380/389
f 393/368/393 350/339/350 354/337/354
f 393/368/393 394/385/394 390/384/390
f 356/367/356 396/370/396 393/368/393
f 382/369/382 398/386/398 396/370/396
f 398/386/398 397/387/397 396/370/396
f 383/372/383 424/388/424 382/369/382
f 424/388/424 398/386/398 382/369/382
f 383/372/383 384/373/384 427/389/427
f 399/390/399 183/172/183 217/210/217
f 364/344/364 183/172/183 399/390/399
f 362/352/362 402/345/402 401/391/401
f 401/391/401 402/345/402 403/392/403
f 403/392/403 402/345/402 400/393/400
f 371/354/371 278/273/278 366/348/366
f 407/360/407 369/353/369 401/391/401
f 406/358/406 376/357/376 417/394/417
f 401/391/401 403/392/403 408/395/408
f 407/360/407 408/395/408 442/396/442
f 372/355/372 373/365/373 409/397/409
f 404/398/404 405/399/405 278/273/278
f 412/377/412 379/363/379 381/364/381
f 415/400/415 406/358/406 416/401/416
f 385/375/385 416/401/416 414/402/414
f 416/401/416 458/403/458 414/402/414
f 450/404/450 416/401/416 417/394/417
f 417/394/417 449/405/449 450/404/450
f 418/406/418 409/397/409 379/363/379
f 419/407/419 418/406/418 412/377/412
f 421/408/421 387/378/387 386/376/386
f 419/407/419 387/378/387 421/408/421
f 421/408/421 388/379/388 391/382/391
f 397/387/397 434/409/434 395/410/395
f 424/388/424 426/411/426 397/387/397
f 428/412/428 425/413/425 424/388/424
f 429/414/429 430/415/430 428/412/428
f 456/416/456 425/413/425 428/412/428
f 414/402/414 429/414/429 428/412/428
f 432/417/432 421/408/421 423/418/423
f 434/409/434 435/419/435 422/420/422
f 422/420/422 433/421/433 423/418/423
f 435/419/435 433/421/433 422/420/422
f 467/422/467 464/423/464 426/411/426
f 399/390/399 217/210/217 436/424/436
f 217/210/217 250/239/250 436/424/436
f 436/425/436 250/426/250 438/427/438
f 403/392/403 440/428/440 439/429/439
f 400/393/400 436/424/436 437/430/437
f 400/393/400 437/430/437 440/428/440
f 440/431/440 437/432/437 441/433/441
f 442/396/442 449/405/449 417/394/417
f 408/395/408 403/392/403 439/429/439
f 442/396/442 408/395/408 444/434/444
f 408/395/408 439/429/439 444/434/444
f 442/396/442 444/434/444 443/435/443
f 439/429/439 440/428/440 444/434/444
f 410/436/410 411/437/411 404/398/404
f 405/399/405 288/274/288 279/271/279
f 410/436/410 446/438/446 411/437/411
f 447/439/447 288/278/288 405/440/405
f 411/441/411 447/439/447 405/440/405
f 450/404/450 448/442/448 416/401/416
f 442/396/442 443/435/443 449/405/449
f 448/443/448 450/444/450 451/445/451
f 453/446/453 413/447/413 418/406/418
f 452/448/452 453/446/453 418/406/418
f 446/438/446 410/436/410 413/447/413
f 757/449/757 446/450/446 453/451/453
f 452/448/452 419/407/419 420/452/420
f 452/453/452 454/454/454 453/451/453
f 430/415/430 456/416/456 428/412/428
f 425/413/425 467/422/467 426/411/426
f 430/415/430 457/455/457 456/416/456
f 457/456/457 468/457/468 456/458/456
f 448/442/448 459/459/459 458/403/458
f 458/403/458 430/415/430 429/414/429
f 448/443/448 460/460/460 459/461/459
f 451/445/451 460/460/460 448/443/448
f 462/462/462 432/463/432 433/464/433
f 431/465/431 463/466/463 461/467/461
f 465/468/465 435/419/435 464/423/464
f 469/469/469 464/470/464 467/471/467
f 469/469/469 465/472/465 464/470/464
f 472/473/472 471/474/471 470/475/470
f 481/476/481 480/477/480 477/478/477
f 482/479/482 479/480/479 480/477/480
f 482/479/482 474/481/474 479/480/479
f 492/482/492 483/483/483 482/479/482
f 481/476/481 477/478/477 484/484/484
f 487/485/487 475/486/475 483/483/483
f 481/476/481 484/484/484 485/487/485
f 485/487/485 484/484/484 493/488/493
f 495/489/495 498/490/498 496/491/496
f 501/492/501 506/493/506 500/494/500
f 502/495/502 495/489/495 494/496/494
f 502/495/502 494/496/494 503/497/503
f 505/498/505 504/499/504 507/500/507
f 509/501/509 507/500/507 501/492/501
f 508/502/508 505/498/505 507/500/507
f 499/503/499 503/497/503 494/496/494
f 508/502/508 512/504/512 505/498/505
f 512/504/512 508/502/508 511/505/511
f 511/505/511 509/501/509 510/506/510
f 515/507/515 519/508/519 517/509/517
f 521/510/521 520/511/520 523/512/523
f 523/512/523 516/513/516 518/514/518
f 525/515/525 229/516/229 521/510/521
f 527/517/527 525/515/525 528/518/528
f 234/226/234 528/518/528 535/519/535
f 528/518/528 529/520/529 530/521/530
f 535/519/535 528/518/528 530/521/530
f 528/518/528 531/522/531 529/520/529
f 237/224/237 234/226/234 534/523/534
f 238/227/238 237/224/237 534/523/534
f 534/523/534 535/519/535 536/524/536
f 534/523/534 536/524/536 537/525/537
f 539/526/539 538/527/538 567/528/567
f 240/231/240 539/526/539 243/232/243
f 539/526/539 240/231/240 538/527/538
f 540/529/540 243/232/243 578/530/578
f 542/531/542 244/234/244 540/529/540
f 246/233/246 244/234/244 541/532/541
f 543/237/543 541/532/541 545/533/545
f 248/235/248 543/237/543 544/534/544
f 249/238/249 544/534/544 547/535/547
f 548/536/548 546/537/546 585/538/585
f 523/512/523 518/514/518 522/539/522
f 522/539/522 518/514/518 552/540/552
f 554/541/554 523/512/523 522/539/522
f 555/542/555 521/510/521 554/541/554
f 556/543/556 526/544/526 555/542/555
f 555/542/555 554/541/554 558/545/558
f 559/546/559 556/543/556 557/547/557
f 532/548/532 525/515/525 526/544/526
f 556/543/556 532/548/532 526/544/526
f 530/521/530 560/549/560 535/519/535
f 537/525/537 536/524/536 563/550/563
f 562/551/562 537/525/537 563/550/563
f 565/552/565 566/553/566 563/550/563
f 538/527/538 533/554/533 567/528/567
f 567/528/567 533/554/533 562/551/562
f 568/555/568 567/528/567 562/551/562
f 572/556/572 570/557/570 571/558/571
f 574/559/574 552/540/552 553/560/553
f 570/557/570 574/559/574 553/560/553
f 522/539/522 576/561/576 554/541/554
f 554/541/554 576/561/576 558/545/558
f 576/561/576 577/562/577 558/545/558
f 580/563/580 567/528/567 568/555/568
f 619/564/619 581/565/581 579/566/579
f 584/567/584 583/568/583 642/569/642
f 585/538/585 546/537/546 584/567/584
f 549/570/549 585/538/585 586/571/586
f 587/572/587 549/570/549 586/571/586
f 585/538/585 584/567/584 586/571/586
f 586/571/586 584/567/584 643/573/643
f 565/552/565 589/574/589 566/553/566
f 609/575/609 564/576/564 589/574/589
f 568/555/568 562/551/562 564/576/564
f 571/558/571 573/577/573 590/578/590
f 571/558/571 590/578/590 591/579/591
f 593/580/593 570/557/570 572/556/572
f 591/579/591 593/580/593 572/556/572
f 575/581/575 574/559/574 593/580/593
f 595/582/595 577/562/577 596/583/596
f 559/546/559 601/584/601 598/585/598
f 605/586/605 600/587/600 602/588/602
f 603/589/603 605/586/605 602/588/602
f 602/588/602 600/587/600 604/590/604
f 598/585/598 601/584/601 605/586/605
f 606/591/606 599/592/599 605/586/605
f 607/593/607 608/594/608 657/595/657
f 606/591/606 605/586/605 603/589/603
f 615/596/615 564/576/564 610/597/610
f 564/576/564 609/575/609 612/598/612
f 610/597/610 564/576/564 612/598/612
f 609/575/609 607/593/607 612/598/612
f 612/598/612 607/593/607 658/599/658
f 614/600/614 580/563/580 615/596/615
f 618/601/618 615/596/615 617/602/617
f 473/603/473 620/604/620 569/605/569
f 473/603/473 486/606/486 620/604/620
f 622/607/622 590/578/590 621/608/621
f 590/578/590 592/609/592 621/608/621
f 621/608/621 623/610/623 624/611/624
f 624/611/624 625/612/625 621/608/621
f 627/613/627 593/580/593 626/614/626
f 575/581/575 593/580/593 627/613/627
f 629/615/629 622/607/622 625/612/625
f 629/615/629 626/614/626 628/616/628
f 627/613/627 626/614/626 630/617/630
f 630/617/630 626/614/626 629/615/629
f 594/618/594 575/581/575 631/619/631
f 575/581/575 627/613/627 631/619/631
f 654/620/654 594/618/594 631/619/631
f 582/621/582 619/564/619 632/622/632
f 632/622/632 634/623/634 635/624/635
f 638/625/638 497/626/497 495/489/495
f 638/625/638 639/627/639 624/611/624
f 624/611/624 491/628/491 497/626/497
f 630/617/630 629/615/629 639/627/639
f 630/617/630 639/627/639 640/629/640
f 640/629/640 641/630/641 630/617/630
f 642/569/642 583/568/583 637/631/637
f 584/567/584 642/569/642 643/573/643
f 502/495/502 646/632/646 495/489/495
f 646/632/646 638/625/638 495/489/495
f 647/633/647 646/632/646 502/495/502
f 640/629/640 647/633/647 648/634/648
f 649/635/649 640/629/640 648/634/648
f 647/633/647 651/636/651 650/637/650
f 651/636/651 512/504/512 513/638/513
f 651/636/651 513/638/513 741/639/741
f 650/637/650 651/636/651 741/639/741
f 643/573/643 644/640/644 653/641/653
f 643/573/643 653/641/653 801/642/801
f 588/643/588 586/571/586 652/644/652
f 586/571/586 643/573/643 652/644/652
f 655/645/655 602/588/602 604/590/604
f 661/646/661 655/645/655 604/590/604
f 606/591/606 603/589/603 657/595/657
f 658/599/658 659/647/659 612/598/612
f 617/602/617 610/597/610 613/648/613
f 661/646/661 660/649/660 663/650/663
f 662/651/662 602/588/602 655/645/655
f 656/652/656 662/651/662 655/645/655
f 662/651/662 656/652/656 664/653/664
f 665/654/665 662/651/662 664/653/664
f 666/655/666 658/599/658 603/589/603
f 662/651/662 666/655/666 602/588/602
f 658/599/658 666/655/666 667/656/667
f 668/657/668 667/656/667 666/655/666
f 670/658/670 617/602/617 613/648/613
f 671/659/671 613/648/613 659/647/659
f 670/658/670 613/648/613 671/659/671
f 671/659/671 658/599/658 667/656/667
f 672/660/672 671/659/671 667/656/667
f 670/658/670 671/659/671 672/660/672
f 669/661/669 672/660/672 667/656/667
f 674/662/674 634/623/634 618/601/618
f 630/617/630 641/630/641 676/663/676
f 676/663/676 675/664/675 630/617/630
f 677/665/677 676/663/676 641/630/641
f 679/666/679 660/649/660 676/663/676
f 663/650/663 660/649/660 679/666/679
f 680/667/680 679/666/679 678/668/678
f 682/669/682 664/653/664 663/650/663
f 668/657/668 665/654/665 706/670/706
f 669/661/669 673/671/673 672/660/672
f 684/672/684 669/661/669 685/673/685
f 686/674/686 674/662/674 673/671/673
f 686/674/686 636/675/636 674/662/674
f 688/676/688 687/677/687 673/671/673
f 689/678/689 645/679/645 633/680/633
f 691/681/691 633/680/633 690/682/690
f 691/681/691 689/678/689 633/680/633
f 691/681/691 686/674/686 687/677/687
f 641/630/641 640/629/640 649/635/649
f 692/683/692 649/635/649 648/634/648
f 677/665/677 641/630/641 649/635/649
f 694/684/694 678/668/678 693/685/693
f 707/686/707 680/667/680 694/684/694
f 695/687/695 684/672/684 685/673/685
f 712/688/712 685/673/685 683/689/683
f 696/690/696 685/673/685 712/688/712
f 696/690/696 695/687/695 685/673/685
f 697/691/697 699/692/699 695/687/695
f 701/693/701 689/678/689 691/681/691
f 681/694/681 682/669/682 663/650/663
f 703/695/703 665/654/665 664/653/664
f 704/696/704 682/669/682 681/694/681
f 703/695/703 664/653/664 704/696/704
f 705/697/705 704/696/704 681/694/681
f 706/670/706 665/654/665 703/695/703
f 708/698/708 680/667/680 707/686/707
f 708/698/708 707/686/707 709/699/709
f 710/700/710 703/695/703 704/696/704
f 705/697/705 710/700/710 704/696/704
f 705/697/705 681/694/681 708/698/708
f 711/701/711 710/700/710 705/697/705
f 709/699/709 705/697/705 708/698/708
f 712/688/712 683/689/683 668/657/668
f 713/702/713 712/688/712 706/670/706
f 714/703/714 696/690/696 712/688/712
f 717/704/717 716/705/716 715/706/715
f 718/707/718 717/704/717 285/708/285
f 718/707/718 285/708/285 287/276/287
f 720/709/720 287/276/287 288/278/288
f 720/709/720 718/707/718 287/276/287
f 723/710/723 732/711/732 731/712/731
f 726/713/726 732/711/732 725/714/725
f 719/715/719 716/705/716 717/704/717
f 725/714/725 723/710/723 716/705/716
f 726/713/726 725/714/725 719/715/719
f 727/716/727 719/715/719 721/717/721
f 728/718/728 727/716/727 721/717/721
f 724/719/724 729/720/729 500/494/500
f 734/721/734 732/711/732 726/713/726
f 732/711/732 730/722/730 731/712/731
f 737/723/737 730/722/730 733/724/733
f 738/725/738 730/722/730 737/723/737
f 738/725/738 737/723/737 736/726/736
f 736/726/736 737/723/737 734/721/734
f 735/727/735 736/726/736 734/721/734
f 739/728/739 738/725/738 736/726/736
f 741/639/741 513/638/513 744/729/744
f 740/730/740 745/731/745 743/732/743
f 735/727/735 734/721/734 726/713/726
f 438/427/438 550/733/550 746/734/746
f 437/432/437 746/734/746 771/735/771
f 444/736/444 441/433/441 749/737/749
f 444/736/444 749/737/749 443/738/443
f 749/737/749 441/433/441 748/739/748
f 755/740/755 754/741/754 749/737/749
f 755/740/755 749/737/749 748/739/748
f 750/742/750 447/439/447 445/743/445
f 751/744/751 720/709/720 447/439/447
f 750/742/750 752/745/752 447/439/447
f 756/746/756 763/747/763 451/445/451
f 446/450/446 750/742/750 445/743/445
f 757/449/757 750/742/750 446/450/446
f 454/454/454 758/748/758 757/449/757
f 758/748/758 750/742/750 757/449/757
f 758/748/758 753/749/753 750/742/750
f 455/750/455 759/751/759 454/454/454
f 794/752/794 770/753/770 762/754/762
f 459/461/459 762/754/762 457/456/457
f 460/460/460 763/747/763 764/755/764
f 459/461/459 460/460/460 764/755/764
f 764/755/764 762/754/762 459/461/459
f 760/756/760 762/754/762 764/755/764
f 461/467/461 765/757/765 455/750/455
f 766/758/766 461/467/461 463/466/463
f 462/462/462 766/758/766 463/466/463
f 766/758/766 765/757/765 461/467/461
f 465/472/465 768/759/768 466/760/466
f 469/469/469 769/761/769 465/472/465
f 770/753/770 468/457/468 457/456/457
f 746/734/746 587/572/587 771/735/771
f 587/572/587 586/571/586 588/643/588
f 775/762/775 774/763/774 773/764/773
f 776/765/776 728/718/728 721/717/721
f 781/766/781 777/767/777 812/768/812
f 777/767/777 748/739/748 774/763/774
f 777/767/777 774/763/774 775/762/775
f 753/749/753 778/769/778 752/745/752
f 752/745/752 776/765/776 751/744/751
f 780/770/780 798/771/798 763/747/763
f 782/772/782 755/740/755 781/766/781
f 779/773/779 753/749/753 758/748/758
f 759/751/759 779/773/779 758/748/758
f 753/749/753 779/773/779 778/769/778
f 786/774/786 785/775/785 765/757/765
f 783/776/783 787/777/787 784/778/784
f 786/774/786 787/777/787 785/775/785
f 788/779/788 787/777/787 786/774/786
f 789/780/789 788/779/788 786/774/786
f 799/781/799 790/782/790 789/780/789
f 832/783/832 799/781/799 800/784/800
f 770/753/770 791/785/791 769/761/769
f 793/786/793 800/784/800 791/785/791
f 792/787/792 793/786/793 791/785/791
f 760/756/760 794/752/794 762/754/762
f 827/788/827 797/789/797 795/790/795
f 760/756/760 764/755/764 798/771/798
f 789/780/789 765/757/765 766/758/766
f 767/791/767 789/780/789 766/758/766
f 765/757/765 789/780/789 786/774/786
f 799/781/799 789/780/789 767/791/767
f 791/785/791 800/784/800 769/761/769
f 837/792/837 742/793/742 740/730/740
f 801/642/801 652/644/652 643/573/643
f 801/642/801 653/641/653 802/794/802
f 806/795/806 802/794/802 807/796/807
f 772/797/772 588/643/588 773/764/773
f 803/798/803 588/643/588 652/644/652
f 804/799/804 735/727/735 727/716/727
f 740/730/740 739/728/739 735/727/735
f 804/799/804 740/730/740 735/727/735
f 809/800/809 805/801/805 804/799/804
f 813/802/813 807/796/807 853/803/853
f 806/795/806 773/764/773 803/798/803
f 808/804/808 728/718/728 776/765/776
f 809/800/809 727/716/727 728/718/728
f 810/805/810 809/800/809 808/804/808
f 814/806/814 856/807/856 810/805/810
f 810/805/810 847/808/847 805/801/805
f 824/809/824 811/810/811 826/811/826
f 812/768/812 777/767/777 775/762/775
f 813/802/813 812/768/812 775/762/775
f 812/768/812 813/802/813 824/809/824
f 778/769/778 808/804/808 776/765/776
f 815/812/815 856/807/856 814/806/814
f 818/813/818 815/812/815 816/814/816
f 816/814/816 817/815/817 818/813/818
f 817/815/817 873/816/873 818/813/818
f 815/812/815 818/813/818 858/817/858
f 829/818/829 878/819/878 822/820/822
f 824/809/824 825/821/825 780/770/780
f 829/818/829 822/820/822 827/788/827
f 826/811/826 811/810/811 828/822/828
f 829/818/829 828/822/828 869/823/869
f 784/778/784 816/814/816 815/812/815
f 788/779/788 817/815/817 787/777/787
f 817/815/817 816/814/816 787/777/787
f 831/824/831 817/815/817 788/779/788
f 790/782/790 819/825/819 788/779/788
f 830/826/830 819/825/819 790/782/790
f 831/824/831 819/825/819 873/816/873
f 874/827/874 819/825/819 830/826/830
f 830/826/830 790/782/790 832/783/832
f 830/826/830 876/828/876 874/827/874
f 820/829/820 876/828/876 830/826/830
f 834/830/834 793/786/793 792/787/792
f 821/831/821 834/830/834 792/787/792
f 834/830/834 833/832/833 793/786/793
f 833/832/833 832/783/832 793/786/793
f 875/833/875 833/832/833 834/830/834
f 796/834/796 822/820/822 792/787/792
f 822/820/822 796/834/796 797/789/797
f 835/835/835 650/637/650 741/639/741
f 836/836/836 835/835/835 741/639/741
f 835/835/835 692/683/692 648/634/648
f 839/837/839 693/685/693 692/683/692
f 840/838/840 693/685/693 839/837/839
f 839/837/839 841/839/841 840/838/840
f 840/838/840 694/684/694 693/685/693
f 700/840/700 699/692/699 889/841/889
f 843/842/843 700/840/700 889/841/889
f 842/843/842 701/693/701 702/844/702
f 802/794/802 701/693/701 844/845/844
f 838/846/838 837/792/837 804/799/804
f 847/808/847 846/847/846 805/801/805
f 848/848/848 839/837/839 838/846/838
f 853/803/853 845/849/845 855/850/855
f 854/851/854 855/850/855 852/852/852
f 855/850/855 845/849/845 842/843/842
f 855/850/855 843/842/843 852/852/852
f 844/845/844 853/803/853 807/796/807
f 856/807/856 858/817/858 857/853/857
f 857/853/857 851/854/851 849/855/849
f 860/856/860 890/857/890 851/854/851
f 859/858/859 899/859/899 860/856/860
f 860/856/860 899/859/899 890/857/890
f 900/860/900 892/861/892 899/859/899
f 871/862/871 872/863/872 866/864/866
f 871/862/871 866/864/866 870/865/870
f 872/863/872 871/862/871 898/866/898
f 898/866/898 896/867/896 872/863/872
f 869/823/869 854/851/854 870/865/870
f 854/851/854 852/852/852 871/862/871
f 815/812/815 858/817/858 856/807/856
f 818/813/818 873/816/873 859/858/859
f 819/825/819 874/827/874 873/816/873
f 873/816/873 861/868/861 859/858/859
f 861/868/861 873/816/873 874/827/874
f 861/868/861 862/869/862 899/859/899
f 862/869/862 861/868/861 876/828/876
f 876/828/876 863/870/863 862/869/862
f 862/869/862 900/860/900 899/859/899
f 821/831/821 877/871/877 875/833/875
f 877/871/877 866/864/866 875/833/875
f 866/864/866 868/872/868 863/870/863
f 878/819/878 866/864/866 823/873/823
f 709/699/709 694/684/694 879/874/879
f 880/875/880 709/699/709 879/874/879
f 881/876/881 709/699/709 880/875/880
f 881/876/881 883/877/883 709/699/709
f 884/878/884 711/701/711 883/877/883
f 713/702/713 714/703/714 712/688/712
f 713/702/713 706/670/706 882/879/882
f 885/880/885 882/879/882 884/878/884
f 697/691/697 695/687/695 886/881/886
f 888/882/888 714/703/714 885/880/885
f 880/875/880 841/839/841 851/854/851
f 891/883/891 883/877/883 890/857/890
f 891/883/891 884/878/884 883/877/883
f 893/884/893 885/880/885 895/885/895
f 893/884/893 897/886/897 888/882/888
f 889/841/889 887/887/887 896/867/896
f 899/859/899 891/883/891 890/857/890
f 899/859/899 892/861/892 891/883/891
f 897/886/897 893/884/893 868/872/868
f 2/888/2 6/26/6 5/29/5
f 4/2/4 6/26/6 2/888/2
f 10/6/10 11/8/11 9/4/9
f 14/9/14 13/11/13 7/1/7
f 13/11/13 15/35/15 7/1/7
f 16/10/16 15/35/15 13/11/13
f 37/889/37 17/12/17 14/9/14
f 17/12/17 13/11/13 14/9/14
f 21/240/21 20/15/20 22/14/22
f 21/240/21 22/14/22 177/170/177
f 179/18/179 177/170/177 22/14/22
f 26/19/26 11/8/11 12/7/12
f 31/21/31 179/18/179 27/17/27
f 32/23/32 26/19/26 12/7/12
f 28/25/28 32/23/32 12/7/12
f 28/25/28 12/7/12 10/6/10
f 32/23/32 30/22/30 26/19/26
f 31/21/31 19/890/19 30/22/30
f 31/21/31 25/20/25 19/890/19
f 27/17/27 25/20/25 31/21/31
f 25/20/25 18/259/18 19/890/19
f 6/26/6 34/30/34 5/29/5
f 14/9/14 38/31/38 37/889/37
f 7/1/7 15/35/15 34/30/34
f 37/889/37 38/31/38 40/33/40
f 17/12/17 37/889/37 40/33/40
f 15/35/15 35/27/35 34/30/34
f 41/36/41 16/10/16 17/12/17
f 39/34/39 41/36/41 35/27/35
f 46/50/46 72/90/72 90/51/90
f 46/50/46 44/41/44 72/90/72
f 45/39/45 48/43/48 89/88/89
f 47/42/47 290/45/290 48/43/48
f 48/43/48 100/44/100 89/88/89
f 49/47/49 43/38/43 50/46/50
f 52/49/52 51/48/51 50/46/50
f 53/282/53 46/50/46 91/52/91
f 46/50/46 50/46/50 44/41/44
f 53/282/53 91/52/91 54/101/54
f 59/58/59 58/57/58 60/60/60
f 65/66/65 55/59/55 64/64/64
f 69/69/69 64/64/64 58/57/58
f 69/69/69 58/57/58 57/53/57
f 69/69/69 57/53/57 56/55/56
f 64/64/64 55/59/55 58/57/58
f 71/71/71 70/70/70 73/72/73
f 72/90/72 73/72/73 78/73/78
f 90/51/90 72/90/72 78/73/78
f 70/70/70 61/74/61 62/61/62
f 90/51/90 78/73/78 74/75/74
f 76/76/76 74/75/74 78/73/78
f 75/77/75 76/76/76 77/79/77
f 78/73/78 141/63/141 76/76/76
f 141/63/141 144/141/144 80/78/80
f 93/81/93 81/80/81 79/93/79
f 79/93/79 81/80/81 162/94/162
f 85/85/85 86/86/86 173/89/173
f 89/88/89 85/85/85 88/87/88
f 89/88/89 83/83/83 85/85/85
f 88/87/88 85/85/85 67/68/67
f 69/69/69 68/40/68 45/39/45
f 68/40/68 56/55/56 71/71/71
f 75/77/75 91/52/91 90/51/90
f 75/77/75 77/79/77 93/81/93
f 95/92/95 79/93/79 94/104/94
f 94/104/94 79/93/79 97/95/97
f 94/104/94 97/95/97 96/97/96
f 97/95/97 162/94/162 82/96/82
f 96/97/96 82/96/82 174/110/174
f 100/44/100 87/99/87 84/84/84
f 100/44/100 101/303/101 87/99/87
f 101/303/101 98/100/98 87/99/87
f 100/44/100 83/83/83 89/88/89
f 92/91/92 54/101/54 91/52/91
f 92/91/92 91/52/91 75/77/75
f 102/103/102 95/92/95 94/104/94
f 102/103/102 297/102/297 95/92/95
f 105/106/105 94/104/94 104/107/104
f 105/106/105 104/107/104 106/891/106
f 108/109/108 96/97/96 110/111/110
f 108/109/108 110/111/110 180/113/180
f 113/114/113 114/116/114 115/184/115
f 118/117/118 120/120/120 119/123/119
f 65/66/65 128/156/128 124/126/124
f 128/156/128 127/128/127 124/126/124
f 129/54/129 59/58/59 131/129/131
f 132/131/132 59/58/59 60/60/60
f 60/60/60 125/127/125 126/132/126
f 111/134/111 59/58/59 132/131/132
f 111/134/111 133/130/133 59/58/59
f 140/892/140 133/130/133 134/133/134
f 136/136/136 61/74/61 131/129/131
f 136/136/136 62/61/62 61/74/61
f 62/61/62 136/136/136 135/62/135
f 143/137/143 138/135/138 137/139/137
f 143/137/143 135/62/135 136/136/136
f 139/893/139 137/139/137 138/135/138
f 140/892/140 131/129/131 133/130/133
f 141/63/141 142/138/142 144/141/144
f 142/138/142 113/114/113 144/141/144
f 142/138/142 112/115/112 113/114/113
f 145/140/145 112/115/112 142/138/142
f 113/114/113 115/184/115 116/146/116
f 145/140/145 146/198/146 112/115/112
f 63/82/63 80/78/80 144/141/144
f 161/144/161 63/82/63 148/143/148
f 147/142/147 144/141/144 113/114/113
f 148/143/148 207/199/207 149/145/149
f 148/143/148 147/142/147 116/146/116
f 151/150/151 152/148/152 154/149/154
f 156/119/156 1/151/1 2/888/2
f 5/29/5 156/119/156 2/888/2
f 157/152/157 154/149/154 155/147/155
f 157/152/157 153/121/153 159/155/159
f 128/156/128 159/155/159 122/125/122
f 65/66/65 66/65/66 160/67/160
f 160/67/160 173/89/173 158/153/158
f 158/153/158 128/156/128 160/67/160
f 162/94/162 161/144/161 164/157/164
f 82/96/82 164/157/164 165/160/165
f 163/159/163 82/96/82 165/160/165
f 82/96/82 162/94/162 164/157/164
f 165/160/165 164/157/164 150/158/150
f 150/158/150 161/144/161 149/145/149
f 169/163/169 151/150/151 154/149/154
f 169/163/169 154/149/154 172/154/172
f 172/154/172 171/165/171 167/98/167
f 174/110/174 163/159/163 175/166/175
f 110/111/110 174/110/174 176/894/176
f 176/894/176 174/110/174 175/166/175
f 167/98/167 98/100/98 99/167/99
f 99/167/99 177/170/177 178/168/178
f 168/171/168 177/170/177 179/18/179
f 28/25/28 10/6/10 170/164/170
f 31/21/31 29/24/29 168/171/168
f 31/21/31 168/171/168 179/18/179
f 181/173/181 180/113/180 182/174/182
f 180/113/180 110/111/110 176/894/176
f 182/174/182 180/113/180 176/894/176
f 175/166/175 182/174/182 176/894/176
f 185/178/185 184/175/184 186/177/186
f 220/213/220 185/178/185 187/176/187
f 189/197/189 185/178/185 220/213/220
f 220/213/220 187/176/187 219/212/219
f 188/179/188 206/180/206 221/214/221
f 190/181/190 132/131/132 126/132/126
f 191/895/191 111/134/111 190/181/190
f 188/179/188 190/181/190 126/132/126
f 191/895/191 190/181/190 224/182/224
f 191/895/191 224/182/224 192/896/192
f 196/191/196 197/189/197 193/183/193
f 195/186/195 193/183/193 197/189/197
f 201/200/201 200/192/200 202/193/202
f 122/125/122 204/195/204 205/196/205
f 204/195/204 184/175/184 185/178/185
f 205/196/205 128/156/128 122/125/122
f 206/180/206 126/132/126 127/128/127
f 205/196/205 185/178/185 127/128/127
f 148/143/148 116/146/116 207/199/207
f 201/200/201 116/146/116 200/192/200
f 208/201/208 207/199/207 201/200/201
f 209/203/209 208/201/208 210/202/210
f 209/203/209 166/161/166 208/201/208
f 211/162/211 166/161/166 209/203/209
f 212/206/212 211/162/211 209/203/209
f 212/206/212 209/203/209 245/204/245
f 212/206/212 175/166/175 211/162/211
f 214/208/214 175/166/175 213/205/213
f 216/209/216 214/208/214 213/205/213
f 216/209/216 213/205/213 212/206/212
f 214/208/214 182/174/182 175/166/175
f 214/208/214 183/172/183 182/174/182
f 217/210/217 183/172/183 214/208/214
f 220/213/220 206/180/206 189/197/189
f 222/216/222 188/179/188 221/214/221
f 221/214/221 220/213/220 223/215/223
f 228/220/228 227/219/227 229/516/229
f 231/897/231 192/896/192 225/217/225
f 192/896/192 224/182/224 225/217/225
f 231/897/231 232/223/232 233/222/233
f 232/223/232 231/897/231 225/217/225
f 234/226/234 233/222/233 232/223/232
f 197/189/197 230/190/230 235/221/235
f 237/224/237 197/189/197 235/221/235
f 234/226/234 235/221/235 233/222/233
f 199/187/199 237/224/237 238/227/238
f 202/193/202 194/185/194 198/188/198
f 202/193/202 198/188/198 236/225/236
f 240/231/240 202/193/202 239/228/239
f 241/229/241 210/202/210 201/200/201
f 241/229/241 201/200/201 202/193/202
f 241/229/241 202/193/202 240/231/240
f 245/204/245 242/230/242 244/234/244
f 247/236/247 212/206/212 245/204/245
f 543/237/543 247/236/247 246/233/246
f 249/238/249 216/209/216 248/235/248
f 547/535/547 215/207/215 249/238/249
f 252/243/252 251/241/251 257/169/257
f 253/242/253 251/241/251 252/243/252
f 260/256/260 263/248/263 255/251/255
f 260/256/260 261/246/261 263/248/263
f 264/258/264 265/247/265 261/246/261
f 262/253/262 255/251/255 263/248/263
f 263/248/263 266/252/266 262/253/262
f 265/247/265 266/252/266 263/248/263
f 266/252/266 256/249/256 255/251/255
f 359/255/359 261/246/261 260/256/260
f 267/254/267 256/249/256 266/252/266
f 271/262/271 269/250/269 256/249/256
f 275/264/275 272/898/272 271/262/271
f 265/247/265 274/263/274 267/254/267
f 273/265/273 274/263/274 268/257/268
f 274/263/274 275/264/275 267/254/267
f 274/263/274 277/266/277 276/267/276
f 273/265/273 278/273/278 277/266/277
f 275/264/275 280/899/280 272/898/272
f 282/270/282 280/899/280 283/269/283
f 275/264/275 283/269/283 280/899/280
f 285/275/285 282/270/282 284/268/284
f 278/273/278 286/272/286 277/266/277
f 286/272/286 276/267/276 277/266/277
f 286/277/286 287/276/287 285/708/285
f 289/279/289 290/45/290 47/42/47
f 291/287/291 290/45/290 289/279/289
f 311/302/311 290/45/290 291/287/291
f 292/280/292 49/47/49 51/48/51
f 292/280/292 47/42/47 49/47/49
f 293/281/293 289/279/289 292/280/292
f 294/283/294 295/284/295 52/49/52
f 54/101/54 296/285/296 53/282/53
f 297/102/297 298/289/298 54/101/54
f 315/292/315 298/289/298 297/102/297
f 322/307/322 311/302/311 291/287/291
f 299/286/299 322/307/322 291/287/291
f 300/288/300 299/286/299 289/279/289
f 295/284/295 300/288/300 293/281/293
f 302/290/302 295/284/295 294/283/294
f 296/285/296 302/290/302 294/283/294
f 303/295/303 300/288/300 295/284/295
f 303/295/303 295/284/295 302/290/302
f 304/291/304 302/290/302 298/289/298
f 300/288/300 301/293/301 299/286/299
f 302/290/302 306/296/306 303/295/303
f 304/291/304 307/323/307 302/290/302
f 306/296/306 302/290/302 307/323/307
f 98/100/98 308/299/308 99/167/99
f 308/299/308 257/169/257 99/167/99
f 252/243/252 257/169/257 308/299/308
f 100/44/100 310/300/310 101/303/101
f 311/302/311 310/300/310 290/45/290
f 310/300/310 312/297/312 101/303/101
f 313/301/313 312/297/312 310/300/310
f 312/297/312 308/299/308 98/100/98
f 314/304/314 102/103/102 316/900/316
f 109/112/109 107/108/107 108/109/108
f 318/342/318 107/108/107 109/112/109
f 321/346/321 309/298/309 319/306/319
f 323/312/323 319/306/319 322/307/322
f 320/308/320 321/346/321 319/306/319
f 299/286/299 325/316/325 322/307/322
f 327/310/327 304/291/304 315/292/315
f 323/312/323 324/309/324 319/306/319
f 370/315/370 324/309/324 323/312/323
f 332/317/332 322/307/322 325/316/325
f 333/318/333 325/316/325 301/293/301
f 331/314/331 330/313/330 332/317/332
f 331/314/331 332/317/332 333/318/333
f 335/319/335 301/293/301 305/294/305
f 335/319/335 333/318/333 301/293/301
f 334/321/334 305/294/305 306/296/306
f 307/323/307 353/338/353 306/296/306
f 353/338/353 334/321/334 306/296/306
f 339/901/339 307/323/307 304/291/304
f 339/901/339 338/324/338 307/323/307
f 327/310/327 339/901/339 304/291/304
f 340/326/340 339/901/339 327/310/327
f 328/327/328 340/326/340 327/310/327
f 340/326/340 338/324/338 339/901/339
f 342/325/342 338/324/338 340/326/340
f 345/329/345 342/325/342 328/327/328
f 346/356/346 345/329/345 344/331/344
f 347/333/347 333/318/333 335/319/335
f 333/318/333 348/332/348 331/314/331
f 337/335/337 336/320/336 334/321/334
f 350/339/350 336/320/336 337/335/337
f 349/334/349 336/320/336 351/381/351
f 350/339/350 351/381/351 336/320/336
f 353/338/353 352/336/352 334/321/334
f 354/337/354 350/339/350 352/336/352
f 338/324/338 356/367/356 355/322/355
f 355/322/355 356/367/356 354/337/354
f 357/340/357 356/367/356 338/324/338
f 342/325/342 358/371/358 357/340/357
f 360/341/360 359/255/359 258/244/258
f 318/342/318 180/113/180 181/173/181
f 363/343/363 181/173/181 183/172/183
f 402/345/402 362/352/362 363/343/363
f 320/308/320 365/347/365 321/346/321
f 360/341/360 261/246/261 359/255/359
f 268/257/268 264/258/264 360/341/360
f 365/347/365 268/257/268 360/341/360
f 362/352/362 361/902/361 318/342/318
f 362/352/362 368/351/368 361/902/361
f 369/353/369 362/352/362 401/391/401
f 370/315/370 372/355/372 365/347/365
f 324/309/324 370/315/370 320/308/320
f 374/374/374 345/329/345 346/356/346
f 374/374/374 346/356/346 375/359/375
f 346/356/346 368/351/368 369/353/369
f 375/359/375 346/356/346 376/357/376
f 381/364/381 379/363/379 378/362/378
f 348/332/348 377/361/377 331/314/331
f 380/366/380 347/333/347 349/334/349
f 350/339/350 390/384/390 351/381/351
f 357/340/357 383/372/383 382/369/382
f 374/374/374 358/371/358 345/329/345
f 385/375/385 384/373/384 358/371/358
f 406/358/406 415/400/415 374/374/374
f 385/375/385 374/374/374 415/400/415
f 385/375/385 427/389/427 384/373/384
f 387/378/387 381/364/381 386/376/386
f 390/384/390 389/380/389 351/381/351
f 393/368/393 390/384/390 350/339/350
f 394/385/394 392/383/392 390/384/390
f 395/410/395 394/385/394 393/368/393
f 396/370/396 397/387/397 393/368/393
f 397/387/397 395/410/395 393/368/393
f 383/372/383 427/389/427 424/388/424
f 402/345/402 364/344/364 399/390/399
f 400/393/400 402/345/402 399/390/399
f 278/273/278 273/265/273 366/348/366
f 371/354/371 404/398/404 278/273/278
f 405/399/405 279/271/279 278/273/278
f 417/394/417 376/357/376 407/360/407
f 417/394/417 407/360/407 442/396/442
f 407/360/407 401/391/401 408/395/408
f 409/397/409 371/354/371 372/355/372
f 404/398/404 371/354/371 409/397/409
f 410/436/410 404/398/404 409/397/409
f 409/397/409 373/365/373 379/363/379
f 413/447/413 410/436/410 409/397/409
f 385/375/385 414/402/414 427/389/427
f 416/401/416 385/375/385 415/400/415
f 406/358/406 417/394/417 416/401/416
f 412/377/412 418/406/418 379/363/379
f 418/406/418 413/447/413 409/397/409
f 388/379/388 386/376/386 380/366/380
f 419/407/419 412/377/412 387/378/387
f 421/408/421 420/452/420 419/407/419
f 386/376/386 388/379/388 421/408/421
f 423/418/423 421/408/421 391/382/391
f 392/383/392 423/418/423 391/382/391
f 392/383/392 422/420/422 423/418/423
f 395/410/395 434/409/434 394/385/394
f 422/420/422 392/383/392 394/385/394
f 398/386/398 424/388/424 397/387/397
f 425/413/425 426/411/426 424/388/424
f 397/387/397 426/411/426 434/409/434
f 427/389/427 428/412/428 424/388/424
f 427/389/427 414/402/414 428/412/428
f 414/402/414 458/403/458 429/414/429
f 433/421/433 432/417/432 423/418/423
f 394/385/394 434/409/434 422/420/422
f 434/409/434 464/423/464 435/419/435
f 426/411/426 464/423/464 434/409/434
f 438/427/438 437/432/437 436/425/436
f 400/393/400 399/390/399 436/424/436
f 403/392/403 400/393/400 440/428/440
f 444/736/444 440/431/440 441/433/441
f 411/437/411 405/399/405 404/398/404
f 446/438/446 445/903/445 411/437/411
f 445/743/445 447/439/447 411/441/411
f 450/444/450 449/904/449 754/741/754
f 449/904/449 443/738/443 754/741/754
f 451/445/451 450/444/450 754/741/754
f 453/446/453 446/438/446 413/447/413
f 454/454/454 757/449/757 453/451/453
f 419/407/419 452/448/452 418/406/418
f 420/905/420 455/750/455 452/453/452
f 452/453/452 455/750/455 454/454/454
f 425/413/425 456/416/456 467/422/467
f 456/458/456 468/457/468 467/471/467
f 416/401/416 448/442/448 458/403/458
f 458/403/458 459/459/459 430/415/430
f 430/415/430 459/459/459 457/455/457
f 461/467/461 455/750/455 420/905/420
f 431/906/431 420/452/420 421/408/421
f 432/417/432 431/906/431 421/408/421
f 431/465/431 461/467/461 420/905/420
f 432/417/432 463/907/463 431/906/431
f 432/463/432 462/462/462 463/466/463
f 435/908/435 466/760/466 433/464/433
f 465/472/465 466/760/466 435/908/435
f 466/760/466 462/462/462 433/464/433
f 467/471/467 468/457/468 469/469/469
f 472/473/472 473/603/473 471/474/471
f 474/481/474 473/603/473 472/473/472
f 473/603/473 569/605/569 471/474/471
f 474/481/474 475/486/475 473/603/473
f 476/909/476 477/478/477 480/477/480
f 479/480/479 474/481/474 472/473/472
f 481/476/481 482/479/482 480/477/480
f 482/479/482 483/483/483 474/481/474
f 485/487/485 482/479/482 481/476/481
f 483/483/483 475/486/475 474/481/474
f 492/482/492 482/479/482 485/487/485
f 477/478/477 478/910/478 484/484/484
f 475/486/475 486/606/486 473/603/473
f 475/486/475 487/485/487 486/606/486
f 490/911/490 487/485/487 488/912/488
f 492/482/492 487/485/487 483/483/483
f 493/488/493 488/912/488 487/485/487
f 493/488/493 487/485/487 492/482/492
f 492/482/492 485/487/485 493/488/493
f 494/496/494 495/489/495 496/491/496
f 495/489/495 497/626/497 498/490/498
f 504/499/504 502/495/502 503/497/503
f 505/498/505 502/495/502 504/499/504
f 505/498/505 647/633/647 502/495/502
f 506/493/506 507/500/507 504/499/504
f 501/492/501 507/500/507 506/493/506
f 496/491/496 499/503/499 494/496/494
f 505/498/505 512/504/512 647/633/647
f 508/502/508 507/500/507 509/501/509
f 496/491/496 498/490/498 499/503/499
f 511/505/511 508/502/508 509/501/509
f 512/504/512 511/505/511 513/638/513
f 511/505/511 510/506/510 514/913/514
f 511/505/511 514/913/514 513/638/513
f 551/914/551 517/509/517 519/508/519
f 551/914/551 518/514/518 517/509/517
f 518/514/518 516/513/516 517/509/517
f 523/512/523 520/511/520 516/513/516
f 521/510/521 229/516/229 524/915/524
f 525/515/525 521/510/521 526/544/526
f 228/220/228 229/516/229 527/517/527
f 232/223/232 228/220/228 527/517/527
f 234/226/234 232/223/232 527/517/527
f 525/515/525 527/517/527 229/516/229
f 234/226/234 527/517/527 528/518/528
f 531/522/531 528/518/528 525/515/525
f 532/548/532 531/522/531 525/515/525
f 238/227/238 533/554/533 236/225/236
f 534/523/534 234/226/234 535/519/535
f 238/227/238 534/523/534 537/525/537
f 562/551/562 533/554/533 238/227/238
f 538/527/538 239/228/239 236/225/236
f 538/527/538 240/231/240 239/228/239
f 538/527/538 236/225/236 533/554/533
f 243/232/243 539/526/539 578/530/578
f 540/529/540 244/234/244 243/232/243
f 542/531/542 541/532/541 244/234/244
f 543/237/543 246/233/246 541/532/541
f 544/534/544 543/237/543 545/533/545
f 545/533/545 541/532/541 542/531/542
f 544/534/544 545/533/545 546/537/546
f 249/238/249 248/235/248 544/534/544
f 547/535/547 544/534/544 548/536/548
f 549/570/549 547/535/547 548/536/548
f 548/536/548 544/534/544 546/537/546
f 250/239/250 215/207/215 550/733/550
f 549/570/549 215/207/215 547/535/547
f 550/733/550 215/207/215 549/570/549
f 551/914/551 552/540/552 518/514/518
f 552/540/552 551/914/551 553/560/553
f 554/541/554 521/510/521 523/512/523
f 555/542/555 526/544/526 521/510/521
f 557/547/557 555/542/555 558/545/558
f 556/543/556 555/542/555 557/547/557
f 535/519/535 560/549/560 536/524/536
f 562/551/562 238/227/238 537/525/537
f 561/916/561 536/524/536 560/549/560
f 561/916/561 563/550/563 536/524/536
f 563/550/563 564/576/564 562/551/562
f 561/916/561 565/552/565 563/550/563
f 564/576/564 563/550/563 566/553/566
f 576/561/576 522/539/522 552/540/552
f 575/581/575 552/540/552 574/559/574
f 576/561/576 552/540/552 575/581/575
f 578/530/578 539/526/539 567/528/567
f 579/566/579 578/530/578 580/563/580
f 580/563/580 578/530/578 567/528/567
f 579/566/579 580/563/580 614/600/614
f 581/565/581 540/529/540 578/530/578
f 581/565/581 578/530/578 579/566/579
f 582/621/582 540/529/540 581/565/581
f 619/564/619 582/621/582 581/565/581
f 542/531/542 540/529/540 582/621/582
f 583/568/583 545/533/545 542/531/542
f 583/568/583 546/537/546 545/533/545
f 583/568/583 584/567/584 546/537/546
f 549/570/549 548/536/548 585/538/585
f 587/572/587 550/733/550 549/570/549
f 564/576/564 566/553/566 589/574/589
f 615/596/615 568/555/568 564/576/564
f 590/578/590 573/577/573 592/609/592
f 593/580/593 574/559/574 570/557/570
f 571/558/571 591/579/591 572/556/572
f 576/561/576 575/581/575 594/618/594
f 577/562/577 576/561/576 594/618/594
f 594/618/594 596/583/596 577/562/577
f 597/917/597 595/582/595 596/583/596
f 596/583/596 594/618/594 654/620/654
f 596/583/596 654/620/654 597/917/597
f 557/547/557 558/545/558 600/587/600
f 601/584/601 559/546/559 557/547/557
f 595/582/595 558/545/558 577/562/577
f 600/587/600 558/545/558 595/582/595
f 600/587/600 601/584/601 557/547/557
f 605/586/605 601/584/601 600/587/600
f 600/587/600 595/582/595 604/590/604
f 595/582/595 597/917/597 604/590/604
f 607/593/607 611/918/611 608/594/608
f 608/594/608 606/591/606 657/595/657
f 589/574/589 611/918/611 609/575/609
f 609/575/609 611/918/611 607/593/607
f 612/598/612 613/648/613 610/597/610
f 615/596/615 580/563/580 568/555/568
f 616/919/616 614/600/614 615/596/615
f 610/597/610 617/602/617 615/596/615
f 618/601/618 616/919/616 615/596/615
f 618/601/618 614/600/614 616/919/616
f 619/564/619 579/566/579 614/600/614
f 620/604/620 573/577/573 569/605/569
f 489/920/489 620/604/620 486/606/486
f 573/577/573 620/604/620 592/609/592
f 489/920/489 592/609/592 620/604/620
f 489/920/489 623/610/623 592/609/592
f 623/610/623 621/608/621 592/609/592
f 621/608/621 625/612/625 622/607/622
f 624/611/624 623/610/623 491/628/491
f 591/579/591 628/616/628 593/580/593
f 628/616/628 626/614/626 593/580/593
f 622/607/622 628/616/628 590/578/590
f 628/616/628 591/579/591 590/578/590
f 629/615/629 628/616/628 622/607/622
f 632/622/632 637/631/637 582/621/582
f 634/623/634 619/564/619 614/600/614
f 634/623/634 632/622/632 619/564/619
f 632/622/632 633/680/633 637/631/637
f 634/623/634 614/600/614 618/601/618
f 633/680/633 632/622/632 635/624/635
f 637/631/637 542/531/542 582/621/582
f 583/568/583 542/531/542 637/631/637
f 624/611/624 639/627/639 625/612/625
f 497/626/497 638/625/638 624/611/624
f 638/625/638 646/632/646 639/627/639
f 646/632/646 640/629/640 639/627/639
f 625/612/625 639/627/639 629/615/629
f 627/613/627 630/617/630 675/664/675
f 643/573/643 642/569/642 644/640/644
f 642/569/642 637/631/637 633/680/633
f 645/679/645 644/640/644 642/569/642
f 645/679/645 642/569/642 633/680/633
f 640/629/640 646/632/646 647/633/647
f 647/633/647 512/504/512 651/636/651
f 647/633/647 650/637/650 648/634/648
f 653/641/653 644/640/644 645/679/645
f 604/590/604 597/917/597 661/646/661
f 656/652/656 655/645/655 661/646/661
f 658/599/658 607/593/607 657/595/657
f 603/589/603 658/599/658 657/595/657
f 612/598/612 659/647/659 613/648/613
f 627/613/627 660/649/660 631/619/631
f 654/620/654 631/619/631 660/649/660
f 661/646/661 597/917/597 654/620/654
f 654/620/654 660/649/660 661/646/661
f 656/652/656 661/646/661 663/650/663
f 664/653/664 656/652/656 663/650/663
f 665/654/665 666/655/666 662/651/662
f 602/588/602 666/655/666 603/589/603
f 668/657/668 669/661/669 667/656/667
f 665/654/665 668/657/668 666/655/666
f 658/599/658 671/659/671 659/647/659
f 672/660/672 673/671/673 670/658/670
f 670/658/670 674/662/674 617/602/617
f 674/662/674 618/601/618 617/602/617
f 674/662/674 636/675/636 634/623/634
f 670/658/670 673/671/673 674/662/674
f 635/624/635 634/623/634 636/675/636
f 676/663/676 677/665/677 678/668/678
f 675/664/675 660/649/660 627/613/627
f 660/649/660 675/664/675 676/663/676
f 679/666/679 676/663/676 678/668/678
f 680/667/680 681/694/681 679/666/679
f 681/694/681 663/650/663 679/666/679
f 668/657/668 683/689/683 669/661/669
f 684/672/684 673/671/673 669/661/669
f 685/673/685 669/661/669 683/689/683
f 673/671/673 687/677/687 686/674/686
f 684/672/684 688/676/688 673/671/673
f 636/675/636 690/682/690 635/624/635
f 690/682/690 633/680/633 635/624/635
f 686/674/686 690/682/690 636/675/636
f 686/674/686 691/681/691 690/682/690
f 692/683/692 677/665/677 649/635/649
f 693/685/693 677/665/677 692/683/692
f 693/685/693 678/668/678 677/665/677
f 694/684/694 680/667/680 678/668/678
f 695/687/695 699/692/699 684/672/684
f 688/676/688 698/921/698 687/677/687
f 699/692/699 688/676/688 684/672/684
f 699/692/699 698/921/698 688/676/688
f 700/840/700 698/921/698 699/692/699
f 687/677/687 702/844/702 691/681/691
f 701/693/701 691/681/691 702/844/702
f 698/921/698 702/844/702 687/677/687
f 689/678/689 653/641/653 645/679/645
f 701/693/701 653/641/653 689/678/689
f 704/696/704 664/653/664 682/669/682
f 708/698/708 681/694/681 680/667/680
f 709/699/709 711/701/711 705/697/705
f 706/670/706 712/688/712 668/657/668
f 280/922/280 715/706/715 281/923/281
f 282/924/282 715/706/715 280/922/280
f 285/708/285 717/704/717 282/924/282
f 717/704/717 715/706/715 282/924/282
f 718/707/718 719/715/719 717/704/717
f 720/709/720 719/715/719 718/707/718
f 751/744/751 721/717/721 720/709/720
f 723/710/723 731/712/731 724/719/724
f 725/714/725 732/711/732 723/710/723
f 716/705/716 723/710/723 722/925/722
f 716/705/716 719/715/719 725/714/725
f 727/716/727 726/713/726 719/715/719
f 721/717/721 719/715/719 720/709/720
f 724/719/724 731/712/731 729/720/729
f 731/712/731 730/722/730 729/720/729
f 732/711/732 733/724/733 730/722/730
f 732/711/732 734/721/734 733/724/733
f 734/721/734 737/723/737 733/724/733
f 735/727/735 739/728/739 736/726/736
f 739/728/739 743/732/743 738/725/738
f 744/729/744 513/638/513 514/913/514
f 740/730/740 742/793/742 745/731/745
f 727/716/727 735/727/735 726/713/726
f 739/728/739 740/730/740 743/732/743
f 745/731/745 836/836/836 744/729/744
f 745/731/745 742/793/742 836/836/836
f 438/427/438 250/426/250 550/733/550
f 437/432/437 438/427/438 746/734/746
f 747/926/747 441/433/441 437/432/437
f 771/735/771 747/926/747 437/432/437
f 748/739/748 441/433/441 747/926/747
f 748/739/748 747/926/747 774/763/774
f 749/737/749 754/741/754 443/738/443
f 447/439/447 720/709/720 288/278/288
f 447/439/447 752/745/752 751/744/751
f 753/749/753 752/745/752 750/742/750
f 755/740/755 756/746/756 754/741/754
f 756/746/756 451/445/451 754/741/754
f 782/772/782 756/746/756 755/740/755
f 454/454/454 759/751/759 758/748/758
f 762/754/762 770/753/770 457/456/457
f 761/927/761 791/785/791 770/753/770
f 451/445/451 763/747/763 460/460/460
f 455/750/455 765/757/765 759/751/759
f 767/791/767 766/758/766 462/462/462
f 466/760/466 767/791/767 462/462/462
f 465/472/465 769/761/769 768/759/768
f 768/759/768 767/791/767 466/760/466
f 800/784/800 768/759/768 769/761/769
f 800/784/800 767/791/767 768/759/768
f 468/457/468 769/761/769 469/469/469
f 770/753/770 769/761/769 468/457/468
f 746/734/746 550/733/550 587/572/587
f 771/735/771 587/572/587 772/797/772
f 772/797/772 774/763/774 771/735/771
f 588/643/588 772/797/772 587/572/587
f 774/763/774 747/926/747 771/735/771
f 773/764/773 774/763/774 772/797/772
f 776/765/776 721/717/721 751/744/751
f 777/767/777 781/766/781 755/740/755
f 777/767/777 755/740/755 748/739/748
f 752/745/752 778/769/778 776/765/776
f 779/773/779 784/778/784 814/806/814
f 763/747/763 798/771/798 764/755/764
f 825/821/825 798/771/798 780/770/780
f 798/771/798 827/788/827 795/790/795
f 756/746/756 782/772/782 763/747/763
f 782/772/782 780/770/780 763/747/763
f 812/768/812 782/772/782 781/766/781
f 812/768/812 780/770/780 782/772/782
f 759/751/759 783/776/783 779/773/779
f 783/776/783 784/778/784 779/773/779
f 759/751/759 765/757/765 785/775/785
f 759/751/759 785/775/785 783/776/783
f 785/775/785 787/777/787 783/776/783
f 790/782/790 788/779/788 789/780/789
f 799/781/799 832/783/832 790/782/790
f 793/786/793 832/783/832 800/784/800
f 794/752/794 761/927/761 770/753/770
f 795/790/795 794/752/794 760/756/760
f 794/752/794 797/789/797 761/927/761
f 761/927/761 796/834/796 791/785/791
f 795/790/795 797/789/797 794/752/794
f 797/789/797 796/834/796 761/927/761
f 796/834/796 792/787/792 791/785/791
f 798/771/798 795/790/795 760/756/760
f 800/784/800 799/781/799 767/791/767
f 801/642/801 803/798/803 652/644/652
f 806/795/806 803/798/803 801/642/801
f 806/795/806 801/642/801 802/794/802
f 803/798/803 773/764/773 588/643/588
f 727/716/727 809/800/809 804/799/804
f 804/799/804 837/792/837 740/730/740
f 805/801/805 838/846/838 804/799/804
f 813/802/813 775/762/775 806/795/806
f 813/802/813 806/795/806 807/796/807
f 806/795/806 775/762/775 773/764/773
f 808/804/808 809/800/809 728/718/728
f 809/800/809 810/805/810 805/801/805
f 824/809/824 813/802/813 811/810/811
f 811/810/811 813/802/813 853/803/853
f 779/773/779 814/806/814 778/769/778
f 784/778/784 815/812/815 814/806/814
f 778/769/778 814/806/814 808/804/808
f 808/804/808 814/806/814 810/805/810
f 822/820/822 878/819/878 823/873/823
f 822/820/822 823/873/823 821/831/821
f 821/831/821 823/873/823 877/871/877
f 825/821/825 827/788/827 798/771/798
f 824/809/824 826/811/826 825/821/825
f 825/821/825 826/811/826 827/788/827
f 828/822/828 827/788/827 826/811/826
f 829/818/829 827/788/827 828/822/828
f 828/822/828 811/810/811 869/823/869
f 824/809/824 780/770/780 812/768/812
f 784/778/784 787/777/787 816/814/816
f 831/824/831 873/816/873 817/815/817
f 788/779/788 819/825/819 831/824/831
f 830/826/830 832/783/832 820/829/820
f 833/832/833 820/829/820 832/783/832
f 833/832/833 875/833/875 820/829/820
f 834/830/834 821/831/821 875/833/875
f 827/788/827 822/820/822 797/789/797
f 822/820/822 821/831/821 792/787/792
f 835/835/835 648/634/648 650/637/650
f 836/836/836 741/639/741 744/729/744
f 742/793/742 835/835/835 836/836/836
f 837/792/837 835/835/835 742/793/742
f 837/792/837 838/846/838 835/835/835
f 835/835/835 839/837/839 692/683/692
f 838/846/838 839/837/839 835/835/835
f 841/839/841 879/874/879 840/838/840
f 700/840/700 842/843/842 698/921/698
f 843/842/843 842/843/842 700/840/700
f 845/849/845 844/845/844 701/693/701
f 845/849/845 701/693/701 842/843/842
f 842/843/842 702/844/702 698/921/698
f 701/693/701 802/794/802 653/641/653
f 805/801/805 846/847/846 838/846/838
f 846/847/846 848/848/848 838/846/838
f 846/847/846 847/808/847 848/848/848
f 848/848/848 847/808/847 849/855/849
f 848/848/848 849/855/849 839/837/839
f 839/837/839 849/855/849 841/839/841
f 849/855/849 851/854/851 841/839/841
f 851/854/851 881/876/881 880/875/880
f 850/928/850 860/856/860 851/854/851
f 871/862/871 852/852/852 898/866/898
f 889/841/889 852/852/852 843/842/843
f 898/866/898 852/852/852 889/841/889
f 854/851/854 853/803/853 855/850/855
f 853/803/853 844/845/844 845/849/845
f 843/842/843 855/850/855 842/843/842
f 844/845/844 807/796/807 802/794/802
f 810/805/810 856/807/856 847/808/847
f 856/807/856 857/853/857 847/808/847
f 847/808/847 857/853/857 849/855/849
f 857/853/857 858/817/858 850/928/850
f 857/853/857 850/928/850 851/854/851
f 850/928/850 858/817/858 860/856/860
f 858/817/858 859/858/859 860/856/860
f 861/868/861 899/859/899 859/858/859
f 900/860/900 862/869/862 864/929/864
f 864/929/864 863/870/863 865/930/865
f 866/864/866 867/931/867 868/872/868
f 867/931/867 896/867/896 897/886/897
f 868/872/868 867/931/867 897/886/897
f 868/872/868 865/930/865 863/870/863
f 870/865/870 854/851/854 871/862/871
f 866/864/866 872/863/872 867/931/867
f 872/863/872 896/867/896 867/931/867
f 854/851/854 811/810/811 853/803/853
f 811/810/811 854/851/854 869/823/869
f 818/813/818 859/858/859 858/817/858
f 820/829/820 875/833/875 876/828/876
f 876/828/876 861/868/861 874/827/874
f 862/869/862 863/870/863 864/929/864
f 876/828/876 875/833/875 863/870/863
f 875/833/875 866/864/866 863/870/863
f 829/818/829 870/865/870 878/819/878
f 870/865/870 829/818/829 869/823/869
f 878/819/878 870/865/870 866/864/866
f 823/873/823 866/864/866 877/871/877
f 694/684/694 840/838/840 879/874/879
f 841/839/841 880/875/880 879/874/879
f 709/699/709 707/686/707 694/684/694
f 711/701/711 882/879/882 710/700/710
f 883/877/883 711/701/711 709/699/709
f 884/878/884 882/879/882 711/701/711
f 882/879/882 706/670/706 703/695/703
f 882/879/882 703/695/703 710/700/710
f 885/880/885 713/702/713 882/879/882
f 885/880/885 714/703/714 713/702/713
f 696/690/696 886/881/886 695/687/695
f 886/881/886 887/887/887 697/691/697
f 886/881/886 696/690/696 714/703/714
f 887/887/887 886/881/886 888/882/888
f 888/882/888 886/881/886 714/703/714
f 889/841/889 699/692/699 697/691/697
f 887/887/887 889/841/889 697/691/697
f 851/854/851 890/857/890 881/876/881
f 890/857/890 883/877/883 881/876/881
f 891/883/891 892/861/892 884/878/884
f 895/885/895 885/880/885 884/878/884
f 892/861/892 894/932/894 884/878/884
f 894/932/894 895/885/895 884/878/884
f 888/882/888 896/867/896 887/887/887
f 897/886/897 896/867/896 888/882/888
f 893/884/893 888/882/888 885/880/885
f 898/866/898 889/841/889 896/867/896
f 892/861/892 900/860/900 894/932/894
f 900/860/900 864/929/864 894/932/894
f 895/885/895 865/930/865 893/884/893
f 865/930/865 895/885/895 864/929/864
f 895/885/895 894/932/894 864/929/864
f 865/930/865 868/872/868 893/884/893
