# Blender 5.2.1 LTS
# www.blender.org
o ZombieHead2.001
v -0.214713 -0.370422 0.216173
v -0.227289 -0.355734 0.249559
v -0.208754 -0.380355 0.188190
v -0.195763 -0.360452 0.171107
v -0.272196 -0.355468 0.136113
v -0.262335 -0.375035 0.098198
v -0.261423 -0.400943 0.089415
v -0.246577 -0.342601 0.104238
v -0.223860 -0.380506 0.090062
v -0.215617 -0.373988 0.086482
v -0.214194 -0.368061 0.137920
v -0.209032 -0.397575 0.137801
v -0.201238 -0.354993 0.132160
v -0.196217 -0.373818 0.111287
v -0.229403 -0.437191 0.047465
v -0.231469 -0.440045 -0.001658
v -0.210858 -0.448547 0.029558
v -0.289339 -0.394742 -0.002576
v -0.290185 -0.337597 0.011215
v -0.272845 -0.346513 0.018748
v -0.273039 -0.399410 0.009067
v -0.241100 -0.369597 0.006846
v -0.239453 -0.419533 0.009851
v -0.228122 -0.414291 0.051186
v -0.226431 -0.365757 0.015533
v -0.222200 -0.350807 0.075456
v -0.226226 -0.409727 0.024752
v -0.211088 -0.372157 0.066586
v -0.160802 -0.373708 0.281468
v -0.195917 -0.361582 0.222258
v -0.180847 -0.365511 0.191551
v -0.151198 -0.379400 0.173204
v -0.155076 -0.383127 0.222465
v -0.198064 -0.407261 0.125975
v -0.177517 -0.355650 0.144408
v -0.174054 -0.362279 0.127331
v -0.184374 -0.410534 0.121474
v -0.145757 -0.386756 0.153924
v -0.428512 -0.098993 0.117965
v -0.432448 -0.073512 0.111471
v -0.416310 -0.039356 0.124839
v -0.416541 0.008217 0.094906
v -0.441061 -0.102312 0.046144
v -0.444755 -0.090951 -0.011206
v -0.418771 -0.133126 0.028378
v -0.443891 -0.080746 0.051016
v -0.440531 -0.047850 0.025162
v -0.428308 0.000863 0.047365
v -0.412964 0.053632 0.040139
v -0.296128 -0.134270 0.270607
v -0.348262 -0.088910 0.292189
v -0.370805 -0.018760 0.240415
v -0.320108 -0.073205 0.324604
v -0.319144 -0.002862 0.293256
v -0.287523 -0.058875 0.342307
v -0.332278 -0.095970 0.305870
v -0.336770 -0.033586 0.298560
v -0.324694 0.090921 0.280319
v -0.361421 -0.108670 0.225081
v -0.337233 -0.119421 0.248932
v -0.317569 -0.160134 0.206962
v -0.402167 -0.047058 0.172316
v -0.384699 -0.079719 0.205932
v -0.389274 0.041602 0.166715
v -0.360661 0.047737 0.228954
v -0.324154 0.026858 0.284393
v -0.371177 0.138462 0.145367
v -0.357695 0.113536 0.214350
v -0.333361 0.153871 0.219177
v -0.357038 0.077262 0.230622
v -0.357603 0.181448 0.159395
v -0.344157 0.229012 0.162727
v -0.323094 0.231941 0.199761
v -0.264942 0.327543 0.172084
v -0.387809 -0.171131 0.089492
v -0.339930 -0.194807 0.140054
v -0.345780 -0.216323 0.108482
v -0.336816 -0.240874 0.070675
v -0.299070 -0.204254 0.164325
v -0.300657 -0.238347 0.129278
v -0.416969 -0.088489 0.153974
v -0.404789 -0.135024 0.098692
v -0.372204 -0.138508 0.168994
v -0.389526 0.001925 0.194229
v -0.387144 0.111502 0.063805
v -0.373494 0.109068 0.165420
v -0.377000 0.207591 0.083951
v -0.386778 0.162805 0.064912
v -0.358847 0.267623 0.083449
v -0.342643 0.249465 0.138987
v -0.351061 0.298904 0.042451
v -0.313272 0.289073 0.143076
v -0.316924 0.323221 0.082744
v -0.326638 -0.266889 0.025404
v -0.312763 -0.287325 0.019011
v -0.370751 -0.213430 0.065712
v -0.361456 -0.237743 -0.019208
v -0.389573 -0.196340 0.028277
v -0.417734 0.125363 -0.037654
v -0.372772 0.267461 0.036884
v -0.365622 0.298019 -0.010657
v -0.304635 0.341535 0.042789
v -0.246790 0.116464 0.358348
v -0.230916 0.142116 0.374426
v -0.221391 0.131260 0.384978
v -0.228415 0.124624 0.370561
v -0.201675 0.131164 0.399372
v -0.207894 0.147208 0.390179
v -0.252606 -0.292941 0.274476
v -0.210199 -0.296499 0.298169
v -0.256179 -0.262973 0.272647
v -0.224549 -0.247843 0.290399
v -0.213463 -0.214041 0.274871
v -0.247775 -0.128778 0.314464
v -0.194845 -0.124773 0.344734
v -0.189368 -0.146069 0.334850
v -0.235886 -0.162126 0.281751
v -0.283445 -0.087616 0.341562
v -0.261364 -0.000164 0.331485
v -0.284421 -0.009637 0.323136
v -0.237852 -0.083972 0.359443
v -0.222915 -0.034709 0.361962
v -0.236817 -0.019737 0.342050
v -0.295560 0.054927 0.306079
v -0.276057 0.021692 0.319657
v -0.280166 0.056149 0.312166
v -0.273766 0.112208 0.333479
v -0.272727 0.089665 0.331437
v -0.309263 0.142403 0.272106
v -0.262883 0.102698 0.343235
v -0.245329 0.166059 0.326156
v -0.296669 0.172235 0.259617
v -0.294195 0.222155 0.242376
v -0.246484 0.197867 0.298773
v -0.195418 0.181267 0.349038
v -0.231497 0.236976 0.292867
v -0.223924 0.263156 0.273098
v -0.253992 -0.305905 0.231292
v -0.267711 -0.271794 0.204919
v -0.267312 -0.309803 0.161593
v -0.251336 -0.279375 0.259334
v -0.249639 -0.326382 0.256538
v -0.206683 -0.334207 0.264934
v -0.271503 -0.244073 0.170677
v -0.256949 -0.244918 0.258675
v -0.249983 -0.215101 0.230572
v -0.261517 -0.184697 0.215244
v -0.233200 -0.195071 0.246474
v -0.289455 0.276900 0.187901
v -0.241023 0.329211 0.201746
v -0.206380 0.299906 0.257438
v -0.192417 0.376820 0.179766
v -0.264913 -0.312429 0.132648
v -0.270514 -0.307369 0.078113
v -0.266032 -0.274189 0.133872
v -0.262579 -0.304122 0.112063
v -0.311784 -0.267505 0.077986
v -0.282019 -0.230116 0.160307
v -0.253770 0.358120 0.132099
v -0.212529 0.411846 0.076048
v -0.280955 -0.317198 0.041938
v -0.232380 -0.342850 0.056653
v -0.257983 0.399681 -0.000583
v -0.269792 0.374403 0.053681
v -0.169544 -0.212672 0.371448
v -0.138899 -0.234331 0.406737
v -0.117229 -0.185310 0.390743
v -0.156062 -0.096310 0.375310
v -0.121218 -0.164323 0.370013
v -0.178576 -0.034643 0.379032
v -0.147311 -0.031060 0.386070
v -0.116844 -0.043455 0.398413
v -0.120152 -0.017025 0.389058
v -0.100344 -0.005851 0.405007
v -0.065019 -0.088637 0.389390
v -0.164877 0.147596 0.404194
v -0.168775 0.133011 0.409405
v -0.137497 0.127277 0.420047
v -0.137817 0.134139 0.420814
v -0.111323 0.112915 0.422273
v -0.083322 0.153309 0.403354
v -0.140066 0.172537 0.380843
v -0.144987 0.189560 0.364500
v -0.122002 0.225167 0.355163
v -0.190492 -0.271184 0.357753
v -0.199305 -0.350548 0.255021
v -0.191862 -0.215148 0.338026
v -0.206000 -0.237109 0.316363
v -0.200446 -0.184859 0.308485
v -0.167560 -0.172525 0.340199
v -0.131908 -0.150199 0.361064
v -0.186304 0.230691 0.323066
v -0.171169 0.290434 0.290296
v -0.143571 0.322258 0.275646
v -0.095164 0.326575 0.293537
v -0.122548 0.272637 0.325730
v -0.203725 0.334272 0.226470
v -0.110959 0.367163 0.239753
v -0.187545 0.399915 0.136652
v -0.112582 0.411924 0.178662
v -0.140623 0.441216 0.087200
v -0.186636 0.432531 0.033782
v -0.187384 0.437595 -0.009717
v -0.115417 0.464086 0.028765
v -0.107002 0.469593 -0.012940
v -0.068063 -0.226741 0.432387
v -0.060982 -0.209641 0.420469
v -0.077657 -0.185298 0.403657
v -0.070014 -0.168481 0.384183
v -0.087803 -0.151890 0.374119
v -0.079854 -0.126426 0.385594
v -0.066421 -0.145202 0.367792
v -0.066819 -0.003452 0.413491
v -0.028191 -0.078244 0.383445
v 0.007535 -0.054530 0.386023
v -0.076286 0.021472 0.399885
v -0.060006 0.057811 0.417250
v -0.066976 0.035744 0.405392
v -0.041243 0.022144 0.410473
v 0.005010 0.048361 0.414535
v -0.092297 0.109542 0.436446
v -0.071211 0.069519 0.414393
v -0.083502 0.089012 0.412003
v -0.016428 0.082908 0.438823
v -0.001914 0.101018 0.444626
v -0.007573 0.123108 0.438903
v -0.061976 0.194008 0.380246
v -0.068811 0.232488 0.366307
v -0.001429 0.173706 0.394033
v -0.007229 0.251972 0.358166
v 0.006550 0.211908 0.381593
v -0.042742 -0.152850 0.342847
v -0.064595 0.275861 0.338615
v -0.022041 0.316503 0.316459
v -0.075907 0.348865 0.270304
v 0.006156 0.349531 0.283117
v -0.072929 0.378993 0.240788
v -0.046722 0.415109 0.199892
v -0.008630 0.405385 0.221813
v -0.097695 0.451032 0.101679
v -0.019404 0.465249 0.093024
v -0.068742 0.474980 0.026206
v -0.040101 0.479224 -0.010707
v -0.302787 -0.337580 -0.010351
v -0.301789 -0.395316 -0.047490
v -0.304364 -0.367673 -0.061957
v -0.296424 -0.330426 -0.074667
v -0.224098 -0.419843 -0.057034
v -0.217442 -0.448716 -0.022439
v -0.212186 -0.437691 -0.039645
v -0.289040 -0.367226 -0.088931
v -0.275515 -0.388385 -0.091011
v -0.254518 -0.388657 -0.081813
v -0.254362 -0.352886 -0.093213
v -0.237939 -0.386673 -0.052694
v -0.245769 -0.417427 -0.091183
v -0.245614 -0.368622 -0.081818
v -0.226650 -0.388871 -0.045771
v -0.223589 -0.368009 -0.062419
v -0.232324 -0.354775 -0.099079
v -0.206227 -0.422300 -0.055276
v -0.213998 -0.380700 -0.053200
v -0.272204 -0.331383 -0.092655
v -0.212786 -0.359525 -0.132118
v -0.182937 -0.359525 -0.173488
v -0.163687 -0.458481 -0.075520
v -0.172625 -0.391938 -0.099212
v -0.177350 -0.381147 -0.111924
v -0.176745 -0.420245 -0.088954
v -0.109872 -0.445807 -0.118086
v -0.125935 -0.408865 -0.122867
v -0.118502 -0.396752 -0.138711
v -0.067645 -0.448585 -0.130582
v -0.065070 -0.413319 -0.146135
v -0.029183 -0.483096 -0.101608
v 0.004757 -0.457375 -0.130616
v -0.011769 -0.420181 -0.152313
v -0.119239 -0.358653 -0.231919
v -0.050438 -0.401663 -0.163549
v -0.067706 -0.359308 -0.252439
v -0.000276 -0.382868 -0.217546
v 0.003741 -0.353221 -0.273969
v -0.419457 -0.113424 -0.094513
v -0.426490 -0.119049 -0.022258
v -0.442747 -0.023367 -0.038690
v -0.433598 -0.076348 -0.070499
v -0.438772 -0.024332 -0.074241
v -0.437607 0.038807 -0.053185
v -0.439119 0.056364 -0.101934
v -0.440806 0.000167 -0.099119
v -0.426124 0.088738 -0.035543
v -0.427668 0.115422 -0.093872
v -0.406169 0.211198 -0.096220
v -0.408241 -0.100774 -0.157619
v -0.425774 -0.057621 -0.134575
v -0.402803 -0.032287 -0.217412
v -0.426541 0.030379 -0.166147
v -0.399930 0.101051 -0.230496
v -0.424007 0.086312 -0.168736
v -0.418369 0.136705 -0.162229
v -0.394275 0.217126 -0.155255
v -0.399809 0.009470 -0.233966
v -0.326577 -0.268333 -0.107703
v -0.311563 -0.289837 -0.072521
v -0.321309 -0.283138 -0.026170
v -0.305809 -0.335353 -0.044616
v -0.392576 -0.190317 -0.030581
v -0.399867 -0.160519 -0.093734
v -0.370746 -0.210502 -0.091207
v -0.343543 -0.252752 -0.061888
v -0.399171 0.225509 -0.038705
v -0.377209 0.270396 -0.100572
v -0.361584 0.301071 -0.054119
v -0.335410 0.331428 -0.118932
v -0.341741 0.324180 -0.053222
v -0.294463 0.371867 -0.078259
v -0.349106 -0.200028 -0.175491
v -0.341647 -0.223406 -0.160541
v -0.320578 -0.236744 -0.197917
v -0.386425 -0.155665 -0.152973
v -0.375166 -0.124302 -0.219805
v -0.364951 0.239481 -0.213187
v -0.349527 0.266583 -0.193828
v -0.340948 0.297182 -0.156833
v -0.303241 -0.200492 -0.263693
v -0.293197 -0.242674 -0.235957
v -0.351852 -0.176471 -0.210123
v -0.352533 -0.111773 -0.266154
v -0.315709 -0.150419 -0.293767
v -0.359670 -0.065282 -0.277505
v -0.365466 0.031792 -0.289177
v -0.381738 0.183543 -0.216757
v -0.367154 0.118893 -0.278717
v -0.355449 0.146964 -0.291518
v -0.339680 0.214277 -0.268724
v -0.316480 0.310542 -0.194612
v -0.311820 0.260970 -0.260853
v -0.293080 -0.121484 -0.331594
v -0.347786 -0.031462 -0.305937
v -0.333785 -0.091117 -0.309162
v -0.308714 -0.009717 -0.347985
v -0.364120 0.001661 -0.283273
v -0.322739 0.033830 -0.350327
v -0.323418 0.079832 -0.340472
v -0.360902 0.088299 -0.295433
v -0.325330 0.151500 -0.326429
v -0.308613 0.115527 -0.341033
v -0.301856 0.206055 -0.317003
v -0.248869 0.391121 -0.129554
v -0.218062 0.415496 -0.117681
v -0.241764 0.409404 -0.058887
v -0.187722 0.436507 -0.065802
v -0.274788 -0.311160 -0.113113
v -0.253390 -0.296863 -0.197443
v -0.222959 -0.325689 -0.198194
v -0.286562 0.355389 -0.175803
v -0.284529 0.370850 -0.135723
v -0.264671 -0.271762 -0.237116
v -0.191105 -0.297852 -0.273213
v -0.192114 -0.330044 -0.227161
v -0.272194 0.271780 -0.298504
v -0.247413 0.314622 -0.275417
v -0.268655 0.334409 -0.234102
v -0.216136 0.384113 -0.210766
v -0.190863 0.350127 -0.276487
v -0.217027 -0.239444 -0.322284
v -0.274381 -0.205746 -0.304266
v -0.249193 -0.183387 -0.348272
v -0.249750 -0.126191 -0.372599
v -0.254888 -0.094099 -0.392680
v -0.271070 -0.061611 -0.388748
v -0.268229 -0.008392 -0.389901
v -0.262880 0.171163 -0.371794
v -0.239979 0.219415 -0.354659
v -0.214206 0.294814 -0.324995
v -0.193662 -0.149125 -0.406507
v -0.189173 -0.118068 -0.422022
v -0.213733 -0.081632 -0.424898
v -0.214681 -0.033067 -0.435131
v -0.280668 0.040912 -0.390562
v -0.215356 0.027047 -0.438182
v -0.209047 0.059008 -0.432482
v -0.228596 0.150069 -0.403188
v -0.264103 0.110646 -0.380768
v -0.201338 0.117785 -0.419605
v -0.208537 0.085891 -0.429977
v -0.147229 0.441087 -0.123089
v -0.190818 0.416493 -0.154371
v -0.116599 0.415688 -0.229308
v -0.110329 0.445590 -0.142235
v -0.140922 -0.320289 -0.278852
v -0.109724 0.378981 -0.292541
v -0.146955 -0.271656 -0.332526
v -0.111188 -0.295010 -0.316699
v -0.081184 -0.272722 -0.355192
v -0.091144 -0.324065 -0.297911
v -0.172160 -0.218517 -0.369150
v -0.111775 -0.233813 -0.384672
v -0.148264 0.336888 -0.320134
v -0.110067 0.303014 -0.362680
v -0.133121 -0.203773 -0.396648
v -0.141467 -0.166470 -0.421042
v -0.054231 -0.203302 -0.415080
v -0.076995 -0.177625 -0.432483
v -0.124075 -0.122320 -0.451333
v -0.202984 -0.002042 -0.440121
v -0.142732 -0.049942 -0.464872
v -0.154158 0.023692 -0.463633
v -0.181576 0.158406 -0.419468
v -0.189842 0.205466 -0.394823
v -0.155573 0.253154 -0.382486
v -0.124105 0.238309 -0.407439
v -0.122751 0.189258 -0.430613
v -0.081873 -0.003155 -0.480583
v -0.076076 -0.108514 -0.468254
v -0.132814 0.106564 -0.459680
v -0.066729 0.028222 -0.485681
v -0.078382 0.475278 -0.028629
v -0.044036 0.455206 -0.140358
v -0.000061 0.470421 -0.104323
v 0.037867 0.473299 -0.094871
v -0.071921 0.419773 -0.241335
v -0.004805 0.406338 -0.268589
v -0.009507 0.437549 -0.204626
v -0.007479 -0.306443 -0.328395
v 0.002183 -0.265935 -0.376922
v -0.098569 0.332222 -0.347308
v -0.045843 0.379847 -0.305411
v -0.047470 0.332673 -0.358647
v 0.022043 0.357601 -0.336708
v -0.065307 -0.238361 -0.394582
v 0.024019 -0.184350 -0.431517
v 0.003774 -0.217179 -0.412222
v 0.002799 -0.158254 -0.451849
v -0.060888 0.200300 -0.441913
v -0.070827 0.236308 -0.425683
v -0.006964 0.181952 -0.453891
v -0.041681 0.286537 -0.388302
v -0.000249 0.255053 -0.417100
v 0.003064 -0.115154 -0.468523
v -0.079450 -0.034038 -0.482580
v 0.006742 0.001013 -0.491856
v 0.000283 -0.054057 -0.485410
v -0.075080 0.091568 -0.477538
v 0.008913 0.051425 -0.489224
v -0.080724 0.130455 -0.467471
v -0.014837 0.150368 -0.467257
v 0.000269 0.103357 -0.481021
v 0.121831 -0.390667 0.267380
v 0.131057 -0.362795 0.270825
v 0.148100 -0.387548 0.226850
v 0.156120 -0.352070 0.245980
v 0.179917 -0.363070 0.216736
v 0.156144 -0.375171 0.156258
v 0.188514 -0.362436 0.178808
v 0.193690 -0.357642 0.193983
v 0.178118 -0.447341 0.108568
v 0.191575 -0.447504 0.109306
v 0.133862 -0.399007 0.161538
v 0.179728 -0.397338 0.123114
v 0.174422 -0.360463 0.125190
v 0.177440 -0.354902 0.143115
v 0.189368 -0.370339 0.110304
v 0.188778 -0.420707 0.114086
v 0.199099 -0.404307 0.124627
v 0.200475 -0.354831 0.126528
v 0.202833 -0.374268 0.112317
v 0.211143 -0.363325 0.186175
v 0.225027 -0.376655 0.196661
v 0.266352 -0.369071 0.185874
v 0.209786 -0.373867 0.169295
v 0.204445 -0.354246 0.148398
v 0.210690 -0.404171 0.140643
v 0.231598 -0.342572 0.164226
v 0.215443 -0.367670 0.139817
v 0.223717 -0.376856 0.093263
v 0.236483 -0.346638 0.097181
v 0.265160 -0.344076 0.166971
v 0.258845 -0.396543 0.088597
v 0.266595 -0.326192 0.144034
v 0.266770 -0.366720 0.113004
v 0.213852 -0.447166 -0.007097
v 0.229961 -0.435694 0.046125
v 0.221354 -0.433589 0.020955
v 0.234083 -0.430189 0.007953
v 0.206046 -0.371113 0.074685
v 0.208339 -0.361360 0.078685
v 0.231412 -0.416797 0.052093
v 0.225313 -0.411867 0.029457
v 0.221514 -0.367500 0.019288
v 0.239603 -0.403700 0.010953
v 0.254501 -0.341381 0.028321
v 0.240600 -0.369063 0.006216
v 0.264594 -0.401356 0.009548
v 0.268030 -0.361300 0.014499
v 0.284906 -0.403391 0.003688
v 0.287716 -0.350400 0.009402
v 0.085965 -0.221657 0.431117
v 0.080074 -0.187908 0.409232
v 0.073631 -0.174294 0.391099
v 0.067863 -0.149887 0.369947
v 0.075475 -0.122272 0.378127
v 0.072942 -0.098626 0.390136
v 0.089187 -0.156359 0.376845
v -0.000108 -0.025422 0.395768
v 0.035709 -0.080064 0.384083
v 0.070143 -0.059401 0.395175
v 0.067773 -0.029823 0.403712
v 0.101155 -0.027322 0.395033
v 0.104364 -0.042717 0.395545
v 0.061793 0.058039 0.416101
v 0.061385 0.036502 0.411685
v 0.070533 0.002831 0.401878
v 0.073146 0.061821 0.366999
v 0.101110 0.118206 0.432740
v 0.072523 0.148119 0.419832
v 0.081489 0.087652 0.430086
v 0.068719 0.217550 0.372927
v 0.080930 0.181360 0.388763
v 0.044936 -0.126494 0.341645
v 0.037174 0.306436 0.323924
v 0.060921 0.264014 0.349314
v 0.094954 0.310358 0.311098
v 0.086726 0.363607 0.265994
v 0.035861 0.402688 0.225365
v 0.094073 0.407651 0.200433
v 0.021142 0.436076 0.161200
v 0.040184 0.467801 0.076199
v 0.073224 0.437963 0.145583
v 0.120437 0.438317 0.110427
v 0.020250 0.473737 0.052978
v 0.069542 0.471264 -0.043555
v 0.116116 0.461569 -0.015067
v 0.127617 -0.233803 0.417581
v 0.182344 -0.274883 0.359302
v 0.133021 -0.186289 0.390249
v 0.168492 -0.236636 0.386449
v 0.166411 -0.195682 0.363412
v 0.110929 -0.144270 0.367152
v 0.130385 -0.096537 0.377663
v 0.158488 -0.170311 0.347166
v 0.132019 -0.043810 0.385084
v 0.152197 -0.059355 0.384410
v 0.180472 -0.049198 0.371812
v 0.110317 0.110208 0.423304
v 0.141344 0.134735 0.423909
v 0.145645 0.123225 0.417519
v 0.178119 0.133546 0.413071
v 0.210212 0.122406 0.382619
v 0.207468 0.131272 0.398305
v 0.127104 0.197371 0.369314
v 0.173093 0.168562 0.383531
v 0.152782 -0.292932 0.306653
v 0.190041 -0.257305 0.348104
v 0.204475 -0.257650 0.297521
v 0.189321 -0.214873 0.333003
v 0.189305 -0.185817 0.305745
v 0.206027 -0.242970 0.295668
v 0.166879 -0.150318 0.338955
v 0.195429 -0.108943 0.351625
v 0.168294 -0.038694 0.334183
v 0.119027 0.262220 0.338334
v 0.193407 0.193973 0.344509
v 0.157761 0.330967 0.276688
v 0.165162 0.295464 0.290434
v 0.183620 0.271556 0.304253
v 0.163936 -0.327313 0.204554
v 0.204924 -0.336357 0.171183
v 0.242585 0.332066 0.212490
v 0.122711 0.389946 0.211673
v 0.143850 0.369413 0.238816
v 0.139614 0.411986 0.165865
v 0.189231 0.365254 0.218098
v 0.201450 0.401105 0.127046
v 0.155340 0.436263 0.071897
v 0.215030 0.422892 -0.006961
v 0.213701 -0.049500 0.365644
v 0.223845 0.144306 0.380963
v 0.237052 0.116469 0.370196
v 0.208152 -0.214383 0.267064
v 0.192763 -0.165188 0.312663
v 0.239494 -0.133998 0.303476
v 0.243733 -0.177760 0.231188
v 0.265565 -0.087560 0.346498
v 0.284534 -0.138669 0.255223
v 0.217410 -0.042976 0.356449
v 0.254851 -0.025421 0.341953
v 0.288299 -0.075260 0.340344
v 0.259247 -0.042487 0.348585
v 0.269503 -0.009759 0.329269
v 0.317327 -0.058686 0.318438
v 0.318469 -0.023677 0.294326
v 0.257213 0.021269 0.277266
v 0.276804 0.007980 0.319964
v 0.279191 0.060448 0.316028
v 0.282696 0.034392 0.306474
v 0.293624 0.023874 0.307725
v 0.289618 0.063185 0.314808
v 0.240399 0.109000 0.350579
v 0.258947 0.136201 0.347108
v 0.262665 0.112751 0.349920
v 0.271169 0.094845 0.338007
v 0.267666 0.084974 0.326812
v 0.317524 0.116594 0.285595
v 0.255189 0.170208 0.319756
v 0.252966 0.236772 0.286300
v 0.243365 0.199648 0.308613
v 0.305204 0.197014 0.256550
v 0.219560 0.296933 0.257233
v 0.225848 -0.252227 0.278820
v 0.250685 -0.263045 0.230210
v 0.254286 -0.290245 0.175620
v 0.216941 -0.195336 0.248878
v 0.242786 -0.222395 0.230797
v 0.249938 -0.196950 0.208335
v 0.249550 -0.251934 0.264030
v 0.262359 -0.265671 0.197757
v 0.252971 -0.218930 0.199707
v 0.268750 -0.178149 0.199896
v 0.282292 0.235846 0.260534
v 0.254476 0.296039 0.225452
v 0.294984 0.295658 0.175513
v 0.312288 0.268885 0.191607
v 0.231179 0.370416 0.160451
v 0.276041 0.329013 0.173170
v 0.218950 -0.310823 0.166706
v 0.258410 -0.310879 0.162347
v 0.232473 -0.338896 0.066991
v 0.255187 -0.314733 0.123036
v 0.263287 -0.275305 0.117449
v 0.255300 -0.305183 0.099357
v 0.262990 -0.253238 0.155519
v 0.279498 -0.208527 0.168531
v 0.273059 -0.253459 0.131154
v 0.325842 -0.178210 0.160874
v 0.238635 0.406589 0.040677
v 0.285282 0.357754 0.085420
v 0.285208 -0.312675 0.033811
v 0.302353 -0.271611 0.062087
v 0.306895 -0.326071 -0.004204
v 0.286976 0.368030 0.042763
v 0.275202 0.388394 -0.012510
v 0.320489 -0.094754 0.300984
v 0.337403 -0.074199 0.300559
v 0.344906 -0.059347 0.286399
v 0.350086 -0.082911 0.272586
v 0.359280 -0.017954 0.232490
v 0.322897 0.026443 0.279260
v 0.317460 0.059495 0.288506
v 0.344278 -0.110474 0.228031
v 0.317491 -0.149067 0.209300
v 0.373127 -0.095266 0.200531
v 0.370492 -0.133604 0.159521
v 0.381905 -0.062339 0.206273
v 0.385098 -0.031531 0.183890
v 0.416257 -0.074121 0.151248
v 0.364729 0.035779 0.227680
v 0.385928 0.054139 0.183570
v 0.404096 -0.010584 0.146444
v 0.346637 0.092118 0.246029
v 0.347394 0.152710 0.226044
v 0.373422 0.087027 0.184974
v 0.364445 0.172395 0.167189
v 0.334210 0.213427 0.210118
v 0.317667 -0.243476 0.091959
v 0.353304 -0.164144 0.152040
v 0.364056 -0.178816 0.109191
v 0.399203 -0.151700 0.087345
v 0.404356 -0.127269 0.110265
v 0.394322 0.053579 0.119306
v 0.395311 0.027656 0.155024
v 0.399379 0.055706 0.074997
v 0.380068 0.148009 0.102546
v 0.388075 0.120858 0.058618
v 0.344206 0.250882 0.152995
v 0.369699 0.190592 0.123159
v 0.381319 0.211696 0.059211
v 0.377710 0.176392 0.065842
v 0.321949 0.304348 0.121729
v 0.335483 0.310320 0.072739
v 0.371339 0.259748 0.039726
v 0.306221 -0.291384 0.014826
v 0.361185 -0.218168 0.051568
v 0.398256 -0.171776 0.026439
v 0.385087 -0.200578 -0.014825
v 0.399527 0.098920 0.046321
v 0.394585 0.148216 0.001212
v 0.392332 0.194973 0.006636
v 0.396233 0.233035 -0.026816
v 0.334688 0.326681 0.016904
v 0.365661 0.287812 -0.020553
v 0.338253 0.325095 -0.052160
v 0.431417 -0.098813 0.118622
v 0.422867 -0.045038 0.116739
v 0.436694 -0.087670 0.110654
v 0.429408 -0.122089 0.040160
v 0.434407 -0.117636 -0.015816
v 0.444976 -0.092213 0.054068
v 0.439207 -0.021425 0.046090
v 0.441735 -0.066784 0.032542
v 0.421058 0.022510 0.063511
v 0.416856 0.043313 0.032555
v 0.434452 0.027290 -0.037129
v 0.052954 -0.476743 -0.112497
v 0.052005 -0.411340 -0.153242
v 0.099595 -0.477409 -0.095993
v 0.116188 -0.446861 -0.115784
v 0.018592 -0.401905 -0.167984
v 0.115062 -0.398663 -0.143625
v 0.061607 -0.386069 -0.204085
v 0.089819 -0.351388 -0.261526
v 0.163489 -0.451169 -0.083288
v 0.211590 -0.445068 -0.023654
v 0.204711 -0.428671 -0.055472
v 0.186564 -0.393047 -0.084769
v 0.107692 -0.411787 -0.132376
v 0.151024 -0.366030 -0.206803
v 0.158183 -0.406814 -0.102801
v 0.175114 -0.383680 -0.120626
v 0.179314 -0.359066 -0.194073
v 0.156177 -0.337620 -0.246560
v 0.223222 -0.437892 -0.043919
v 0.225365 -0.419440 -0.057436
v 0.213491 -0.381076 -0.052341
v 0.226533 -0.388772 -0.044858
v 0.218483 -0.369694 -0.062972
v 0.236618 -0.384823 -0.050871
v 0.254067 -0.418817 -0.098839
v 0.248884 -0.379487 -0.075469
v 0.272329 -0.388076 -0.091131
v 0.259351 -0.356128 -0.096998
v 0.290756 -0.362692 -0.092091
v 0.306553 -0.349200 -0.027908
v 0.304810 -0.381309 -0.026695
v 0.296830 -0.392287 -0.075308
v 0.236007 -0.355514 -0.100100
v 0.304879 -0.364963 -0.068189
v 0.154601 0.444868 -0.118040
v 0.099815 0.439859 -0.179203
v 0.054940 0.400169 -0.268160
v 0.026625 0.436152 -0.210722
v 0.108615 0.403186 -0.242229
v 0.063647 -0.306536 -0.328932
v 0.106979 -0.320863 -0.302577
v 0.066555 -0.259336 -0.374064
v 0.084434 0.376982 -0.290276
v 0.057404 -0.210816 -0.412835
v 0.061261 -0.155248 -0.446116
v 0.136671 -0.111873 -0.447235
v 0.005430 0.215423 -0.442298
v 0.066402 0.209093 -0.439147
v 0.083656 0.164756 -0.453707
v 0.009700 0.328028 -0.365068
v 0.055682 0.267301 -0.406520
v 0.067883 0.294710 -0.380613
v 0.122027 0.279215 -0.385170
v 0.076325 -0.103743 -0.465816
v 0.079070 -0.052222 -0.480934
v 0.068740 -0.002511 -0.487168
v 0.075991 0.094360 -0.476850
v 0.132112 0.024628 -0.471231
v 0.141052 0.119741 -0.452967
v 0.175642 0.439942 -0.084517
v 0.233222 0.385155 -0.162104
v 0.153501 0.409506 -0.201941
v 0.209782 0.410072 -0.127058
v 0.156357 -0.320034 -0.282156
v 0.137180 0.374407 -0.273920
v 0.207972 0.362280 -0.239425
v 0.151825 -0.274971 -0.336237
v 0.196461 -0.276698 -0.307729
v 0.114336 -0.234108 -0.381984
v 0.158984 -0.246625 -0.351014
v 0.177852 -0.217793 -0.371270
v 0.183128 -0.179401 -0.396385
v 0.085931 0.328483 -0.347821
v 0.148787 0.321566 -0.329744
v 0.194578 0.319038 -0.304625
v 0.162331 0.344603 -0.292343
v 0.145154 -0.181991 -0.411409
v 0.132590 -0.144841 -0.428150
v 0.193870 -0.141437 -0.400629
v 0.191352 -0.113110 -0.419366
v 0.197898 -0.062973 -0.437559
v 0.200275 -0.014168 -0.439094
v 0.198563 0.112966 -0.425363
v 0.141547 0.236651 -0.403062
v 0.124750 0.204060 -0.423702
v 0.143208 0.180861 -0.433096
v 0.192523 0.176072 -0.415473
v 0.192406 0.208270 -0.391295
v 0.179033 0.276099 -0.363614
v 0.139028 -0.076508 -0.460674
v 0.141036 -0.032911 -0.467938
v 0.140651 0.078661 -0.461680
v 0.304268 -0.329883 -0.065680
v 0.298244 -0.307538 -0.093009
v 0.296812 0.362482 -0.064248
v 0.236233 0.406175 -0.078272
v 0.232698 -0.332214 -0.174586
v 0.259952 -0.327823 -0.115264
v 0.271613 -0.336493 -0.097677
v 0.291440 -0.298897 -0.146340
v 0.283000 0.359583 -0.142514
v 0.234143 -0.314462 -0.208491
v 0.241751 -0.272035 -0.270475
v 0.294113 -0.273665 -0.209171
v 0.247565 0.314768 -0.265012
v 0.283239 0.328527 -0.210579
v 0.303480 0.295604 -0.212641
v 0.239200 0.369207 -0.196624
v 0.217318 -0.244587 -0.318296
v 0.231934 -0.192657 -0.356596
v 0.264588 -0.230989 -0.293360
v 0.287380 -0.181158 -0.316190
v 0.259200 -0.134296 -0.360082
v 0.294374 -0.148622 -0.321020
v 0.256588 0.154143 -0.385446
v 0.310161 0.123249 -0.339448
v 0.219798 0.276421 -0.334211
v 0.297061 0.177908 -0.333099
v 0.282977 0.236423 -0.308901
v 0.258856 0.286595 -0.288872
v 0.267616 -0.036198 -0.393251
v 0.266609 -0.002989 -0.390711
v 0.262149 -0.088135 -0.389283
v 0.204448 0.054101 -0.440816
v 0.262767 0.089113 -0.391663
v 0.265624 0.030035 -0.400711
v 0.260902 0.113986 -0.384240
v 0.240199 0.213096 -0.357953
v 0.315588 -0.291876 -0.019046
v 0.315120 -0.294536 -0.066409
v 0.367949 -0.231758 -0.023052
v 0.344727 -0.260327 -0.084123
v 0.379326 -0.210417 -0.093059
v 0.400501 -0.178586 -0.036141
v 0.404964 0.206923 -0.058854
v 0.392525 0.234121 -0.083758
v 0.378157 0.263823 -0.093873
v 0.337988 -0.255145 -0.137382
v 0.323924 -0.245455 -0.188474
v 0.342245 -0.214966 -0.203648
v 0.370090 -0.207516 -0.151168
v 0.390447 -0.162310 -0.154397
v 0.407296 0.207562 -0.108067
v 0.394073 0.208856 -0.157498
v 0.387949 0.174748 -0.213224
v 0.336308 0.303972 -0.140684
v 0.339853 0.270211 -0.201466
v 0.367510 0.266781 -0.147027
v 0.299482 -0.222990 -0.259018
v 0.368069 -0.175371 -0.201518
v 0.334505 -0.160280 -0.266907
v 0.360132 -0.092515 -0.279605
v 0.368326 -0.146393 -0.216697
v 0.367999 -0.033804 -0.289812
v 0.381643 -0.105976 -0.223785
v 0.392565 -0.031296 -0.235298
v 0.371716 0.028817 -0.283241
v 0.355849 0.160129 -0.270893
v 0.392139 0.086538 -0.238199
v 0.308422 0.268000 -0.248171
v 0.331851 0.214179 -0.264620
v 0.365866 0.219337 -0.208887
v 0.308792 -0.122155 -0.326088
v 0.315975 -0.062192 -0.345195
v 0.315598 -0.024640 -0.350374
v 0.327070 0.008422 -0.343561
v 0.322736 0.055394 -0.345650
v 0.361416 0.089643 -0.290323
v 0.286421 0.204757 -0.320815
v 0.410906 -0.151990 -0.069179
v 0.417249 -0.120764 -0.085611
v 0.444944 -0.000561 -0.020290
v 0.441419 -0.051172 -0.033966
v 0.435134 -0.044152 -0.089199
v 0.428631 0.079074 -0.045783
v 0.440336 0.002961 -0.068906
v 0.438993 0.033435 -0.099382
v 0.419806 0.115100 -0.027748
v 0.416990 0.145635 -0.057683
v 0.423613 0.158566 -0.096567
v 0.426327 0.119272 -0.087405
v 0.433935 0.087661 -0.104317
v 0.394699 -0.119997 -0.172148
v 0.428215 -0.090949 -0.106012
v 0.407319 -0.060950 -0.201517
v 0.420636 -0.017977 -0.156456
v 0.426233 0.083113 -0.155272
v 0.413489 0.057632 -0.215825
v 0.431714 0.033175 -0.156250
v 0.422485 0.151463 -0.147049
v 0.414131 0.124819 -0.172917
v 0.402027 -0.003914 -0.227690
v 0.395736 0.119465 -0.222202
vn 0.4643 -0.8467 0.2597
vn -0.0415 -0.6968 0.7161
vn 0.9305 -0.3468 0.1181
vn 0.2501 -0.9556 -0.1557
vn -0.8625 0.2378 -0.4467
vn -0.3948 0.3500 -0.8495
vn -0.2797 0.5391 -0.7944
vn -0.7574 0.0155 -0.6528
vn -0.4430 0.3066 -0.8425
vn -0.8038 0.0812 -0.5893
vn 0.9369 -0.3068 0.1678
vn 0.9186 0.1854 0.3491
vn 0.3687 -0.8784 0.3041
vn 0.1959 -0.1813 0.9637
vn -0.8961 -0.2167 -0.3873
vn -0.6293 -0.7478 0.2118
vn -0.8279 -0.5600 0.0301
vn -0.7968 -0.1746 0.5784
vn -0.7317 -0.3395 0.5910
vn -0.3270 -0.4732 0.8180
vn -0.1996 -0.0832 0.9763
vn -0.1926 -0.2752 0.9419
vn -0.6181 -0.1394 0.7737
vn -0.9109 0.3757 -0.1708
vn -0.7108 -0.3631 0.6024
vn -0.8360 -0.5330 -0.1307
vn -0.9381 0.0290 0.3452
vn -0.9973 -0.0733 0.0001
vn -0.5239 -0.8404 0.1386
vn -0.1159 -0.9821 0.1483
vn -0.3940 -0.9185 -0.0351
vn -0.5385 -0.8394 -0.0736
vn -0.4692 -0.8830 -0.0131
vn 0.5873 0.2981 0.7525
vn -0.3605 -0.9326 -0.0162
vn -0.5585 -0.5622 0.6099
vn -0.2381 0.2080 0.9487
vn -0.7905 -0.4876 0.3706
vn -0.8852 -0.3704 0.2814
vn -0.9543 0.1348 0.2669
vn -0.9311 0.2202 0.2908
vn -0.9481 0.2246 0.2252
vn -0.9125 -0.4006 0.0832
vn -0.9789 -0.1815 -0.0934
vn -0.8629 -0.5017 0.0607
vn -0.9931 0.0186 0.1154
vn -0.9865 0.1444 0.0771
vn -0.9597 0.2125 0.1838
vn -0.9302 0.2893 0.2258
vn -0.4352 -0.7723 0.4627
vn -0.8037 -0.3179 0.5031
vn -0.8597 0.1395 0.4914
vn -0.6086 -0.0408 0.7925
vn -0.6535 0.2686 0.7077
vn -0.4412 0.1402 0.8864
vn -0.5722 -0.5571 0.6019
vn -0.7059 0.2979 0.6426
vn -0.7985 0.0588 0.5991
vn -0.7489 -0.5326 0.3944
vn -0.5758 -0.7161 0.3945
vn -0.4976 -0.7167 0.4886
vn -0.9222 0.0999 0.3737
vn -0.8723 -0.1891 0.4510
vn -0.9317 0.2336 0.2783
vn -0.8429 0.1588 0.5141
vn -0.7206 0.1810 0.6694
vn -0.9469 0.2008 0.2512
vn -0.8788 0.2880 0.3805
vn -0.8172 0.3450 0.4618
vn -0.8684 0.1144 0.4825
vn -0.9071 0.1946 0.3734
vn -0.8517 0.3542 0.3862
vn -0.7502 0.4323 0.5004
vn -0.6473 0.6207 0.4424
vn -0.8087 -0.4980 0.3130
vn -0.5948 -0.6302 0.4991
vn -0.6363 -0.6336 0.4401
vn -0.6556 -0.6864 0.3148
vn -0.5369 -0.6157 0.5768
vn -0.5750 -0.6379 0.5123
vn -0.8821 -0.1830 0.4342
vn -0.8014 -0.5450 0.2465
vn -0.6911 -0.5889 0.4190
vn -0.9174 0.1649 0.3622
vn -0.9595 0.1594 0.2322
vn -0.9474 0.2196 0.2330
vn -0.9397 0.2066 0.2725
vn -0.9655 0.0695 0.2510
vn -0.8851 0.3372 0.3207
vn -0.8109 0.4570 0.3654
vn -0.7611 0.6048 0.2343
vn -0.7249 0.5358 0.4329
vn -0.6918 0.6715 0.2654
vn -0.7533 -0.6405 0.1497
vn -0.8168 -0.5230 0.2435
vn -0.7517 -0.6080 0.2554
vn -0.7522 -0.6589 -0.0082
vn -0.8530 -0.5132 0.0947
vn -0.9612 0.1877 0.2023
vn -0.8982 0.3824 0.2166
vn -0.8062 0.5859 0.0826
vn -0.6773 0.7162 0.1683
vn -0.6443 -0.0750 0.7611
vn -0.6634 0.3429 0.6651
vn -0.6269 -0.2924 0.7221
vn -0.5922 -0.3136 0.7422
vn -0.4095 0.2659 0.8727
vn -0.4298 0.5536 0.7132
vn -0.8109 -0.2107 0.5459
vn -0.6636 -0.2618 0.7007
vn -0.8883 0.0731 0.4534
vn -0.7136 0.2404 0.6580
vn -0.8502 0.1816 0.4941
vn -0.3695 -0.6893 0.6232
vn -0.3258 -0.5153 0.7926
vn -0.4744 -0.4061 0.7810
vn -0.5646 -0.6324 0.5304
vn -0.3750 -0.4145 0.8292
vn -0.3696 0.3368 0.8660
vn -0.4963 0.2789 0.8221
vn -0.3054 -0.3095 0.9005
vn -0.3090 0.3820 0.8710
vn 0.4461 0.8367 0.3177
vn -0.6132 -0.0025 0.7899
vn -0.2973 0.1834 0.9370
vn -0.3465 -0.1567 0.9249
vn -0.7386 0.1023 0.6663
vn -0.6750 -0.1180 0.7283
vn -0.7411 0.4208 0.5231
vn -0.6899 -0.0486 0.7222
vn -0.5770 0.5940 0.5605
vn -0.7196 0.3866 0.5767
vn -0.6809 0.4128 0.6049
vn -0.6060 0.4144 0.6790
vn -0.4026 0.6284 0.6657
vn -0.5446 0.4650 0.6980
vn -0.5606 0.5773 0.5937
vn -0.9811 -0.0825 0.1752
vn -0.9844 -0.0875 0.1527
vn -0.9999 0.0014 -0.0120
vn -0.9958 -0.0869 0.0304
vn -0.6777 -0.3547 0.6441
vn -0.2405 -0.5166 0.8218
vn -0.9500 -0.2010 0.2389
vn -0.8464 0.3409 0.4090
vn -0.8533 0.2125 0.4761
vn -0.6591 -0.5179 0.5454
vn -0.7866 -0.2119 0.5799
vn -0.6624 0.5375 0.5219
vn -0.5827 0.6056 0.5419
vn -0.5157 0.5684 0.6410
vn -0.4251 0.7725 0.4716
vn -0.9786 0.0168 -0.2049
vn -0.6517 -0.6907 0.3134
vn -0.9186 -0.3313 0.2152
vn -0.9405 -0.3397 0.0010
vn -0.6979 -0.6240 0.3515
vn -0.7339 -0.4597 0.5001
vn -0.5803 0.7465 0.3254
vn -0.5107 0.8123 0.2818
vn -0.6453 -0.6143 0.4542
vn -0.6814 -0.6906 0.2424
vn -0.5812 0.8076 0.1006
vn -0.6535 0.7160 0.2456
vn -0.6637 0.4044 0.6293
vn -0.4315 0.4465 0.7839
vn -0.3857 0.5321 0.7537
vn -0.2599 -0.3019 0.9172
vn -0.4066 0.4674 0.7850
vn -0.2882 -0.0114 0.9575
vn -0.2454 0.3111 0.9182
vn -0.2507 -0.0954 0.9634
vn -0.5430 0.2974 0.7853
vn -0.5184 0.3467 0.7817
vn -0.0036 -0.2216 0.9751
vn -0.2198 0.6114 0.7602
vn -0.3117 0.3633 0.8780
vn -0.2250 -0.1186 0.9671
vn -0.2050 0.3239 0.9236
vn -0.5071 -0.6494 0.5666
vn -0.0662 0.6467 0.7599
vn -0.1669 0.6870 0.7072
vn -0.2768 0.5227 0.8063
vn -0.2739 0.4410 0.8547
vn -0.9040 0.0692 0.4219
vn -0.2463 -0.8386 0.4859
vn -0.8623 0.2011 0.4648
vn -0.8986 0.1519 0.4116
vn -0.8187 -0.1086 0.5639
vn -0.6065 0.1513 0.7806
vn -0.4056 -0.1218 0.9059
vn -0.4240 0.4791 0.7686
vn -0.4038 0.5835 0.7046
vn -0.3339 0.6747 0.6583
vn -0.2228 0.7000 0.6785
vn -0.2911 0.5459 0.7857
vn -0.4258 0.6746 0.6030
vn -0.2741 0.7586 0.5911
vn -0.4417 0.8203 0.3635
vn -0.2793 0.8292 0.4841
vn -0.3538 0.8912 0.2838
vn -0.4277 0.8931 0.1393
vn -0.4450 0.8938 0.0562
vn -0.3009 0.9428 0.1435
vn -0.2774 0.9606 -0.0189
vn -0.2355 0.5356 0.8109
vn -0.1800 0.5664 0.8042
vn -0.2067 0.5122 0.8336
vn 0.3102 0.6075 0.7312
vn -0.0755 0.1819 0.9804
vn -0.0923 -0.2618 0.9607
vn 0.5380 0.1783 0.8239
vn -0.0654 0.0301 0.9974
vn 0.1791 -0.2857 0.9414
vn -0.0299 -0.3155 0.9484
vn -0.3279 0.2772 0.9032
vn -0.3115 -0.3927 0.8653
vn -0.3427 -0.2684 0.9003
vn -0.0291 -0.1289 0.9912
vn 0.0234 -0.3862 0.9221
vn -0.3643 -0.2010 0.9093
vn -0.7150 -0.5341 0.4512
vn -0.7802 -0.5880 0.2131
vn -0.0440 -0.4209 0.9061
vn 0.0289 -0.0539 0.9981
vn -0.0262 0.4599 0.8876
vn -0.1195 0.4205 0.8994
vn -0.1583 0.4320 0.8878
vn -0.0433 0.5137 0.8569
vn -0.0139 0.5149 0.8571
vn -0.0002 0.4118 0.9113
vn 0.7351 0.3108 0.6025
vn -0.1438 0.5573 0.8178
vn -0.0669 0.6476 0.7590
vn -0.1648 0.7313 0.6618
vn -0.0278 0.7214 0.6919
vn -0.1923 0.7459 0.6377
vn -0.1298 0.8577 0.4974
vn -0.0474 0.8174 0.5741
vn -0.2228 0.9186 0.3265
vn -0.0457 0.9517 0.3035
vn -0.1311 0.9821 0.1352
vn -0.0234 0.9997 -0.0038
vn -0.9296 -0.2399 0.2797
vn -0.9788 -0.1224 0.1640
vn -0.9862 -0.0080 -0.1651
vn -0.8002 -0.0795 -0.5944
vn 0.3332 0.0537 -0.9413
vn -0.4580 -0.8868 0.0609
vn -0.4435 -0.5483 -0.7090
vn -0.4913 0.0343 -0.8703
vn 0.2096 -0.0036 -0.9778
vn 0.6550 0.0567 -0.7535
vn -0.0855 -0.2634 -0.9609
vn 0.6852 -0.1543 -0.7119
vn 0.6960 0.4039 -0.5937
vn 0.4822 -0.5815 -0.6552
vn 0.0295 -0.0639 -0.9975
vn -0.0601 -0.8440 -0.5330
vn -0.4042 -0.8112 -0.4225
vn -0.4535 -0.3539 -0.8180
vn -0.4922 -0.4222 -0.7612
vn -0.5387 -0.3190 -0.7797
vn -0.5134 -0.8205 -0.2514
vn -0.3938 -0.8533 -0.3419
vn -0.5723 -0.4338 -0.6959
vn -0.6214 -0.5060 -0.5983
vn -0.4721 -0.8164 -0.3328
vn -0.6286 -0.2944 -0.7199
vn -0.4020 -0.3305 -0.8539
vn -0.4383 -0.4633 -0.7702
vn -0.3273 -0.7896 -0.5190
vn -0.1837 -0.4676 -0.8646
vn -0.2557 -0.5438 -0.7993
vn -0.0682 -0.7056 -0.7054
vn -0.0017 -0.6075 -0.7943
vn -0.0397 -0.5670 -0.8227
vn -0.2608 -0.8588 -0.4411
vn -0.1570 -0.8268 -0.5402
vn -0.1430 -0.8721 -0.4680
vn -0.0199 -0.9062 -0.4223
vn 0.0041 -0.8294 -0.5586
vn -0.9268 -0.3216 -0.1940
vn -0.8782 -0.4740 -0.0640
vn -0.9998 -0.0120 0.0128
vn -0.9746 -0.1482 -0.1677
vn -0.9815 -0.1536 -0.1141
vn -0.9851 0.1323 0.1100
vn -0.9926 0.1072 -0.0575
vn -0.9919 -0.0531 -0.1158
vn -0.9572 0.2031 0.2060
vn -0.9807 0.1951 0.0141
vn -0.9440 0.3270 -0.0444
vn -0.9099 -0.2962 -0.2905
vn -0.9548 -0.1843 -0.2334
vn -0.8981 -0.1633 -0.4083
vn -0.9581 -0.0240 -0.2856
vn -0.8905 0.1311 -0.4357
vn -0.9631 0.0955 -0.2518
vn -0.9509 0.2143 -0.2232
vn -0.8947 0.3795 -0.2354
vn -0.8859 -0.0564 -0.4605
vn -0.7407 -0.6445 -0.1897
vn -0.8081 -0.5367 -0.2429
vn -0.8961 -0.4429 0.0278
vn -0.9843 -0.1517 -0.0901
vn -0.8680 -0.4925 -0.0629
vn -0.8771 -0.4443 -0.1826
vn -0.8116 -0.5521 -0.1912
vn -0.7806 -0.6188 -0.0881
vn -0.9471 0.3065 0.0956
vn -0.8405 0.5276 -0.1231
vn -0.8304 0.5547 -0.0518
vn -0.7853 0.5934 -0.1768
vn -0.7179 0.6947 0.0454
vn -0.6286 0.7766 -0.0414
vn -0.8106 -0.4950 -0.3129
vn -0.8238 -0.5045 -0.2587
vn -0.7549 -0.5511 -0.3556
vn -0.8465 -0.4589 -0.2699
vn -0.8394 -0.3481 -0.4175
vn -0.7851 0.4717 -0.4013
vn -0.6840 0.6159 -0.3910
vn -0.7991 0.5347 -0.2747
vn -0.7507 -0.4763 -0.4578
vn -0.6905 -0.5692 -0.4464
vn -0.7689 -0.5119 -0.3831
vn -0.7993 -0.3238 -0.5062
vn -0.7394 -0.3670 -0.5645
vn -0.8392 -0.1971 -0.5069
vn -0.8239 -0.0523 -0.5643
vn -0.8666 0.2847 -0.4099
vn -0.8217 0.1585 -0.5474
vn -0.7982 0.1910 -0.5713
vn -0.7295 0.4098 -0.5476
vn -0.7152 0.5755 -0.3965
vn -0.6630 0.5360 -0.5226
vn -0.6803 -0.3768 -0.6287
vn -0.7883 -0.0546 -0.6129
vn -0.7519 -0.3186 -0.5772
vn -0.7281 -0.1074 -0.6770
vn -0.8032 -0.0753 -0.5909
vn -0.7475 -0.0670 -0.6608
vn -0.7148 0.1832 -0.6749
vn -0.7949 0.0903 -0.5999
vn -0.7139 0.1797 -0.6768
vn -0.6811 0.1201 -0.7223
vn -0.6262 0.4331 -0.6483
vn -0.4997 0.8366 -0.2247
vn -0.4604 0.8605 -0.2181
vn -0.5097 0.8590 -0.0485
vn -0.3833 0.9195 -0.0875
vn -0.6766 -0.6464 -0.3527
vn -0.6083 -0.7195 -0.3351
vn -0.5754 -0.7131 -0.4005
vn -0.5971 0.7234 -0.3468
vn -0.5488 0.8127 -0.1957
vn -0.5729 -0.7048 -0.4185
vn -0.4523 -0.7112 -0.5381
vn -0.4607 -0.7597 -0.4589
vn -0.5867 0.5355 -0.6074
vn -0.5094 0.6453 -0.5693
vn -0.5636 0.6554 -0.5028
vn -0.4275 0.8040 -0.4133
vn -0.4087 0.7106 -0.5727
vn -0.4709 -0.6341 -0.6133
vn -0.6474 -0.5249 -0.5526
vn -0.5784 -0.4514 -0.6794
vn -0.6035 -0.4007 -0.6893
vn -0.5947 -0.3600 -0.7189
vn -0.6762 -0.1244 -0.7262
vn -0.6661 -0.0723 -0.7424
vn -0.5529 0.3420 -0.7598
vn -0.4874 0.4752 -0.7326
vn -0.4367 0.5870 -0.6817
vn -0.4680 -0.4073 -0.7843
vn -0.4399 -0.3533 -0.8256
vn -0.4739 -0.2759 -0.8362
vn -0.5190 -0.0487 -0.8534
vn -0.6416 0.0310 -0.7664
vn -0.5096 0.0233 -0.8601
vn -0.4808 0.1772 -0.8588
vn -0.4664 0.2726 -0.8416
vn -0.6029 0.1750 -0.7784
vn -0.4601 0.2514 -0.8515
vn -0.4756 0.2249 -0.8504
vn -0.2749 0.9368 -0.2164
vn -0.3796 0.8782 -0.2911
vn -0.2622 0.8749 -0.4073
vn -0.1809 0.9646 -0.1919
vn -0.3226 -0.7540 -0.5722
vn -0.2491 0.7722 -0.5845
vn -0.3167 -0.6966 -0.6438
vn -0.2124 -0.7201 -0.6606
vn -0.1766 -0.7441 -0.6443
vn -0.1957 -0.7285 -0.6565
vn -0.3863 -0.5834 -0.7145
vn -0.2640 -0.6004 -0.7548
vn -0.3525 0.6723 -0.6510
vn -0.2726 0.5641 -0.7794
vn -0.2800 -0.5537 -0.7842
vn -0.3178 -0.4978 -0.8070
vn -0.1014 -0.5371 -0.8374
vn -0.1462 -0.5523 -0.8207
vn -0.2989 -0.3630 -0.8826
vn -0.4766 -0.0562 -0.8773
vn -0.3242 -0.1434 -0.9351
vn -0.3272 0.0375 -0.9442
vn -0.3911 0.3194 -0.8631
vn -0.4166 0.4362 -0.7976
vn -0.3704 0.5327 -0.7610
vn -0.3004 0.5014 -0.8114
vn -0.3047 0.3762 -0.8750
vn -0.1997 -0.0117 -0.9798
vn -0.1422 -0.3171 -0.9377
vn -0.3307 0.2290 -0.9156
vn -0.1599 0.0216 -0.9869
vn -0.1611 0.9823 -0.0957
vn -0.1223 0.9563 -0.2655
vn -0.0602 0.9729 -0.2234
vn 0.0813 0.9824 -0.1683
vn -0.1185 0.8917 -0.4368
vn 0.0350 0.8340 -0.5506
vn -0.0327 0.9418 -0.3346
vn -0.0504 -0.7622 -0.6454
vn -0.0025 -0.6794 -0.7338
vn -0.2305 0.6299 -0.7417
vn -0.0628 0.7924 -0.6067
vn -0.1083 0.6443 -0.7571
vn 0.0890 0.7712 -0.6304
vn -0.1462 -0.5924 -0.7923
vn 0.0559 -0.5454 -0.8363
vn -0.0025 -0.5409 -0.8411
vn 0.0145 -0.4893 -0.8720
vn -0.1505 0.3755 -0.9145
vn -0.1741 0.5150 -0.8393
vn -0.0036 0.3646 -0.9312
vn -0.0763 0.5776 -0.8128
vn -0.0018 0.5919 -0.8060
vn 0.0311 -0.3192 -0.9472
vn -0.1746 -0.0707 -0.9821
vn -0.0021 -0.0297 -0.9996
vn 0.0008 -0.1889 -0.9820
vn -0.1704 0.1585 -0.9726
vn 0.0172 0.1047 -0.9944
vn -0.1854 0.3021 -0.9351
vn -0.0149 0.3332 -0.9427
vn 0.0085 0.2253 -0.9743
vn 0.8042 -0.3275 0.4960
vn 0.7688 -0.3819 0.5129
vn 0.6766 -0.6076 0.4160
vn 0.6637 -0.4657 0.5854
vn 0.7777 -0.4438 0.4452
vn 0.6422 -0.7660 -0.0292
vn 0.1189 -0.9921 -0.0406
vn 0.5869 -0.5185 0.6219
vn 0.0050 -0.2048 0.9788
vn -0.0560 -0.1810 0.9819
vn 0.7748 -0.2814 0.5662
vn 0.3054 0.0517 0.9508
vn 0.5814 -0.5908 0.5594
vn 0.3929 -0.9190 -0.0340
vn 0.2025 -0.1954 0.9596
vn 0.0808 -0.3065 0.9484
vn -0.4205 0.1332 0.8974
vn -0.3338 -0.8432 0.4215
vn -0.5323 -0.0331 0.8459
vn 0.2174 0.0677 0.9737
vn 0.0976 0.6761 0.7303
vn -0.0383 0.6016 0.7979
vn -0.7650 -0.6250 -0.1550
vn -0.4514 -0.8778 -0.1604
vn -0.9363 0.2063 0.2842
vn -0.0258 0.4227 0.9059
vn -0.9580 -0.2657 0.1079
vn 0.4386 0.3165 -0.8411
vn 0.7720 -0.1387 -0.6203
vn 0.1861 0.4243 0.8862
vn 0.3413 0.5285 -0.7773
vn 0.9094 0.3761 -0.1777
vn 0.6257 0.4316 -0.6498
vn 0.4945 -0.8268 0.2679
vn 0.9564 -0.0173 -0.2914
vn 0.8706 -0.4326 0.2343
vn 0.6029 -0.4778 0.6390
vn 0.9850 0.0609 -0.1613
vn 0.9029 -0.3999 -0.1577
vn 0.8474 0.4272 -0.3153
vn 0.9780 0.0593 0.1998
vn 0.7702 -0.3085 0.5582
vn 0.4248 -0.0044 0.9053
vn 0.4224 -0.6752 0.6047
vn 0.2185 -0.2798 0.9349
vn 0.0794 -0.0618 0.9949
vn 0.1498 -0.2947 0.9438
vn 0.5701 -0.1152 0.8134
vn 0.6588 -0.2937 0.6926
vn 0.3279 0.4941 0.8052
vn 0.1795 0.6319 0.7539
vn -0.2036 0.7113 0.6728
vn -0.4742 0.1151 0.8729
vn -0.2049 -0.2510 0.9460
vn 0.0411 -0.2398 0.9700
vn 0.1384 0.4275 0.8933
vn 0.0436 -0.2459 0.9683
vn -0.1829 -0.2107 0.9603
vn -0.0488 -0.2098 0.9765
vn 0.0312 -0.0983 0.9947
vn 0.2758 0.0770 0.9581
vn 0.2280 -0.0339 0.9731
vn 0.3500 -0.5302 0.7723
vn 0.0099 -0.2362 0.9717
vn 0.0397 -0.0997 0.9942
vn 0.7935 -0.5928 0.1378
vn 0.2381 -0.0013 0.9712
vn 0.0384 0.5846 0.8104
vn 0.3130 -0.3905 0.8658
vn 0.1311 0.4536 0.8815
vn 0.0876 0.5690 0.8176
vn -0.7679 0.0220 0.6402
vn 0.0552 0.6090 0.7912
vn 0.1033 0.5067 0.8559
vn 0.1996 0.5979 0.7763
vn 0.1397 0.7363 0.6621
vn 0.0628 0.8233 0.5642
vn 0.2075 0.8468 0.4898
vn 0.0368 0.9096 0.4138
vn 0.1438 0.9618 0.2328
vn 0.1597 0.9132 0.3750
vn 0.2817 0.9201 0.2721
vn 0.0698 0.9902 0.1209
vn 0.1625 0.9865 -0.0196
vn 0.2895 0.9559 0.0497
vn 0.4769 0.3969 0.7843
vn 0.8666 -0.3935 0.3070
vn 0.4518 0.5790 0.6787
vn 0.7671 0.2704 0.5817
vn 0.7372 0.4316 0.5199
vn 0.3362 -0.1266 0.9333
vn 0.2533 -0.3095 0.9165
vn 0.6453 0.3397 0.6843
vn 0.3239 0.4869 0.8112
vn 0.2703 -0.0084 0.9627
vn 0.1792 0.7231 0.6671
vn 0.4086 -0.4389 0.8002
vn 0.2399 0.1961 0.9508
vn 0.2686 -0.4100 0.8716
vn 0.3844 0.0243 0.9228
vn 0.0258 -0.8792 0.4758
vn 0.4637 0.2583 0.8475
vn 0.2254 0.5600 0.7972
vn 0.2746 0.6739 0.6858
vn 0.5598 -0.8281 -0.0305
vn 0.9280 -0.0400 0.3704
vn 0.8825 -0.2645 0.3888
vn 0.8990 0.2510 0.3589
vn 0.8915 -0.0051 0.4531
vn 0.8692 0.1801 0.4604
vn 0.5171 -0.2658 0.8136
vn 0.3101 -0.4901 0.8146
vn 0.1659 0.9624 0.2150
vn 0.2655 0.5086 0.8191
vn 0.4023 0.5740 0.7132
vn 0.3575 0.5727 0.7377
vn 0.3822 0.5494 0.7430
vn 0.3898 0.5619 0.7296
vn 0.6891 0.4899 0.5340
vn 0.4841 0.5078 0.7126
vn 0.5833 0.5915 0.5567
vn 0.2790 0.8219 0.4966
vn 0.2584 0.7951 0.5487
vn 0.3244 0.8499 0.4152
vn 0.3919 0.7874 0.4759
vn 0.4389 0.8456 0.3040
vn 0.3397 0.9224 0.1837
vn 0.4116 0.9108 0.0338
vn 0.2390 0.4058 0.8821
vn 0.5666 0.4260 0.7054
vn 0.3816 -0.6093 0.6951
vn 0.8354 0.2614 0.4835
vn 0.6409 -0.4451 0.6254
vn 0.4345 -0.7080 0.5568
vn 0.5900 -0.6223 0.5144
vn 0.3437 -0.4509 0.8237
vn 0.4611 -0.7592 0.4593
vn 0.1178 0.7482 0.6530
vn 0.3725 0.3633 0.8539
vn 0.5021 -0.1760 0.8467
vn 0.3687 0.2958 0.8812
vn 0.3501 0.3479 0.8697
vn 0.6372 0.2017 0.7438
vn 0.7074 0.2898 0.6447
vn -0.6901 0.5379 0.4841
vn -0.0780 0.4916 0.8673
vn 0.1577 -0.4211 0.8932
vn -0.0806 -0.0358 0.9961
vn 0.4865 0.1108 0.8666
vn 0.5065 -0.1909 0.8409
vn 0.0975 -0.8490 0.5193
vn 0.7076 0.3575 0.6096
vn 0.5652 -0.2079 0.7983
vn 0.3867 -0.4306 0.8155
vn -0.4219 -0.6105 0.6703
vn 0.7668 0.1780 0.6168
vn 0.6007 0.5021 0.6221
vn 0.5476 0.4473 0.7071
vn 0.5458 0.3961 0.7383
vn 0.6996 0.3424 0.6271
vn 0.5086 0.5480 0.6641
vn 0.6672 0.3350 0.6653
vn 0.5702 -0.7696 0.2873
vn 0.9035 -0.3241 0.2806
vn 0.7979 -0.1363 0.5871
vn 0.7714 0.4255 0.4732
vn 0.7948 -0.2119 0.5687
vn 0.7201 -0.1574 0.6758
vn 0.9643 -0.2010 0.1723
vn 0.9274 -0.0062 0.3741
vn 0.5404 -0.6438 0.5417
vn 0.6374 0.4581 0.6196
vn 0.6265 0.5192 0.5814
vn 0.6697 0.5591 0.4887
vn 0.6647 0.5709 0.4820
vn 0.5024 0.7871 0.3578
vn 0.6702 0.6019 0.4342
vn 0.0927 -0.5255 0.8457
vn 0.8753 0.1455 0.4611
vn 0.7046 -0.6964 0.1365
vn 0.9765 -0.0296 -0.2135
vn 0.8462 -0.4402 0.3001
vn 0.8578 -0.4836 0.1743
vn 0.9584 -0.1903 0.2125
vn 0.6251 -0.5186 0.5833
vn 0.7071 -0.5529 0.4409
vn 0.4900 -0.6716 0.5558
vn 0.5067 0.8424 0.1835
vn 0.6246 0.7422 0.2430
vn 0.6942 -0.5309 0.4861
vn 0.6652 -0.6432 0.3791
vn 0.8933 -0.2671 0.3615
vn 0.6524 0.7400 0.1635
vn 0.6558 0.7549 0.0115
vn 0.5419 -0.6512 0.5313
vn 0.7632 -0.1835 0.6196
vn 0.8357 0.1969 0.5126
vn 0.8159 -0.4021 0.4155
vn 0.8588 0.1146 0.4993
vn 0.7641 0.0314 0.6443
vn 0.7545 -0.0155 0.6561
vn 0.6290 -0.6819 0.3733
vn 0.5208 -0.6921 0.4998
vn 0.7535 -0.4752 0.4543
vn 0.6766 -0.5590 0.4794
vn 0.8911 -0.0141 0.4536
vn 0.8827 0.1234 0.4535
vn 0.8645 0.0185 0.5024
vn 0.8480 0.0299 0.5291
vn 0.9409 0.1520 0.3028
vn 0.9182 0.1192 0.3776
vn 0.8533 0.1062 0.5105
vn 0.8578 0.2352 0.4571
vn 0.9341 0.2386 0.2654
vn 0.9410 0.2117 0.2641
vn 0.8049 0.3620 0.4701
vn 0.6173 -0.6636 0.4226
vn 0.6437 -0.5921 0.4848
vn 0.7155 -0.6033 0.3523
vn 0.7681 -0.5747 0.2824
vn 0.7183 -0.6156 0.3241
vn 0.9358 0.3029 0.1805
vn 0.9488 0.1627 0.2708
vn 0.9380 0.2979 0.1773
vn 0.9787 -0.0132 0.2048
vn 0.9512 0.2336 0.2019
vn 0.8524 0.4080 0.3272
vn 0.9592 0.2012 0.1986
vn 0.9666 0.1271 0.2226
vn 0.9856 0.0580 0.1591
vn 0.7449 0.5842 0.3222
vn 0.7855 0.5774 0.2226
vn 0.8935 0.4005 0.2029
vn 0.8126 -0.4810 0.3292
vn 0.7614 -0.5897 0.2692
vn 0.8249 -0.5488 0.1357
vn 0.8461 -0.5263 0.0844
vn 0.9253 0.2694 0.2670
vn 0.9370 0.1821 0.2979
vn 0.9716 0.0378 0.2337
vn 0.9447 0.3109 0.1042
vn 0.7510 0.6531 0.0979
vn 0.8445 0.5329 0.0532
vn 0.7434 0.6661 -0.0604
vn 0.8254 -0.4318 0.3636
vn 0.9231 0.2230 0.3132
vn 0.9658 -0.0061 0.2592
vn 0.8431 -0.5276 0.1043
vn 0.9363 -0.3461 -0.0597
vn 0.9869 -0.1474 0.0653
vn 0.9731 0.1419 0.1813
vn 0.9989 0.0402 0.0222
vn 0.9058 0.3650 0.2153
vn 0.9218 0.3234 0.2138
vn 0.9668 0.2382 0.0920
vn 0.1386 -0.5813 -0.8018
vn 0.1876 -0.5267 -0.8291
vn 0.3039 -0.6288 -0.7157
vn 0.3849 -0.4694 -0.7946
vn 0.0535 -0.8440 -0.5337
vn 0.2915 -0.8278 -0.4793
vn 0.1091 -0.9111 -0.3974
vn 0.1614 -0.8487 -0.5036
vn 0.5530 -0.3494 -0.7564
vn -0.1815 -0.8896 -0.4192
vn 0.3526 -0.3857 -0.8526
vn 0.7037 -0.4558 -0.5450
vn 0.3686 -0.5290 -0.7644
vn 0.3091 -0.8553 -0.4160
vn 0.5423 -0.5015 -0.6741
vn 0.4760 -0.8115 -0.3389
vn 0.4555 -0.8010 -0.3885
vn 0.3699 -0.8082 -0.4583
vn -0.0448 -0.8146 -0.5783
vn -0.3086 0.0378 -0.9504
vn 0.4652 -0.4293 -0.7741
vn -0.0161 -0.0868 -0.9961
vn 0.1769 -0.8610 -0.4769
vn -0.6633 -0.2770 -0.6952
vn -0.6626 0.3161 -0.6790
vn -0.6395 -0.2987 -0.7084
vn -0.1389 -0.0776 -0.9873
vn 0.0189 -0.2930 -0.9559
vn 0.5670 -0.0452 -0.8225
vn 0.9750 -0.1500 0.1639
vn 0.9338 -0.0372 0.3558
vn 0.6678 -0.2587 -0.6979
vn 0.3226 -0.8172 -0.4776
vn 0.9432 -0.0197 -0.3318
vn 0.3471 0.9123 -0.2173
vn 0.1994 0.9093 -0.3653
vn 0.1350 0.8147 -0.5640
vn 0.0546 0.9396 -0.3379
vn 0.2414 0.8371 -0.4908
vn 0.0753 -0.7883 -0.6106
vn 0.1793 -0.7732 -0.6083
vn 0.1451 -0.6431 -0.7519
vn 0.1911 0.7811 -0.5944
vn 0.1279 -0.5353 -0.8349
vn 0.1571 -0.4739 -0.8665
vn 0.3248 -0.4184 -0.8482
vn 0.0226 0.4305 -0.9023
vn 0.1507 0.4222 -0.8939
vn 0.1689 0.3381 -0.9258
vn 0.0428 0.5964 -0.8015
vn 0.0806 0.5913 -0.8024
vn 0.1011 0.6397 -0.7619
vn 0.2428 0.5956 -0.7657
vn 0.1513 -0.3386 -0.9287
vn 0.1497 -0.1861 -0.9711
vn 0.1491 -0.0113 -0.9888
vn 0.1658 0.2004 -0.9656
vn 0.2971 0.0522 -0.9534
vn 0.3356 0.2302 -0.9135
vn 0.4133 0.9073 -0.0777
vn 0.4764 0.8305 -0.2886
vn 0.3877 0.8175 -0.4259
vn 0.4862 0.8343 -0.2599
vn 0.3524 -0.7837 -0.5116
vn 0.3205 0.7646 -0.5591
vn 0.4156 0.7691 -0.4856
vn 0.3292 -0.6241 -0.7086
vn 0.4655 -0.6365 -0.6150
vn 0.2366 -0.6014 -0.7631
vn 0.3776 -0.5854 -0.7175
vn 0.3699 -0.6106 -0.7003
vn 0.4370 -0.3724 -0.8187
vn 0.2167 0.6981 -0.6824
vn 0.3055 0.7256 -0.6166
vn 0.4170 0.7142 -0.5621
vn 0.3682 0.7179 -0.5908
vn 0.3029 -0.4340 -0.8484
vn 0.3304 -0.4064 -0.8519
vn 0.4744 -0.3622 -0.8024
vn 0.4399 -0.4222 -0.7926
vn 0.4761 -0.1986 -0.8567
vn 0.5038 -0.0538 -0.8621
vn 0.4699 0.2074 -0.8580
vn 0.3335 0.4236 -0.8422
vn 0.2760 0.4471 -0.8509
vn 0.2860 0.4273 -0.8577
vn 0.4191 0.3888 -0.8205
vn 0.4268 0.4829 -0.7646
vn 0.4139 0.5660 -0.7129
vn 0.3201 -0.2716 -0.9076
vn 0.3366 -0.0856 -0.9377
vn 0.3289 0.1680 -0.9293
vn 0.9110 -0.1733 -0.3741
vn 0.7205 -0.6031 -0.3422
vn 0.6549 0.7491 -0.0999
vn 0.5415 0.8275 -0.1482
vn 0.5416 -0.7739 -0.3281
vn 0.5752 -0.7284 -0.3722
vn 0.5078 -0.3190 -0.8002
vn 0.6176 -0.7500 -0.2367
vn 0.6048 0.7669 -0.2148
vn 0.4949 -0.7723 -0.3983
vn 0.5328 -0.6687 -0.5186
vn 0.6442 -0.6576 -0.3906
vn 0.5346 0.6637 -0.5231
vn 0.6472 0.6147 -0.4509
vn 0.6678 0.6000 -0.4406
vn 0.4579 0.8016 -0.3844
vn 0.4924 -0.5868 -0.6428
vn 0.5299 -0.4590 -0.7131
vn 0.5859 -0.5806 -0.5653
vn 0.6767 -0.4146 -0.6084
vn 0.5624 -0.3963 -0.7257
vn 0.6689 -0.3553 -0.6529
vn 0.5887 0.2569 -0.7665
vn 0.7112 0.2100 -0.6709
vn 0.5002 0.5648 -0.6564
vn 0.6802 0.4009 -0.6137
vn 0.6483 0.4282 -0.6295
vn 0.5770 0.6075 -0.5459
vn 0.6191 -0.0279 -0.7848
vn 0.6204 -0.0771 -0.7805
vn 0.5812 -0.3053 -0.7543
vn 0.4734 0.1154 -0.8733
vn 0.5961 0.2154 -0.7735
vn 0.6183 -0.0252 -0.7855
vn 0.5987 0.1638 -0.7841
vn 0.5360 0.4570 -0.7098
vn 0.8945 -0.4265 0.1336
vn 0.8531 -0.5060 -0.1274
vn 0.8136 -0.5759 0.0802
vn 0.7664 -0.6364 -0.0879
vn 0.8622 -0.4953 -0.1063
vn 0.9004 -0.4349 0.0128
vn 0.9541 0.2818 0.1014
vn 0.8959 0.4392 -0.0668
vn 0.8572 0.5031 -0.1101
vn 0.7446 -0.6302 -0.2202
vn 0.7372 -0.5746 -0.3556
vn 0.7354 -0.5413 -0.4077
vn 0.8274 -0.5063 -0.2431
vn 0.9118 -0.3180 -0.2599
vn 0.8968 0.4250 -0.1233
vn 0.8681 0.4214 -0.2622
vn 0.8396 0.3199 -0.4390
vn 0.7211 0.6492 -0.2419
vn 0.7036 0.5788 -0.4121
vn 0.8053 0.5442 -0.2355
vn 0.6787 -0.5201 -0.5186
vn 0.8390 -0.3613 -0.4068
vn 0.7513 -0.4131 -0.5147
vn 0.8059 -0.2905 -0.5159
vn 0.8599 -0.3004 -0.4128
vn 0.8316 -0.1055 -0.5452
vn 0.8673 -0.3317 -0.3711
vn 0.9199 -0.0998 -0.3793
vn 0.8346 0.0352 -0.5497
vn 0.7729 0.2998 -0.5593
vn 0.8597 0.1705 -0.4815
vn 0.6618 0.5673 -0.4901
vn 0.7237 0.4157 -0.5508
vn 0.7842 0.4404 -0.4371
vn 0.6700 -0.3866 -0.6337
vn 0.7151 -0.1844 -0.6743
vn 0.6916 -0.0736 -0.7185
vn 0.7287 -0.0310 -0.6842
vn 0.7271 0.1095 -0.6777
vn 0.8090 0.1551 -0.5670
vn 0.6567 0.4181 -0.6277
vn 0.9006 -0.4133 -0.1345
vn 0.9055 -0.3696 -0.2083
vn 0.9851 0.1683 0.0363
vn 0.9944 -0.0810 -0.0682
vn 0.9836 -0.0640 -0.1684
vn 0.9756 0.1481 0.1620
vn 0.9971 0.0252 -0.0723
vn 0.9983 0.0372 -0.0453
vn 0.9361 0.2459 0.2516
vn 0.9551 0.1960 0.2221
vn 0.9776 0.2063 0.0415
vn 0.9874 0.1518 0.0448
vn 0.9815 0.1841 -0.0524
vn 0.9007 -0.3049 -0.3094
vn 0.9424 -0.2635 -0.2061
vn 0.9287 -0.1423 -0.3425
vn 0.9626 -0.1166 -0.2445
vn 0.9624 0.1677 -0.2137
vn 0.9060 0.1248 -0.4045
vn 0.9755 -0.0474 -0.2149
vn 0.9666 0.1575 -0.2023
vn 0.9438 0.1135 -0.3104
vn 0.9120 -0.1425 -0.3847
vn 0.8846 0.1530 -0.4406
vt 0.364320 0.198909
vt 0.375539 0.219102
vt 0.366762 0.202567
vt 0.307006 0.204199
vt 0.323799 0.225379
vt 0.313655 0.211132
vt 0.310709 0.176932
vt 0.342484 0.189694
vt 0.341049 0.192719
vt 0.332112 0.172826
vt 0.248583 0.201344
vt 0.255283 0.190953
vt 0.260919 0.212681
vt 0.254518 0.184046
vt 0.256544 0.165205
vt 0.310877 0.179894
vt 0.302451 0.192061
vt 0.285129 0.163539
vt 0.298632 0.170790
vt 0.267345 0.161385
vt 0.282472 0.156577
vt 0.272166 0.141073
vt 0.385012 0.218506
vt 0.417391 0.227439
vt 0.394421 0.237314
vt 0.379574 0.198785
vt 0.358689 0.181991
vt 0.385780 0.173420
vt 0.290151 0.448069
vt 0.292755 0.430242
vt 0.306299 0.437448
vt 0.288061 0.400243
vt 0.266590 0.427826
vt 0.268212 0.443091
vt 0.245991 0.435812
vt 0.259081 0.465616
vt 0.236127 0.483280
vt 0.267529 0.500638
vt 0.296368 0.471255
vt 0.285654 0.506121
vt 0.265421 0.540918
vt 0.230751 0.527950
vt 0.236756 0.565133
vt 0.361101 0.438521
vt 0.365439 0.476290
vt 0.341549 0.486496
vt 0.368418 0.433350
vt 0.376110 0.449320
vt 0.388809 0.458318
vt 0.317833 0.396009
vt 0.351203 0.411652
vt 0.338648 0.420457
vt 0.341924 0.372767
vt 0.367838 0.397188
vt 0.314427 0.465896
vt 0.328223 0.442481
vt 0.323617 0.501407
vt 0.340023 0.535423
vt 0.314400 0.531171
vt 0.341277 0.557236
vt 0.368276 0.497898
vt 0.364616 0.519799
vt 0.377782 0.540865
vt 0.316357 0.583053
vt 0.363348 0.566485
vt 0.335923 0.584614
vt 0.316733 0.638140
vt 0.342566 0.617171
vt 0.338132 0.674489
vt 0.298384 0.328701
vt 0.312200 0.344902
vt 0.286095 0.370741
vt 0.314631 0.299638
vt 0.329963 0.328316
vt 0.276464 0.625246
vt 0.309409 0.606414
vt 0.284872 0.656983
vt 0.320295 0.672388
vt 0.311331 0.688924
vt 0.286365 0.699971
vt 0.318186 0.722270
vt 0.269153 0.723372
vt 0.341638 0.715239
vt 0.341679 0.755748
vt 0.259662 0.263778
vt 0.262353 0.282406
vt 0.237066 0.270596
vt 0.277919 0.335855
vt 0.241550 0.315015
vt 0.261532 0.351739
vt 0.289009 0.279045
vt 0.282919 0.305619
vt 0.235693 0.592450
vt 0.275997 0.588133
vt 0.245362 0.717620
vt 0.265697 0.697372
vt 0.290646 0.747884
vt 0.225411 0.739704
vt 0.326386 0.785441
vt 0.272209 0.766612
vt 0.412084 0.588755
vt 0.416939 0.591477
vt 0.412047 0.599464
vt 0.425575 0.590774
vt 0.422085 0.602312
vt 0.395242 0.310969
vt 0.381600 0.288094
vt 0.402271 0.282766
vt 0.408138 0.321491
vt 0.394909 0.324487
vt 0.408292 0.351783
vt 0.379403 0.333918
vt 0.393790 0.400938
vt 0.389757 0.437964
vt 0.406962 0.438753
vt 0.418124 0.402837
vt 0.418085 0.384488
vt 0.385128 0.492875
vt 0.393738 0.499876
vt 0.412148 0.474068
vt 0.403620 0.484910
vt 0.383590 0.542358
vt 0.386628 0.516333
vt 0.390418 0.565553
vt 0.390600 0.580988
vt 0.395977 0.574236
vt 0.364842 0.605946
vt 0.397362 0.623004
vt 0.364415 0.631113
vt 0.390216 0.650336
vt 0.393543 0.680039
vt 0.359677 0.667967
vt 0.418768 0.635430
vt 0.367561 0.268417
vt 0.377169 0.264675
vt 0.377493 0.290416
vt 0.353979 0.284027
vt 0.379955 0.304978
vt 0.394559 0.250860
vt 0.368575 0.320481
vt 0.359601 0.341090
vt 0.339319 0.292922
vt 0.375533 0.311718
vt 0.389065 0.367736
vt 0.390695 0.703840
vt 0.360919 0.757367
vt 0.392450 0.734828
vt 0.383407 0.764763
vt 0.336537 0.251307
vt 0.323884 0.241551
vt 0.324201 0.263141
vt 0.314199 0.239946
vt 0.294740 0.236063
vt 0.332264 0.303608
vt 0.244561 0.232815
vt 0.256148 0.226123
vt 0.273583 0.232479
vt 0.288058 0.193896
vt 0.302102 0.187663
vt 0.260901 0.176782
vt 0.281259 0.798303
vt 0.249640 0.817549
vt 0.304690 0.840409
vt 0.431850 0.347150
vt 0.447625 0.341113
vt 0.453611 0.364279
vt 0.427162 0.364096
vt 0.449614 0.372882
vt 0.444253 0.381433
vt 0.463311 0.380185
vt 0.467500 0.401113
vt 0.441986 0.476119
vt 0.429925 0.473741
vt 0.454597 0.466806
vt 0.461346 0.495537
vt 0.452328 0.486699
vt 0.473668 0.429698
vt 0.437282 0.425943
vt 0.437768 0.592880
vt 0.449629 0.593628
vt 0.449652 0.589249
vt 0.443910 0.627972
vt 0.438357 0.603784
vt 0.467579 0.613426
vt 0.458976 0.580540
vt 0.439747 0.643285
vt 0.422128 0.312301
vt 0.417836 0.339077
vt 0.416747 0.676334
vt 0.447339 0.671926
vt 0.415208 0.726419
vt 0.442729 0.711527
vt 0.450104 0.759017
vt 0.423575 0.755763
vt 0.369592 0.805855
vt 0.431014 0.801466
vt 0.453194 0.813457
vt 0.456428 0.784298
vt 0.350218 0.832643
vt 0.410509 0.849210
vt 0.338342 0.885794
vt 0.378180 0.903551
vt 0.288874 0.920135
vt 0.477077 0.354095
vt 0.469751 0.365195
vt 0.471310 0.370349
vt 0.471564 0.382047
vt 0.474502 0.497377
vt 0.488320 0.436095
vt 0.503106 0.455339
vt 0.499957 0.479582
vt 0.469999 0.516773
vt 0.477267 0.543383
vt 0.473941 0.527621
vt 0.484062 0.517070
vt 0.468175 0.566419
vt 0.472915 0.552157
vt 0.466832 0.576646
vt 0.497254 0.587034
vt 0.499315 0.571112
vt 0.494045 0.559397
vt 0.501924 0.536966
vt 0.474285 0.648492
vt 0.499423 0.632165
vt 0.470447 0.677526
vt 0.502731 0.661339
vt 0.480260 0.367419
vt 0.470000 0.714824
vt 0.488933 0.749637
vt 0.496788 0.695117
vt 0.503460 0.783256
vt 0.493811 0.840532
vt 0.463456 0.853815
vt 0.467271 0.935868
vt 0.230845 0.928185
vt 0.307967 0.951087
vt 0.558106 0.962072
vt 0.218039 0.223282
vt 0.225159 0.209428
vt 0.248860 0.154142
vt 0.202494 0.219286
vt 0.210727 0.237625
vt 0.185842 0.196931
vt 0.198823 0.194891
vt 0.194095 0.208404
vt 0.218286 0.170756
vt 0.210336 0.160251
vt 0.215313 0.179008
vt 0.206672 0.179131
vt 0.211220 0.167114
vt 0.166980 0.149614
vt 0.197783 0.227490
vt 0.199222 0.204239
vt 0.175790 0.140072
vt 0.160401 0.160113
vt 0.181203 0.119245
vt 0.208320 0.149001
vt 0.129218 0.194668
vt 0.161567 0.193685
vt 0.119267 0.110502
vt 0.126962 0.129351
vt 0.112521 0.137191
vt 0.075582 0.200116
vt 0.111727 0.233511
vt 1.012273 0.111000
vt 0.994206 0.088601
vt 1.076070 0.100839
vt 1.044512 0.068575
vt 0.066673 0.117544
vt 0.047610 0.128217
vt 1.000202 0.164474
vt 0.982457 0.126710
vt 1.047610 0.128217
vt 0.997827 0.210004
vt 1.041705 0.200179
vt 0.213354 0.381403
vt 0.241702 0.413465
vt 0.214728 0.417902
vt 0.224347 0.445226
vt 0.223323 0.482613
vt 0.214798 0.500117
vt 0.215611 0.582044
vt 0.191358 0.427955
vt 0.201277 0.459151
vt 0.190883 0.521093
vt 0.213698 0.539594
vt 0.166787 0.568601
vt 0.189721 0.559501
vt 0.171228 0.477585
vt 0.165734 0.506506
vt 0.221633 0.300516
vt 0.213602 0.265678
vt 0.199299 0.289082
vt 0.226943 0.237013
vt 0.237627 0.356691
vt 0.211609 0.339612
vt 0.234616 0.663052
vt 0.226355 0.719281
vt 0.195767 0.738684
vt 0.175866 0.349393
vt 0.180086 0.329900
vt 0.190008 0.385924
vt 0.165857 0.664091
vt 0.190297 0.650726
vt 0.208531 0.692822
vt 0.181383 0.713193
vt 0.169416 0.687241
vt 0.161972 0.321419
vt 0.136084 0.352693
vt 0.130727 0.393173
vt 0.165651 0.411368
vt 0.147078 0.421111
vt 0.164319 0.370572
vt 0.191126 0.594131
vt 0.167809 0.626057
vt 0.143478 0.646238
vt 0.139127 0.681653
vt 0.162254 0.721614
vt 0.143464 0.521681
vt 0.140823 0.559558
vt 0.117064 0.578332
vt 0.146658 0.580349
vt 0.140676 0.598493
vt 0.120912 0.553601
vt 0.124731 0.601096
vt 0.121105 0.640044
vt 0.208657 0.781505
vt 0.211975 0.826162
vt 0.171238 0.828829
vt 0.278499 0.868456
vt 0.144650 0.262544
vt 0.187850 0.242675
vt 0.134348 0.236045
vt 0.179162 0.775743
vt 0.162420 0.758833
vt 0.127002 0.787972
vt 0.173610 0.801923
vt 0.141742 0.830493
vt 0.097144 0.267914
vt 0.133731 0.292180
vt 0.142150 0.317699
vt 0.116788 0.351863
vt 0.135921 0.739897
vt 0.116483 0.724212
vt 0.096161 0.756568
vt 0.098845 0.371210
vt 0.115200 0.414722
vt 0.093982 0.412707
vt 0.091632 0.436861
vt 0.131092 0.437084
vt 0.096910 0.458850
vt 0.135175 0.478412
vt 0.094678 0.650723
vt 0.117668 0.688508
vt 0.092747 0.706338
vt 0.061482 0.675067
vt 0.069453 0.343264
vt 0.070759 0.398201
vt 0.067068 0.420437
vt 0.115494 0.493352
vt 0.074176 0.445895
vt 0.099172 0.527012
vt 0.118480 0.522569
vt 0.072703 0.517615
vt 0.095905 0.494356
vt 0.068775 0.498659
vt 0.096515 0.574607
vt 0.082089 0.599673
vt 0.071203 0.578901
vt 0.071870 0.556606
vt 0.097952 0.614451
vt 0.071332 0.639592
vt 0.196342 0.863893
vt 0.139175 0.869375
vt 0.241754 0.871061
vt 0.074473 0.246051
vt 0.074868 0.823603
vt 0.057110 0.780539
vt 0.046895 0.714676
vt 0.069029 0.742657
vt 0.044012 0.736783
vt 0.051589 0.385859
vt 0.028041 0.377689
vt 0.051535 0.355734
vt 0.047412 0.467424
vt 0.072946 0.478341
vt 0.051089 0.515423
vt 0.044765 0.569753
vt 0.071660 0.538907
vt 0.065018 0.606190
vt 0.047057 0.662376
vt 0.044197 0.627291
vt 0.025633 0.428420
vt 0.042698 0.418638
vt 0.026856 0.497940
vt 0.021731 0.518304
vt 0.194265 0.944677
vt 0.048385 0.900507
vt 0.000093 0.930534
vt 0.208474 0.972500
vt 1.000093 0.930534
vt 1.208474 0.972500
vt 0.939558 0.932339
vt 0.105000 0.877791
vt 0.046097 0.828001
vt 0.007389 0.860625
vt 0.979997 0.855749
vt 1.046097 0.828001
vt 1.007389 0.860625
vt 1.002847 0.814062
vt 0.047253 0.243729
vt 0.041705 0.200179
vt 0.999078 0.304421
vt 1.003624 0.261043
vt 1.035763 0.295470
vt 0.023713 0.782708
vt 0.002847 0.814062
vt 0.020944 0.736668
vt 0.989595 0.759236
vt 0.995772 0.732949
vt 1.020944 0.736668
vt 0.026105 0.328922
vt 0.045007 0.331826
vt 1.026105 0.328922
vt 0.991150 0.371662
vt 1.020677 0.356088
vt 1.028041 0.377689
vt 0.998543 0.345659
vt 0.999014 0.392768
vt 1.025633 0.428420
vt 0.027215 0.585422
vt 0.026240 0.659472
vt 0.021792 0.634338
vt 0.005052 0.599057
vt 0.998046 0.644260
vt 1.021792 0.634338
vt 1.026240 0.659472
vt 0.002442 0.621345
vt 0.017019 0.701488
vt 0.000095 0.674696
vt 0.998959 0.423288
vt 1.025970 0.477883
vt 0.999907 0.464698
vt 0.997819 0.500656
vt 1.026856 0.497940
vt 1.021731 0.518304
vt 0.997101 0.533331
vt 1.024820 0.559589
vt 0.590007 0.220045
vt 0.571731 0.220384
vt 0.592052 0.194197
vt 0.629205 0.197980
vt 0.610269 0.210031
vt 0.624942 0.169387
vt 0.650920 0.170994
vt 0.610132 0.154083
vt 0.641978 0.181743
vt 0.666055 0.170085
vt 0.654413 0.159638
vt 0.662879 0.138888
vt 0.663482 0.153710
vt 0.650071 0.197189
vt 0.660395 0.187484
vt 0.669514 0.176543
vt 0.660987 0.167528
vt 0.641935 0.198852
vt 0.624879 0.208164
vt 0.658382 0.194090
vt 0.656321 0.178211
vt 0.634989 0.209823
vt 0.635690 0.213499
vt 0.651832 0.220284
vt 0.653030 0.229717
vt 0.660559 0.235135
vt 0.687945 0.202287
vt 0.686229 0.212831
vt 0.697514 0.192239
vt 0.744595 0.158701
vt 0.734978 0.150826
vt 0.755280 0.142062
vt 0.687138 0.181930
vt 0.694655 0.169802
vt 0.692527 0.175806
vt 0.714760 0.164692
vt 0.705347 0.197347
vt 0.729310 0.160477
vt 0.718495 0.157190
vt 0.742729 0.170645
vt 0.736176 0.173198
vt 0.732362 0.204855
vt 0.745889 0.183944
vt 0.744260 0.185622
vt 0.744801 0.218915
vt 0.741399 0.203388
vt 0.747940 0.195750
vt 0.528875 0.379291
vt 0.529617 0.368603
vt 0.536986 0.377850
vt 0.531356 0.402254
vt 0.530753 0.365236
vt 0.529417 0.422473
vt 0.546698 0.385479
vt 0.527958 0.453229
vt 0.526471 0.476851
vt 0.514754 0.434857
vt 0.539897 0.478704
vt 0.541057 0.466881
vt 0.523557 0.527843
vt 0.527652 0.502209
vt 0.523464 0.543642
vt 0.529802 0.562906
vt 0.536531 0.582752
vt 0.527224 0.606502
vt 0.540575 0.578559
vt 0.529002 0.665794
vt 0.532665 0.636371
vt 0.527480 0.703723
vt 0.518185 0.740132
vt 0.547148 0.742535
vt 0.553839 0.700949
vt 0.550162 0.791243
vt 0.525115 0.835890
vt 0.569842 0.841621
vt 0.520755 0.886407
vt 0.574170 0.886613
vt 0.770537 0.920920
vt 0.577236 0.942033
vt 0.552284 0.364917
vt 0.565437 0.337191
vt 0.568343 0.355083
vt 0.552908 0.424535
vt 0.568160 0.366390
vt 0.580736 0.415817
vt 0.559999 0.454613
vt 0.552565 0.465875
vt 0.551222 0.593218
vt 0.567473 0.621282
vt 0.576428 0.590521
vt 0.584549 0.600480
vt 0.552754 0.648939
vt 0.564795 0.591860
vt 0.582276 0.337279
vt 0.588233 0.348186
vt 0.595831 0.302694
vt 0.579532 0.316808
vt 0.574743 0.309430
vt 0.596860 0.311174
vt 0.572813 0.379466
vt 0.587930 0.365474
vt 0.574249 0.467199
vt 0.571920 0.462287
vt 0.581416 0.645275
vt 0.586421 0.707697
vt 0.582294 0.730485
vt 0.582474 0.756108
vt 0.607527 0.214949
vt 0.586285 0.794213
vt 0.583616 0.821633
vt 0.613740 0.787068
vt 0.635510 0.754657
vt 0.611357 0.845805
vt 0.653437 0.793201
vt 0.631896 0.886418
vt 0.660450 0.829441
vt 0.681010 0.880983
vt 0.755150 0.850198
vt 0.723129 0.829062
vt 0.604076 0.436994
vt 0.584178 0.462964
vt 0.590648 0.582442
vt 0.606332 0.393795
vt 0.629993 0.432433
vt 0.633634 0.389220
vt 0.587168 0.467351
vt 0.611854 0.446792
vt 0.601774 0.468967
vt 0.609167 0.492701
vt 0.601935 0.481049
vt 0.624722 0.458681
vt 0.615163 0.545320
vt 0.618580 0.526197
vt 0.618371 0.546680
vt 0.631267 0.482638
vt 0.621269 0.517848
vt 0.602482 0.580280
vt 0.602009 0.596994
vt 0.595664 0.579899
vt 0.609217 0.563186
vt 0.607607 0.568587
vt 0.607201 0.625499
vt 0.638750 0.646086
vt 0.615174 0.676603
vt 0.606273 0.649608
vt 0.647201 0.283554
vt 0.631772 0.290561
vt 0.653804 0.259978
vt 0.605370 0.320335
vt 0.629028 0.313443
vt 0.620514 0.307001
vt 0.608356 0.304972
vt 0.614105 0.329941
vt 0.643641 0.310071
vt 0.639409 0.326743
vt 0.648217 0.344401
vt 0.663642 0.319027
vt 0.629203 0.345081
vt 0.657238 0.381082
vt 0.634613 0.728043
vt 0.612451 0.729350
vt 0.631376 0.675266
vt 0.664577 0.726333
vt 0.662412 0.701525
vt 0.646430 0.230669
vt 0.660724 0.247053
vt 0.678498 0.233284
vt 0.671163 0.238281
vt 0.690931 0.232851
vt 0.665006 0.279704
vt 0.678734 0.278224
vt 0.683219 0.257335
vt 0.660829 0.751531
vt 0.703697 0.779032
vt 0.731220 0.236493
vt 0.717767 0.270297
vt 0.752180 0.240374
vt 0.742301 0.258087
vt 0.726457 0.787493
vt 0.757230 0.803623
vt 0.634181 0.448193
vt 0.639708 0.458106
vt 0.644708 0.441197
vt 0.636514 0.519692
vt 0.632599 0.543867
vt 0.656894 0.416793
vt 0.671183 0.454595
vt 0.671514 0.429585
vt 0.658592 0.486653
vt 0.694531 0.447217
vt 0.651762 0.567931
vt 0.661183 0.526428
vt 0.679097 0.476524
vt 0.694665 0.492164
vt 0.690519 0.520703
vt 0.679338 0.540110
vt 0.658190 0.612369
vt 0.676802 0.565533
vt 0.633418 0.584835
vt 0.660673 0.657762
vt 0.681547 0.629252
vt 0.685322 0.371607
vt 0.685292 0.398191
vt 0.707630 0.406159
vt 0.715717 0.386855
vt 0.707294 0.430813
vt 0.703240 0.541166
vt 0.726140 0.595086
vt 0.708057 0.614474
vt 0.683432 0.687029
vt 0.698821 0.644797
vt 0.725482 0.659716
vt 0.692468 0.730468
vt 0.716018 0.733963
vt 0.733038 0.693441
vt 0.705153 0.297992
vt 0.727429 0.328454
vt 0.703623 0.360024
vt 0.739450 0.370635
vt 0.749511 0.614374
vt 0.731629 0.576763
vt 0.722532 0.637253
vt 0.747308 0.646790
vt 0.741968 0.745944
vt 0.758936 0.712013
vt 0.707131 0.467434
vt 0.710503 0.438819
vt 0.735158 0.412189
vt 0.755792 0.415875
vt 0.730756 0.435419
vt 0.738296 0.452365
vt 0.726173 0.516811
vt 0.733359 0.484570
vt 0.757253 0.499599
vt 0.766936 0.557748
vt 0.737596 0.532856
vt 0.929980 0.081208
vt 0.947930 0.119307
vt 0.874723 0.111982
vt 0.892503 0.137661
vt 0.953341 0.160593
vt 0.947348 0.212225
vt 0.841720 0.138215
vt 0.824989 0.122948
vt 0.846002 0.161087
vt 0.817877 0.152977
vt 0.813844 0.198861
vt 0.881288 0.201937
vt 0.899612 0.194316
vt 0.780919 0.152520
vt 0.767718 0.142029
vt 0.792116 0.146249
vt 0.794662 0.175518
vt 0.788265 0.166541
vt 0.789716 0.161151
vt 0.783704 0.178704
vt 0.781113 0.170614
vt 0.796858 0.191245
vt 0.764450 0.229979
vt 0.763903 0.215249
vt 0.798818 0.222560
vt 0.789545 0.210983
vt 0.801395 0.202784
vt 0.785020 0.225354
vt 0.839053 0.945126
vt 0.853784 0.868796
vt 0.919118 0.861101
vt 0.967838 0.809036
vt 0.945912 0.250034
vt 1.023713 0.782708
vt 0.954949 0.784853
vt 0.978011 0.350946
vt 0.953712 0.331007
vt 0.932497 0.296121
vt 0.971976 0.309353
vt 0.946017 0.374201
vt 0.978281 0.394320
vt 0.976116 0.640057
vt 1.002442 0.621345
vt 0.961452 0.736199
vt 0.971910 0.707319
vt 0.951170 0.692482
vt 0.978335 0.683791
vt 0.974152 0.431136
vt 0.952798 0.425258
vt 0.953352 0.449810
vt 0.974065 0.466024
vt 0.977690 0.498375
vt 1.005052 0.599057
vt 0.974848 0.561429
vt 0.999911 0.567371
vt 0.970980 0.609179
vt 0.896557 0.823471
vt 0.836672 0.828427
vt 0.821379 0.867244
vt 0.919464 0.251262
vt 0.910136 0.226902
vt 0.852444 0.228932
vt 0.865787 0.249520
vt 0.886170 0.771118
vt 0.919327 0.754788
vt 0.926106 0.781717
vt 0.969580 0.264129
vt 0.909569 0.293568
vt 0.932314 0.318778
vt 0.904657 0.320000
vt 0.927182 0.690353
vt 0.932540 0.731299
vt 0.907413 0.692477
vt 0.932913 0.814657
vt 0.928900 0.345106
vt 0.952204 0.400509
vt 0.928269 0.402059
vt 0.931120 0.375911
vt 0.931870 0.423406
vt 0.953409 0.478597
vt 0.931894 0.490658
vt 0.932400 0.458497
vt 0.954428 0.637762
vt 0.949175 0.620154
vt 0.930938 0.616846
vt 0.930490 0.575171
vt 0.951955 0.578696
vt 0.927266 0.641838
vt 0.946249 0.661028
vt 0.956497 0.516005
vt 0.952935 0.551427
vt 0.930884 0.535295
vt 0.783836 0.240765
vt 0.804943 0.225683
vt 0.783927 0.778021
vt 0.800922 0.825024
vt 0.806961 0.210365
vt 0.816424 0.227439
vt 0.798112 0.252501
vt 0.824063 0.263854
vt 0.824247 0.770078
vt 0.846671 0.797743
vt 0.883915 0.295190
vt 0.880415 0.727535
vt 0.847272 0.714333
vt 0.883713 0.702553
vt 0.851749 0.738601
vt 0.859501 0.777859
vt 0.908221 0.364635
vt 0.883200 0.331583
vt 0.857186 0.385929
vt 0.863489 0.336739
vt 0.882591 0.372354
vt 0.881887 0.395329
vt 0.900701 0.406440
vt 0.882170 0.583361
vt 0.880454 0.537117
vt 0.905951 0.559441
vt 0.884092 0.620738
vt 0.906524 0.602290
vt 0.905936 0.646138
vt 0.881967 0.663548
vt 0.857136 0.648757
vt 0.884005 0.641440
vt 0.909532 0.730180
vt 0.857839 0.689431
vt 0.905675 0.440912
vt 0.904900 0.475824
vt 0.883303 0.483382
vt 0.904699 0.497989
vt 0.906834 0.519861
vt 0.878913 0.505651
vt 0.905065 0.576607
vt 0.759594 0.262707
vt 0.783057 0.264190
vt 0.759958 0.321362
vt 0.788289 0.342705
vt 0.788094 0.298526
vt 0.756124 0.347245
vt 0.764323 0.366966
vt 0.772969 0.649020
vt 0.783459 0.668087
vt 0.791277 0.645685
vt 0.760755 0.668910
vt 0.774351 0.741819
vt 0.811445 0.305743
vt 0.835428 0.342449
vt 0.811717 0.347594
vt 0.809932 0.382581
vt 0.834637 0.394946
vt 0.815457 0.413491
vt 0.776546 0.388668
vt 0.810514 0.645576
vt 0.785671 0.611388
vt 0.803308 0.603918
vt 0.829983 0.619675
vt 0.813057 0.721236
vt 0.810568 0.688773
vt 0.835165 0.690943
vt 0.788726 0.689456
vt 0.829724 0.373994
vt 0.855071 0.436276
vt 0.856171 0.477068
vt 0.835938 0.478268
vt 0.823121 0.457562
vt 0.853630 0.519603
vt 0.836878 0.559340
vt 0.826563 0.539132
vt 0.857707 0.560802
vt 0.831427 0.581929
vt 0.853557 0.609443
vt 0.832566 0.652792
vt 0.812952 0.586348
vt 0.832015 0.497303
vt 0.782208 0.412060
vt 0.762223 0.463371
vt 0.782180 0.468464
vt 0.774705 0.502114
vt 0.763569 0.519896
vt 0.785433 0.523602
vt 0.771877 0.606019
vt 0.787548 0.561736
vt 0.782184 0.585147
vt 0.788625 0.435282
vt 0.806674 0.487256
vt 0.805600 0.557680
vt 0.805268 0.522960
vt 0.834406 0.425162
vt 0.382428 0.241653
vt 0.342762 0.178889
vt 0.340160 0.166432
vt 0.403112 0.196062
vt 0.350521 0.170914
vt 0.342719 0.157068
vt 0.379336 0.159598
vt 0.260769 0.402237
vt 0.404015 0.583249
vt 0.475151 0.347862
vt 0.233634 0.144297
vt 0.200501 0.191793
vt 0.193457 0.178490
vt 0.220602 0.145840
vt 0.076070 0.100839
vt 0.012273 0.111000
vt 0.000202 0.164474
vt 0.212979 0.649101
vt 0.145411 0.454569
vt 0.144773 0.501146
vt 0.094323 0.324201
vt 0.066229 0.295732
vt 0.053737 0.270484
vt 0.035763 0.295470
vt 0.025970 0.477883
vt 0.024820 0.559589
vt 0.003624 0.261043
vt 1.047253 0.243729
vt 0.020677 0.356088
vt 1.000095 0.674696
vt 1.017019 0.701488
vt 1.027215 0.585422
vt 0.568045 0.205264
vt 0.667479 0.145765
vt 0.639240 0.213578
vt 0.531311 0.552115
vt 0.520814 0.388013
vt 0.531325 0.351343
vt 0.547205 0.343517
vt 0.553418 0.586508
vt 0.573566 0.274829
vt 0.579957 0.587015
vt 0.619032 0.517882
vt 0.613509 0.506003
vt 0.677010 0.354868
vt 0.720457 0.543365
vt 0.872069 0.089769
vt 0.891307 0.125053
vt 0.809048 0.183671
vt 0.848389 0.293490
vt 0.833869 0.315428
vt 0.879335 0.415464
vt 0.882029 0.457945
vt 0.760504 0.585002
s 1
f 4/1/4 1/2/1 3/3/3
f 6/4/6 5/5/5 8/6/8
f 10/7/10 6/4/6 8/6/8
f 13/8/13 11/9/11 14/10/14
f 18/11/18 21/12/21 20/13/20
f 20/13/20 21/12/21 22/14/22
f 21/12/21 23/15/23 22/14/22
f 6/4/6 9/16/9 7/17/7
f 9/16/9 24/18/24 7/17/7
f 24/18/24 10/7/10 28/19/28
f 27/20/27 24/18/24 28/19/28
f 27/20/27 15/21/15 24/18/24
f 23/15/23 17/22/17 27/20/27
f 4/1/4 30/23/30 1/2/1
f 29/24/29 186/25/186 30/23/30
f 4/1/4 31/26/31 30/23/30
f 35/27/35 4/1/4 13/8/13
f 4/1/4 32/28/32 31/26/31
f 35/27/35 32/28/32 4/1/4
f 40/29/40 39/30/39 81/31/81
f 82/32/82 39/30/39 43/33/43
f 43/33/43 46/34/46 44/35/44
f 46/34/46 39/30/39 40/29/40
f 47/36/47 46/34/46 40/29/40
f 285/37/285 47/36/47 48/38/48
f 40/29/40 41/39/41 47/36/47
f 47/36/47 41/39/41 42/40/42
f 47/36/47 42/40/42 48/38/48
f 48/38/48 42/40/42 49/41/49
f 288/42/288 48/38/48 49/41/49
f 288/42/288 49/41/49 291/43/291
f 51/44/51 57/45/57 52/46/52
f 51/44/51 56/47/56 53/48/53
f 57/45/57 51/44/51 53/48/53
f 53/48/53 55/49/55 57/45/57
f 83/50/83 60/51/60 59/52/59
f 59/52/59 60/51/60 51/44/51
f 83/50/83 61/53/61 60/51/60
f 50/54/50 56/47/56 60/51/60
f 62/55/62 63/56/63 51/44/51
f 63/56/63 59/52/59 51/44/51
f 84/57/84 65/58/65 64/59/64
f 64/59/64 65/58/65 70/60/70
f 65/58/65 84/57/84 52/46/52
f 57/45/57 54/61/54 52/46/52
f 65/58/65 66/62/66 124/63/124
f 86/64/86 64/59/64 70/60/70
f 70/60/70 58/65/58 68/66/68
f 124/63/124 58/65/58 70/60/70
f 71/67/71 69/68/69 73/69/73
f 77/70/77 76/71/76 75/72/75
f 80/73/80 79/74/79 77/70/77
f 39/30/39 83/50/83 81/31/81
f 81/31/81 62/55/62 41/39/41
f 62/55/62 84/57/84 42/40/42
f 42/40/42 41/39/41 62/55/62
f 88/75/88 67/76/67 71/67/71
f 88/75/88 71/67/71 87/77/87
f 87/77/87 72/78/72 90/79/90
f 72/78/72 73/69/73 90/79/90
f 89/80/89 92/81/92 91/82/91
f 90/79/90 73/69/73 149/83/149
f 90/79/90 149/83/149 92/81/92
f 149/83/149 74/84/74 92/81/92
f 95/85/95 94/86/94 305/87/305
f 96/88/96 77/70/77 75/72/75
f 97/89/97 96/88/96 98/90/98
f 94/86/94 157/91/157 78/92/78
f 82/32/82 98/90/98 75/72/75
f 99/93/99 85/94/85 88/75/88
f 88/75/88 85/94/85 67/76/67
f 101/95/101 100/96/100 91/82/91
f 101/95/101 93/97/93 315/98/315
f 93/97/93 159/99/159 102/100/102
f 106/101/106 105/102/105 104/103/104
f 105/102/105 107/104/107 108/105/108
f 112/106/112 109/107/109 110/108/110
f 112/106/112 110/108/110 188/109/188
f 113/110/113 189/111/189 148/112/148
f 114/113/114 118/114/118 56/47/56
f 121/115/121 114/113/114 115/116/115
f 115/116/115 114/113/114 116/117/116
f 54/61/54 57/45/57 120/118/120
f 55/49/55 53/48/53 118/114/118
f 120/118/120 55/49/55 119/119/119
f 119/119/119 122/120/122 123/121/123
f 124/63/124 66/62/66 120/118/120
f 126/122/126 120/118/120 125/123/125
f 125/123/125 120/118/120 119/119/119
f 58/65/58 124/63/124 128/124/128
f 127/125/127 58/65/58 128/124/128
f 127/125/127 128/124/128 130/126/130
f 129/127/129 131/128/131 132/129/132
f 134/130/134 136/131/136 133/132/133
f 131/128/131 135/133/135 134/130/134
f 104/103/104 108/105/108 135/133/135
f 138/134/138 142/135/142 109/107/109
f 138/134/138 141/136/141 139/137/139
f 111/138/111 141/136/141 109/107/109
f 109/107/109 142/135/142 143/139/143
f 146/140/146 148/112/148 147/141/147
f 144/142/144 139/137/139 145/143/145
f 144/142/144 145/143/145 146/140/146
f 147/141/147 144/142/144 146/140/146
f 111/138/111 112/106/112 145/143/145
f 146/140/146 145/143/145 112/106/112
f 146/140/146 112/106/112 113/110/113
f 147/141/147 50/54/50 61/53/61
f 117/144/117 114/113/114 50/54/50
f 132/129/132 134/130/134 133/132/133
f 73/69/73 133/132/133 149/83/149
f 149/83/149 133/132/133 137/145/137
f 74/84/74 149/83/149 150/146/150
f 133/132/133 136/131/136 137/145/137
f 149/83/149 137/145/137 151/147/151
f 150/146/150 149/83/149 151/147/151
f 150/146/150 151/147/151 197/148/197
f 5/5/5 140/149/140 153/150/153
f 140/149/140 139/137/139 155/151/155
f 156/152/156 153/150/153 140/149/140
f 8/6/8 5/5/5 153/150/153
f 154/153/154 156/152/156 155/151/155
f 156/152/156 8/6/8 153/150/153
f 79/74/79 158/154/158 147/141/147
f 80/73/80 158/154/158 79/74/79
f 157/91/157 155/151/155 158/154/158
f 79/74/79 147/141/147 61/53/61
f 74/84/74 150/146/150 159/99/159
f 244/155/244 19/156/19 161/157/161
f 161/157/161 162/158/162 154/153/154
f 26/159/26 156/152/156 162/158/162
f 161/157/161 20/13/20 25/160/25
f 25/160/25 162/158/162 161/157/161
f 102/100/102 164/161/164 163/162/163
f 163/162/163 164/161/164 160/163/160
f 165/164/165 166/165/166 167/166/167
f 190/167/190 167/166/167 169/168/169
f 191/169/191 169/168/169 210/170/210
f 211/171/211 191/169/191 210/170/210
f 171/172/171 170/173/170 172/174/172
f 172/174/172 174/175/174 173/176/173
f 175/177/175 168/178/168 211/171/211
f 108/105/108 107/104/107 177/179/177
f 179/180/179 177/179/177 178/181/178
f 182/182/182 176/183/176 179/180/179
f 182/182/182 179/180/179 181/184/181
f 179/180/179 178/181/178 180/185/180
f 135/133/135 182/182/182 183/186/183
f 185/187/185 165/164/165 187/188/187
f 168/178/168 121/115/121 115/116/115
f 116/117/116 189/111/189 190/167/190
f 168/178/168 115/116/115 116/117/116
f 168/178/168 116/117/116 191/169/191
f 191/169/191 190/167/190 169/168/169
f 135/133/135 108/105/108 182/182/182
f 134/130/134 135/133/135 192/189/192
f 184/190/184 135/133/135 183/186/183
f 136/131/136 192/189/192 193/191/193
f 193/191/193 192/189/192 196/192/196
f 192/189/192 184/190/184 196/192/196
f 193/191/193 196/192/196 195/193/195
f 151/147/151 194/194/194 197/148/197
f 152/195/152 198/196/198 237/197/237
f 194/194/194 195/193/195 235/198/235
f 199/199/199 152/195/152 200/200/200
f 201/201/201 199/199/199 200/200/200
f 201/201/201 240/202/240 204/203/204
f 167/166/167 207/204/207 208/205/208
f 167/166/167 208/205/208 210/170/210
f 210/170/210 209/206/209 212/207/212
f 213/208/213 175/177/175 214/209/214
f 213/208/213 214/209/214 215/210/215
f 213/208/213 215/210/215 505/211/505
f 173/176/173 174/175/174 216/212/216
f 217/213/217 218/214/218 219/215/219
f 213/208/213 505/211/505 219/215/219
f 223/216/223 222/217/222 221/218/221
f 221/218/221 222/217/222 217/213/217
f 179/180/179 226/219/226 181/184/181
f 226/219/226 221/218/221 225/220/225
f 224/221/224 217/213/217 220/222/220
f 182/182/182 181/184/181 227/223/227
f 181/184/181 226/219/226 229/224/229
f 228/225/228 227/223/227 231/226/231
f 227/223/227 229/224/229 231/226/231
f 232/227/232 212/207/212 209/206/209
f 196/192/196 228/225/228 233/228/233
f 234/229/234 233/228/233 230/230/230
f 195/193/195 234/229/234 235/198/235
f 198/196/198 235/198/235 237/197/237
f 237/197/237 235/198/235 236/231/236
f 239/232/239 237/197/237 236/231/236
f 240/202/240 200/200/200 238/233/238
f 241/234/241 240/202/240 238/233/238
f 205/235/205 204/203/204 242/236/242
f 242/236/242 204/203/204 240/202/240
f 531/237/531 242/236/242 241/234/241
f 246/238/246 245/239/245 244/155/244
f 16/240/16 17/22/17 23/15/23
f 245/239/245 18/11/18 244/155/244
f 251/241/251 246/238/246 247/242/247
f 260/243/260 257/244/257 254/245/254
f 258/246/258 248/247/248 255/248/255
f 259/249/259 258/246/258 255/248/255
f 262/250/262 248/247/248 258/246/258
f 267/251/267 262/250/262 259/249/259
f 263/252/263 252/253/252 251/241/251
f 269/254/269 262/250/262 267/251/267
f 268/255/268 267/251/267 259/249/259
f 266/256/266 261/257/261 269/254/269
f 265/258/265 268/255/268 264/259/264
f 270/260/270 269/254/269 271/261/271
f 265/258/265 272/262/272 268/255/268
f 278/263/278 265/258/265 360/264/360
f 278/263/278 272/262/272 265/258/265
f 277/265/277 276/266/276 273/267/273
f 276/266/276 275/268/275 273/267/273
f 274/269/274 270/260/270 271/261/271
f 279/270/279 274/269/274 272/262/272
f 278/263/278 279/270/279 272/262/272
f 281/271/281 708/272/708 279/273/279
f 282/274/282 281/271/281 280/275/280
f 308/276/308 284/277/284 283/278/283
f 44/35/44 47/36/47 286/279/286
f 286/279/286 283/278/283 44/35/44
f 288/42/288 285/37/285 48/38/48
f 287/280/287 285/37/285 290/281/290
f 292/282/292 288/42/288 291/43/291
f 292/282/292 291/43/291 99/93/99
f 291/43/291 85/94/85 99/93/99
f 308/276/308 283/278/283 294/283/294
f 295/284/295 287/280/287 290/281/290
f 297/285/297 290/281/290 289/286/289
f 298/287/298 297/285/297 299/288/299
f 296/289/296 297/285/297 302/290/302
f 310/291/310 305/87/305 94/86/94
f 304/292/304 310/291/310 303/293/303
f 304/292/304 305/87/305 310/291/310
f 306/294/306 305/87/305 304/292/304
f 247/242/247 246/238/246 306/294/306
f 307/295/307 97/89/97 98/90/98
f 308/276/308 309/296/309 307/295/307
f 310/291/310 97/89/97 309/296/309
f 311/297/311 99/93/99 87/77/87
f 311/297/311 100/96/100 101/95/101
f 311/297/311 101/95/101 313/298/313
f 313/298/313 315/98/315 314/299/314
f 309/296/309 308/276/308 317/300/317
f 318/301/318 309/296/309 317/300/317
f 303/293/303 310/291/310 318/301/318
f 317/300/317 308/276/308 320/302/320
f 322/303/322 301/304/301 312/305/312
f 324/306/324 312/305/312 313/298/313
f 323/307/323 322/303/322 324/306/324
f 319/308/319 318/301/318 317/300/317
f 319/308/319 317/300/317 325/309/325
f 329/310/329 321/311/321 328/312/328
f 325/309/325 327/313/327 329/310/329
f 298/287/298 300/314/300 332/315/332
f 332/315/332 301/304/301 322/303/322
f 335/316/335 332/315/332 322/303/322
f 337/317/337 322/303/322 323/307/323
f 336/318/336 337/317/337 323/307/323
f 331/319/331 298/287/298 345/320/345
f 347/321/347 333/322/333 334/323/334
f 347/321/347 344/324/344 333/322/333
f 346/325/346 347/321/347 334/323/334
f 348/326/348 335/316/335 337/317/337
f 316/327/316 315/98/315 163/162/163
f 316/327/316 163/162/163 351/328/351
f 316/327/316 351/328/351 350/329/350
f 163/162/163 202/330/202 351/328/351
f 354/331/354 353/332/353 304/292/304
f 355/333/355 353/332/353 354/331/354
f 357/334/357 314/299/314 316/327/316
f 314/299/314 357/334/357 356/335/356
f 364/336/364 357/334/357 349/337/349
f 364/336/364 349/337/349 388/338/388
f 349/337/349 350/329/350 388/338/388
f 355/333/355 265/258/265 264/259/264
f 359/339/359 360/264/360 354/331/354
f 358/340/358 303/293/303 319/308/319
f 358/340/358 319/308/319 326/341/326
f 325/309/325 326/341/326 319/308/319
f 358/340/358 326/341/326 367/342/367
f 337/317/337 363/343/363 362/344/362
f 363/343/363 356/335/356 364/336/364
f 364/336/364 365/345/365 363/343/363
f 367/342/367 325/309/325 329/310/329
f 326/341/326 325/309/325 367/342/367
f 368/346/368 367/342/367 329/310/329
f 368/346/368 338/347/338 369/348/369
f 370/349/370 338/347/338 340/350/340
f 371/351/371 340/350/340 339/352/339
f 374/353/374 348/326/348 361/354/361
f 375/355/375 361/354/361 362/344/362
f 411/356/411 374/353/374 375/355/375
f 362/344/362 363/343/363 365/345/365
f 397/357/397 368/346/368 376/358/376
f 376/358/376 369/348/369 377/359/377
f 377/359/377 369/348/369 370/349/370
f 371/351/371 339/352/339 341/360/341
f 370/349/370 340/350/340 371/351/371
f 370/349/370 371/351/371 378/361/378
f 377/359/377 370/349/370 378/361/378
f 380/362/380 341/360/341 343/363/343
f 380/362/380 343/363/343 344/324/344
f 381/364/381 372/365/372 380/362/380
f 381/364/381 406/366/406 372/365/372
f 384/367/384 347/321/347 346/325/346
f 383/368/383 384/367/384 346/325/346
f 383/368/383 385/369/385 384/367/384
f 384/367/384 386/370/386 380/362/380
f 373/371/373 383/368/383 346/325/346
f 410/372/410 373/371/373 374/353/374
f 352/373/352 205/235/205 387/374/387
f 205/235/205 203/375/203 204/203/204
f 388/338/388 350/329/350 387/374/387
f 350/329/350 352/373/352 387/374/387
f 278/263/278 360/264/360 391/376/391
f 364/336/364 389/377/389 392/378/392
f 364/336/364 388/338/388 389/377/389
f 359/339/359 391/376/391 360/264/360
f 375/355/375 400/379/400 411/356/411
f 362/344/362 399/380/399 375/355/375
f 365/345/365 399/380/399 362/344/362
f 427/381/427 375/355/375 399/380/399
f 427/381/427 399/380/399 392/378/392
f 402/382/402 397/357/397 376/358/376
f 402/382/402 376/358/376 377/359/377
f 404/383/404 401/384/401 402/382/402
f 377/359/377 378/361/378 407/385/407
f 406/366/406 407/385/407 379/386/379
f 408/387/408 406/366/406 381/364/381
f 416/388/416 408/387/408 381/364/381
f 386/370/386 416/388/416 382/389/382
f 383/368/383 409/390/409 385/369/385
f 385/369/385 416/388/416 386/370/386
f 409/390/409 416/388/416 385/369/385
f 411/356/411 412/391/412 410/372/410
f 410/372/410 413/392/413 409/390/409
f 411/356/411 400/379/400 412/391/412
f 415/393/415 405/394/405 407/385/407
f 408/387/408 414/395/414 407/385/407
f 417/396/417 414/395/414 408/387/408
f 418/397/418 205/235/205 242/236/242
f 387/374/387 418/397/418 419/398/419
f 420/399/420 418/397/418 243/400/243
f 420/401/420 243/402/243 421/403/421
f 390/404/390 387/374/387 419/398/419
f 390/404/390 419/398/419 422/405/422
f 422/405/422 419/398/419 424/406/424
f 741/407/741 422/408/422 424/409/424
f 422/408/422 741/407/741 423/410/423
f 396/411/396 280/412/280 278/263/278
f 426/413/426 425/414/425 395/415/395
f 392/378/392 428/416/428 427/381/427
f 428/416/428 422/405/422 423/417/423
f 427/381/427 428/416/428 429/418/429
f 430/419/430 753/420/753 429/421/429
f 431/422/431 398/423/398 401/384/401
f 426/413/426 395/415/395 431/424/431
f 432/425/432 403/426/403 404/427/404
f 433/428/433 426/413/426 431/424/431
f 433/428/433 431/424/431 403/426/403
f 434/429/434 404/427/404 415/430/415
f 413/392/413 446/431/446 416/388/416
f 436/432/436 435/433/435 413/392/413
f 435/433/435 446/431/446 413/392/413
f 435/433/435 447/434/447 446/431/446
f 750/435/750 435/436/435 436/437/436
f 435/433/435 437/438/437 447/434/447
f 438/439/438 436/432/436 412/391/412
f 438/439/438 439/440/439 436/432/436
f 440/441/440 434/429/434 415/430/415
f 441/442/441 443/443/443 415/430/415
f 442/444/442 414/445/414 417/446/417
f 445/447/445 417/446/417 444/448/444
f 452/449/452 450/450/450 451/451/451
f 455/452/455 453/453/453 451/451/451
f 455/452/455 451/451/451 454/454/454
f 461/455/461 454/454/454 459/456/459
f 461/455/461 462/457/462 454/454/454
f 463/458/463 461/455/461 460/459/460
f 462/457/462 455/452/455 454/454/454
f 460/459/460 457/460/457 464/461/464
f 472/462/472 455/452/455 462/457/462
f 466/463/466 462/457/462 461/455/461
f 467/464/467 460/459/460 465/465/465
f 461/455/461 463/458/463 466/463/466
f 471/466/471 456/467/456 455/452/455
f 475/468/475 473/469/473 471/466/471
f 465/465/465 473/469/473 467/464/467
f 467/464/467 473/469/473 475/468/475
f 466/463/466 463/458/463 467/464/467
f 475/468/475 471/466/471 472/462/472
f 468/470/468 469/471/469 474/472/474
f 474/472/474 470/473/470 478/474/478
f 477/475/477 481/476/481 479/477/479
f 485/478/485 484/479/484 482/480/482
f 476/481/476 486/482/486 487/483/487
f 487/483/487 477/475/477 476/481/476
f 486/482/486 476/481/476 488/484/488
f 628/485/628 487/483/487 486/482/486
f 489/486/489 488/484/488 483/487/483
f 489/486/489 483/487/483 484/479/484
f 489/486/489 484/479/484 491/488/491
f 490/489/490 489/486/489 491/488/491
f 492/490/492 490/489/490 493/491/493
f 491/488/491 484/479/484 485/478/485
f 491/488/491 485/478/485 494/492/494
f 497/493/497 495/494/495 496/495/496
f 501/496/501 500/497/500 504/498/504
f 502/499/502 501/496/501 504/498/504
f 500/497/500 499/500/499 504/498/504
f 503/501/503 502/499/502 539/502/539
f 505/211/505 507/503/507 508/504/508
f 507/503/507 506/505/506 503/501/503
f 509/506/509 508/504/508 510/507/510
f 510/507/510 507/503/507 503/501/503
f 512/508/512 505/211/505 513/509/513
f 220/222/220 505/211/505 512/508/512
f 511/510/511 220/222/220 512/508/512
f 224/221/224 220/222/220 511/510/511
f 517/511/517 224/221/224 511/510/511
f 225/220/225 517/511/517 515/512/515
f 516/513/516 226/219/226 515/512/515
f 545/514/545 515/512/515 517/511/517
f 518/515/518 231/226/231 519/516/519
f 522/517/522 230/230/230 518/515/518
f 230/230/230 522/517/522 521/518/521
f 523/519/523 521/518/521 522/517/522
f 523/519/523 522/517/522 562/520/562
f 236/231/236 234/229/234 521/518/521
f 524/521/524 236/231/236 521/518/521
f 525/522/525 524/521/524 526/523/526
f 239/232/239 525/522/525 527/524/527
f 529/525/529 527/524/527 526/523/526
f 533/526/533 531/237/531 528/527/528
f 536/528/536 537/529/537 538/530/538
f 503/501/503 539/502/539 540/531/540
f 504/498/504 536/528/536 541/532/541
f 540/531/540 539/502/539 560/533/560
f 503/501/503 540/531/540 543/534/543
f 542/535/542 509/506/509 510/507/510
f 542/535/542 510/507/510 543/534/543
f 516/513/516 515/512/515 546/536/546
f 515/512/515 545/514/545 546/536/546
f 552/537/552 550/538/550 578/539/578
f 516/513/516 546/536/546 551/540/551
f 552/537/552 551/540/551 548/541/548
f 556/542/556 538/530/538 537/529/537
f 557/543/557 541/532/541 538/530/538
f 555/544/555 554/545/554 535/546/535
f 558/547/558 556/542/556 554/545/554
f 541/532/541 539/502/539 504/498/504
f 541/532/541 536/528/536 538/530/538
f 539/502/539 541/532/541 559/548/559
f 539/502/539 559/548/559 560/533/560
f 559/548/559 541/532/541 581/549/581
f 581/549/581 541/532/541 557/543/557
f 559/548/559 581/549/581 560/533/560
f 561/550/561 542/535/542 544/551/544
f 562/520/562 518/515/518 551/540/551
f 563/552/563 551/540/551 552/537/552
f 523/519/523 566/553/566 565/554/565
f 565/554/565 564/555/564 523/519/523
f 566/553/566 562/520/562 563/552/563
f 456/467/456 567/556/567 453/453/453
f 524/521/524 571/557/571 570/558/570
f 571/557/571 524/521/524 564/555/564
f 573/559/573 564/555/564 569/560/569
f 526/523/526 570/558/570 572/561/572
f 572/561/572 570/558/570 624/562/624
f 529/525/529 572/561/572 530/563/530
f 530/563/530 572/561/572 574/564/574
f 528/527/528 530/563/530 575/565/575
f 533/526/533 528/527/528 575/565/575
f 576/566/576 575/565/575 636/567/636
f 543/534/543 584/568/584 577/569/577
f 578/539/578 550/538/550 579/570/579
f 558/547/558 557/543/557 556/542/556
f 582/571/582 584/568/584 560/533/560
f 582/571/582 643/572/643 584/568/584
f 585/573/585 643/572/643 582/571/582
f 544/551/544 577/569/577 586/574/586
f 577/569/577 588/575/588 589/576/589
f 590/577/590 587/578/587 591/579/591
f 591/579/591 589/576/589 588/575/588
f 595/580/595 596/581/596 598/582/598
f 592/583/592 597/584/597 590/577/590
f 601/585/601 578/539/578 579/570/579
f 600/586/600 578/539/578 601/585/601
f 599/587/599 601/585/601 579/570/579
f 603/588/603 595/580/595 602/589/602
f 602/589/602 595/580/595 598/582/598
f 563/552/563 578/539/578 605/590/605
f 605/590/605 578/539/578 600/586/600
f 608/591/608 606/592/606 607/593/607
f 606/592/606 566/553/566 563/552/563
f 617/594/617 611/595/611 612/596/612
f 580/597/580 558/547/558 614/598/614
f 616/599/616 614/598/614 610/600/610
f 613/601/613 580/597/580 614/598/614
f 611/595/611 616/599/616 610/600/610
f 618/602/618 615/603/615 614/598/614
f 616/599/616 611/595/611 617/594/617
f 619/604/619 615/603/615 633/605/633
f 583/606/583 585/573/585 582/571/582
f 583/606/583 651/607/651 585/573/585
f 621/608/621 609/609/609 620/610/620
f 622/611/622 569/560/569 621/608/621
f 623/612/623 622/611/622 620/610/620
f 573/559/573 569/560/569 624/562/624
f 612/596/612 626/613/626 627/614/627
f 477/475/477 629/615/629 480/616/480
f 628/485/628 631/617/631 629/615/629
f 627/614/627 474/472/474 478/474/478
f 629/615/629 627/614/627 480/616/480
f 612/596/612 627/614/627 629/615/629
f 631/617/631 612/596/612 629/615/629
f 477/475/477 480/616/480 481/476/481
f 480/616/480 627/614/627 478/474/478
f 632/618/632 618/602/618 617/594/617
f 634/619/634 632/618/632 630/620/630
f 633/605/633 618/602/618 634/619/634
f 625/621/625 624/562/624 569/560/569
f 574/564/574 624/562/624 637/622/637
f 637/622/637 624/562/624 625/621/625
f 638/623/638 631/617/631 492/490/492
f 639/624/639 631/617/631 638/623/638
f 640/625/640 638/623/638 497/493/497
f 682/626/682 638/623/638 640/625/640
f 636/567/636 641/627/641 642/628/642
f 591/579/591 588/575/588 644/629/644
f 592/583/592 591/579/591 645/630/645
f 644/629/644 643/572/643 646/631/646
f 648/632/648 597/584/597 592/583/592
f 649/633/649 597/584/597 648/632/648
f 585/573/585 651/607/651 650/634/650
f 650/634/650 646/631/646 643/572/643
f 646/631/646 645/630/645 644/629/644
f 654/635/654 646/631/646 652/636/652
f 654/635/654 647/637/647 645/630/645
f 654/635/654 652/636/652 656/638/656
f 648/632/648 592/583/592 647/637/647
f 660/639/660 648/632/648 657/640/657
f 657/640/657 647/637/647 655/641/655
f 659/642/659 657/640/657 655/641/655
f 671/643/671 658/644/658 657/640/657
f 661/645/661 660/639/660 662/646/662
f 658/644/658 662/646/662 660/639/660
f 604/647/604 608/591/608 605/590/605
f 664/648/664 620/610/620 608/591/608
f 661/645/661 608/591/608 604/647/604
f 664/648/664 608/591/608 661/645/661
f 663/649/663 664/648/664 661/645/661
f 666/650/666 653/651/653 651/607/651
f 669/652/669 653/651/653 666/650/666
f 669/652/669 666/650/666 668/653/668
f 656/638/656 655/641/655 654/635/654
f 693/654/693 656/638/656 652/636/652
f 670/655/670 658/644/658 671/643/671
f 674/656/674 663/649/663 662/646/662
f 673/657/673 663/649/663 674/656/674
f 675/658/675 664/648/664 663/649/663
f 676/659/676 675/658/675 663/649/663
f 677/660/677 675/658/675 676/659/676
f 676/659/676 663/649/663 673/657/673
f 675/658/675 679/661/679 623/612/623
f 664/648/664 675/658/675 623/612/623
f 680/662/680 679/661/679 675/658/675
f 677/660/677 681/663/681 675/658/675
f 637/622/637 625/621/625 679/661/679
f 639/624/639 665/664/665 634/619/634
f 683/665/683 667/666/667 665/664/665
f 667/666/667 683/665/683 684/667/684
f 687/668/687 674/656/674 686/669/686
f 674/656/674 678/670/678 673/657/673
f 687/668/687 678/670/678 674/656/674
f 688/671/688 677/660/677 678/670/678
f 690/672/690 680/662/680 691/673/691
f 641/627/641 637/622/637 680/662/680
f 694/674/694 659/642/659 655/641/655
f 695/675/695 694/674/694 656/638/656
f 696/676/696 668/653/668 684/667/684
f 697/677/697 696/676/696 684/667/684
f 698/678/698 693/654/693 696/676/696
f 698/678/698 696/676/696 697/677/697
f 700/679/700 694/674/694 695/675/695
f 698/678/698 695/675/695 693/654/693
f 698/678/698 700/679/700 695/675/695
f 697/677/697 700/679/700 698/678/698
f 701/680/701 671/643/671 659/642/659
f 701/680/701 670/655/670 671/643/671
f 699/681/699 659/642/659 694/674/694
f 699/681/699 701/680/701 659/642/659
f 875/682/875 701/680/701 699/681/699
f 878/683/878 686/669/686 702/684/702
f 276/266/276 704/685/704 275/268/275
f 705/686/705 707/687/707 704/685/704
f 705/686/705 276/266/276 277/265/277
f 708/272/708 709/688/709 705/686/705
f 710/689/710 708/272/708 281/271/281
f 711/690/711 710/689/710 281/271/281
f 718/691/718 712/692/712 707/687/707
f 719/693/719 715/694/715 718/691/718
f 736/695/736 719/693/719 720/696/720
f 717/697/717 710/689/710 711/690/711
f 722/698/722 713/699/713 714/700/714
f 726/701/726 724/702/724 715/694/715
f 723/703/723 722/698/722 714/700/714
f 724/702/724 723/703/723 714/700/714
f 727/704/727 725/705/725 724/702/724
f 726/701/726 727/704/727 724/702/724
f 729/706/729 723/703/723 727/704/727
f 736/695/736 729/706/729 726/701/726
f 497/493/497 496/495/496 733/707/733
f 733/707/733 496/495/496 734/708/734
f 732/709/732 735/710/735 730/711/730
f 732/709/732 737/712/737 735/710/735
f 736/695/736 726/701/726 719/693/719
f 737/712/737 733/707/733 734/708/734
f 421/403/421 243/402/243 532/713/532
f 421/403/421 532/713/532 738/714/738
f 738/714/738 532/713/532 533/526/533
f 424/409/424 420/401/420 421/403/421
f 424/409/424 739/715/739 741/407/741
f 740/716/740 741/407/741 739/715/739
f 744/717/744 282/274/282 425/414/425
f 744/717/744 711/690/711 282/274/282
f 430/419/430 428/718/428 746/719/746
f 432/425/432 747/720/747 433/428/433
f 772/721/772 770/722/770 745/723/745
f 747/720/747 772/721/772 745/723/745
f 432/425/432 780/724/780 747/720/747
f 434/429/434 748/725/748 432/425/432
f 751/726/751 437/727/437 750/435/750
f 776/728/776 755/729/755 753/420/753
f 756/730/756 751/726/751 754/731/754
f 440/441/440 748/725/748 434/429/434
f 757/732/757 749/733/749 748/725/748
f 443/443/443 757/732/757 440/441/440
f 793/734/793 757/732/757 758/735/758
f 445/447/445 759/736/759 442/444/442
f 447/737/447 760/738/760 448/739/448
f 752/740/752 760/738/760 447/737/447
f 760/738/760 445/447/445 448/739/448
f 739/715/739 421/403/421 738/714/738
f 765/741/765 739/715/739 738/714/738
f 765/741/765 738/714/738 766/742/766
f 766/742/766 738/714/738 763/743/763
f 767/744/767 721/745/721 711/690/711
f 800/746/800 720/696/720 721/745/721
f 805/747/805 721/745/721 767/744/767
f 769/748/769 779/749/779 768/750/768
f 770/722/770 743/751/743 745/723/745
f 767/744/767 711/690/711 744/717/744
f 770/722/770 767/744/767 744/717/744
f 771/752/771 767/744/767 770/722/770
f 773/753/773 812/754/812 770/722/770
f 812/754/812 771/752/771 770/722/770
f 792/755/792 756/730/756 776/728/776
f 777/756/777 820/757/820 792/755/792
f 768/750/768 740/716/740 742/758/742
f 776/728/776 746/719/746 768/750/768
f 774/759/774 772/721/772 780/724/780
f 748/725/748 780/724/780 432/425/432
f 781/760/781 780/724/780 748/725/748
f 782/761/782 775/762/775 780/724/780
f 793/734/793 783/763/783 749/733/749
f 749/733/749 782/761/782 781/760/781
f 794/764/794 785/765/785 784/766/784
f 751/726/751 788/767/788 752/740/752
f 788/767/788 789/768/789 752/740/752
f 790/769/790 786/770/786 762/771/762
f 791/772/791 789/768/789 788/767/788
f 787/773/787 751/726/751 756/730/756
f 792/755/792 787/773/787 756/730/756
f 820/757/820 791/772/791 792/755/792
f 793/734/793 749/733/749 757/732/757
f 759/736/759 794/764/794 758/735/758
f 761/774/761 794/764/794 759/736/759
f 795/775/795 827/776/827 761/774/761
f 762/771/762 795/775/795 760/738/760
f 640/625/640 497/493/497 733/707/733
f 732/709/732 796/777/796 737/712/737
f 796/777/796 732/709/732 802/778/802
f 798/779/798 799/780/799 642/628/642
f 642/628/642 641/627/641 798/779/798
f 763/743/763 576/566/576 799/780/799
f 576/566/576 636/567/636 642/628/642
f 800/746/800 736/695/736 720/696/720
f 802/778/802 731/781/731 736/695/736
f 801/782/801 797/783/797 802/778/802
f 800/746/800 803/784/803 801/782/801
f 798/779/798 804/785/804 764/786/764
f 766/742/766 763/743/763 799/780/799
f 766/742/766 799/780/799 764/786/764
f 771/752/771 806/787/806 767/744/767
f 805/747/805 800/746/800 721/745/721
f 806/787/806 805/747/805 767/744/767
f 808/788/808 810/789/810 823/790/823
f 808/788/808 809/791/809 810/789/810
f 811/792/811 808/788/808 769/748/769
f 808/788/808 811/792/811 809/791/809
f 804/785/804 809/791/809 811/792/811
f 775/762/775 813/793/813 774/759/774
f 814/794/814 854/795/854 852/796/852
f 814/794/814 815/797/815 854/795/854
f 817/798/817 815/797/815 816/799/816
f 815/797/815 817/798/817 854/795/854
f 819/800/819 870/801/870 828/802/828
f 821/803/821 818/804/818 831/805/831
f 822/806/822 864/807/864 872/808/872
f 821/803/821 819/800/819 818/804/818
f 778/809/778 823/790/823 820/757/820
f 820/757/820 822/806/822 831/805/831
f 823/790/823 822/806/822 820/757/820
f 823/790/823 863/810/863 822/806/822
f 779/749/779 808/788/808 778/809/778
f 782/761/782 813/793/813 775/762/775
f 816/799/816 813/793/813 782/761/782
f 783/763/783 826/811/826 816/799/816
f 784/766/784 783/763/783 793/734/793
f 783/763/783 784/766/784 826/811/826
f 824/812/824 826/811/826 784/766/784
f 868/813/868 824/812/824 825/814/825
f 828/802/828 829/815/829 827/776/827
f 825/814/825 824/812/824 785/765/785
f 785/765/785 829/815/829 825/814/825
f 829/815/829 869/816/869 825/814/825
f 786/770/786 828/802/828 827/776/827
f 830/817/830 828/802/828 786/770/786
f 819/800/819 828/802/828 830/817/830
f 819/800/819 830/817/830 818/804/818
f 870/801/870 829/815/829 828/802/828
f 831/805/831 790/769/790 791/772/791
f 831/805/831 818/804/818 790/769/790
f 733/707/733 832/818/832 640/625/640
f 833/819/833 733/707/733 796/777/796
f 796/777/796 733/707/733 737/712/737
f 797/783/797 833/819/833 796/777/796
f 833/819/833 834/820/834 832/818/832
f 836/821/836 834/820/834 835/822/835
f 834/820/834 685/823/685 683/665/683
f 836/821/836 685/823/685 834/820/834
f 836/821/836 837/824/837 685/823/685
f 838/825/838 677/660/677 688/671/688
f 839/826/839 838/825/838 846/827/846
f 689/828/689 691/673/691 681/663/681
f 692/829/692 641/627/641 690/672/690
f 841/830/841 797/783/797 803/784/803
f 841/830/841 835/822/835 833/819/833
f 843/831/843 844/832/844 841/830/841
f 845/833/845 837/824/837 836/821/836
f 856/834/856 886/835/886 845/833/845
f 845/833/845 873/836/873 837/824/837
f 847/837/847 839/826/839 846/827/846
f 847/837/847 846/827/846 883/838/883
f 847/837/847 893/839/893 848/840/848
f 849/841/849 851/842/851 850/843/850
f 849/841/849 692/829/692 840/844/840
f 849/841/849 840/844/840 851/842/851
f 847/837/847 851/842/851 839/826/839
f 804/785/804 692/829/692 849/841/849
f 809/791/809 804/785/804 849/841/849
f 854/795/854 856/834/856 853/845/853
f 854/795/854 855/846/855 856/834/856
f 857/847/857 859/848/859 888/849/888
f 860/850/860 862/851/862 891/852/891
f 862/851/862 860/850/860 871/853/871
f 848/840/848 896/854/896 861/855/861
f 848/840/848 865/856/865 847/837/847
f 848/840/848 893/839/893 894/857/894
f 896/854/896 848/840/848 894/857/894
f 809/791/809 849/841/849 810/789/810
f 850/843/850 863/810/863 810/789/810
f 850/843/850 810/789/810 849/841/849
f 865/856/865 850/843/850 851/842/851
f 870/801/870 871/853/871 860/850/860
f 860/850/860 895/858/895 857/847/857
f 819/800/819 871/853/871 870/801/870
f 872/808/872 861/855/861 821/803/821
f 864/807/864 861/855/861 872/808/872
f 873/836/873 684/667/684 837/824/837
f 697/677/697 684/667/684 873/836/873
f 874/859/874 697/677/697 873/836/873
f 876/860/876 699/681/699 700/679/700
f 875/682/875 699/681/699 876/860/876
f 877/861/877 876/860/876 697/677/697
f 876/860/876 700/679/700 697/677/697
f 879/862/879 703/863/703 875/682/875
f 878/683/878 703/863/703 879/862/879
f 878/683/878 879/862/879 880/864/880
f 882/865/882 687/668/687 686/669/686
f 885/866/885 884/867/884 878/683/878
f 885/866/885 878/683/878 880/864/880
f 882/865/882 688/671/688 687/668/687
f 838/825/838 882/865/882 883/838/883
f 845/833/845 874/859/874 873/836/873
f 886/835/886 888/849/888 887/868/887
f 889/869/889 879/862/879 877/861/877
f 891/852/891 890/870/890 892/871/892
f 890/870/890 880/864/880 892/871/892
f 889/869/889 892/871/892 879/862/879
f 893/839/893 883/838/883 884/867/884
f 890/870/890 884/867/884 885/866/885
f 893/839/893 884/867/884 894/857/894
f 893/839/893 847/837/847 883/838/883
f 858/872/858 888/849/888 886/835/886
f 859/848/859 895/858/895 889/869/889
f 895/858/895 892/871/892 889/869/889
f 862/851/862 896/854/896 890/870/890
f 2/873/2 30/23/30 186/25/186
f 1/2/1 30/23/30 2/873/2
f 10/7/10 9/16/9 6/4/6
f 11/9/11 4/1/4 3/3/3
f 12/874/12 11/9/11 3/3/3
f 13/8/13 4/1/4 11/9/11
f 34/875/34 14/10/14 12/874/12
f 14/10/14 11/9/11 12/874/12
f 19/156/19 18/11/18 20/13/20
f 25/160/25 20/13/20 22/14/22
f 23/15/23 27/20/27 25/160/25
f 22/14/22 23/15/23 25/160/25
f 24/18/24 9/16/9 10/7/10
f 162/158/162 28/19/28 26/159/26
f 25/160/25 27/20/27 28/19/28
f 162/158/162 25/160/25 28/19/28
f 27/20/27 17/22/17 15/21/15
f 28/19/28 10/7/10 26/159/26
f 33/876/33 29/24/29 30/23/30
f 30/23/30 31/26/31 33/876/33
f 31/26/31 32/28/32 33/876/33
f 13/8/13 36/877/36 35/27/35
f 14/10/14 34/875/34 37/878/37
f 36/877/36 13/8/13 14/10/14
f 14/10/14 37/878/37 36/877/36
f 35/27/35 38/879/38 32/28/32
f 35/27/35 36/877/36 38/879/38
f 36/877/36 37/878/37 38/879/38
f 40/29/40 81/31/81 41/39/41
f 44/35/44 45/880/45 43/33/43
f 44/35/44 284/277/284 45/880/45
f 43/33/43 45/880/45 82/32/82
f 45/880/45 98/90/98 82/32/82
f 45/880/45 284/277/284 98/90/98
f 46/34/46 43/33/43 39/30/39
f 47/36/47 44/35/44 46/34/46
f 85/94/85 291/43/291 49/41/49
f 54/61/54 120/118/120 66/62/66
f 58/65/58 127/125/127 129/127/129
f 81/31/81 83/50/83 59/52/59
f 60/51/60 56/47/56 51/44/51
f 60/51/60 61/53/61 50/54/50
f 84/57/84 62/55/62 52/46/52
f 52/46/52 62/55/62 51/44/51
f 63/56/63 81/31/81 59/52/59
f 66/62/66 65/58/65 52/46/52
f 66/62/66 52/46/52 54/61/54
f 86/64/86 70/60/70 68/66/68
f 67/76/67 68/66/68 69/68/69
f 70/60/70 65/58/65 124/63/124
f 68/66/68 58/65/58 129/127/129
f 68/66/68 129/127/129 69/68/69
f 132/129/132 69/68/69 129/127/129
f 69/68/69 132/129/132 73/69/73
f 73/69/73 132/129/132 133/132/133
f 77/70/77 78/92/78 80/73/80
f 76/71/76 77/70/77 79/74/79
f 39/30/39 82/32/82 83/50/83
f 82/32/82 75/72/75 83/50/83
f 83/50/83 75/72/75 76/71/76
f 83/50/83 76/71/76 61/53/61
f 76/71/76 79/74/79 61/53/61
f 81/31/81 63/56/63 62/55/62
f 42/40/42 84/57/84 64/59/64
f 85/94/85 64/59/64 86/64/86
f 85/94/85 86/64/86 67/76/67
f 86/64/86 68/66/68 67/76/67
f 71/67/71 67/76/67 69/68/69
f 87/77/87 71/67/71 72/78/72
f 71/67/71 73/69/73 72/78/72
f 89/80/89 90/79/90 92/81/92
f 93/97/93 91/82/91 92/81/92
f 96/88/96 78/92/78 77/70/77
f 94/86/94 78/92/78 96/88/96
f 97/89/97 94/86/94 96/88/96
f 94/86/94 95/85/95 157/91/157
f 98/90/98 96/88/96 75/72/75
f 49/41/49 42/40/42 64/59/64
f 85/94/85 49/41/49 64/59/64
f 87/77/87 99/93/99 88/75/88
f 311/297/311 87/77/87 100/96/100
f 100/96/100 87/77/87 90/79/90
f 89/80/89 100/96/100 90/79/90
f 91/82/91 100/96/100 89/80/89
f 93/97/93 101/95/101 91/82/91
f 315/98/315 93/97/93 102/100/102
f 104/103/104 103/881/103 106/101/106
f 106/101/106 107/104/107 105/102/105
f 108/105/108 104/103/104 105/102/105
f 111/138/111 109/107/109 112/106/112
f 112/106/112 188/109/188 113/110/113
f 56/47/56 50/54/50 114/113/114
f 116/117/116 114/113/114 117/144/117
f 117/144/117 189/111/189 116/117/116
f 117/144/117 148/112/148 189/111/189
f 118/114/118 53/48/53 56/47/56
f 57/45/57 55/49/55 120/118/120
f 55/49/55 118/114/118 121/115/121
f 122/120/122 55/49/55 121/115/121
f 119/119/119 55/49/55 122/120/122
f 118/114/118 114/113/114 121/115/121
f 126/122/126 124/63/124 120/118/120
f 128/124/128 124/63/124 126/122/126
f 129/127/129 127/125/127 104/103/104
f 127/125/127 130/126/130 103/881/103
f 127/125/127 103/881/103 104/103/104
f 132/129/132 131/128/131 134/130/134
f 131/128/131 129/127/129 104/103/104
f 135/133/135 131/128/131 104/103/104
f 136/131/136 134/130/134 192/189/192
f 138/134/138 109/107/109 141/136/141
f 138/134/138 140/149/140 142/135/142
f 139/137/139 140/149/140 138/134/138
f 143/139/143 110/108/110 109/107/109
f 143/139/143 142/135/142 2/873/2
f 186/25/186 143/139/143 2/873/2
f 139/137/139 141/136/141 145/143/145
f 145/143/145 141/136/141 111/138/111
f 148/112/148 146/140/146 113/110/113
f 147/141/147 117/144/117 50/54/50
f 117/144/117 147/141/147 148/112/148
f 144/142/144 155/151/155 139/137/139
f 155/151/155 156/152/156 140/149/140
f 156/152/156 26/159/26 8/6/8
f 26/159/26 10/7/10 8/6/8
f 80/73/80 78/92/78 157/91/157
f 157/91/157 158/154/158 80/73/80
f 158/154/158 144/142/144 147/141/147
f 158/154/158 155/151/155 144/142/144
f 93/97/93 92/81/92 74/84/74
f 93/97/93 74/84/74 159/99/159
f 199/199/199 164/161/164 159/99/159
f 152/195/152 159/99/159 150/146/150
f 160/163/160 164/161/164 199/199/199
f 95/85/95 161/157/161 154/153/154
f 95/85/95 154/153/154 157/91/157
f 95/85/95 244/155/244 161/157/161
f 154/153/154 155/151/155 157/91/157
f 161/157/161 19/156/19 20/13/20
f 154/153/154 162/158/162 156/152/156
f 164/161/164 102/100/102 159/99/159
f 202/330/202 163/162/163 160/163/160
f 167/166/167 166/165/166 206/882/206
f 190/167/190 165/164/165 167/166/167
f 211/171/211 168/178/168 191/169/191
f 170/173/170 121/115/121 168/178/168
f 170/173/170 122/120/122 121/115/121
f 172/174/172 170/173/170 168/178/168
f 173/176/173 171/172/171 172/174/172
f 108/105/108 177/179/177 176/183/176
f 176/183/176 177/179/177 179/180/179
f 182/182/182 108/105/108 176/183/176
f 183/186/183 182/182/182 227/223/227
f 184/190/184 183/186/183 227/223/227
f 188/109/188 110/108/110 185/187/185
f 188/109/188 185/187/185 187/188/187
f 113/110/113 188/109/188 187/188/187
f 189/111/189 113/110/113 187/188/187
f 187/188/187 165/164/165 189/111/189
f 189/111/189 165/164/165 190/167/190
f 191/169/191 116/117/116 190/167/190
f 123/121/123 122/120/122 170/173/170
f 184/190/184 192/189/192 135/133/135
f 137/145/137 193/191/193 151/147/151
f 137/145/137 136/131/136 193/191/193
f 194/194/194 193/191/193 195/193/195
f 151/147/151 193/191/193 194/194/194
f 152/195/152 150/146/150 197/148/197
f 198/196/198 197/148/197 194/194/194
f 152/195/152 197/148/197 198/196/198
f 237/197/237 200/200/200 152/195/152
f 198/196/198 194/194/194 235/198/235
f 199/199/199 159/99/159 152/195/152
f 201/201/201 160/163/160 199/199/199
f 240/202/240 201/201/201 200/200/200
f 201/201/201 202/330/202 160/163/160
f 204/203/204 202/330/202 201/201/201
f 204/203/204 203/375/203 202/330/202
f 167/166/167 206/882/206 207/204/207
f 169/168/169 167/166/167 210/170/210
f 209/206/209 210/170/210 208/205/208
f 210/170/210 212/207/212 211/171/211
f 213/208/213 174/175/174 172/174/172
f 172/174/172 168/178/168 175/177/175
f 213/208/213 172/174/172 175/177/175
f 216/212/216 174/175/174 213/208/213
f 222/217/222 218/214/218 217/213/217
f 219/215/219 216/212/216 213/208/213
f 219/215/219 218/214/218 216/212/216
f 220/222/220 217/213/217 219/215/219
f 179/180/179 180/185/180 221/218/221
f 180/185/180 223/216/223 221/218/221
f 224/221/224 221/218/221 217/213/217
f 179/180/179 221/218/221 226/219/226
f 225/220/225 221/218/221 224/221/224
f 228/225/228 184/190/184 227/223/227
f 227/223/227 181/184/181 229/224/229
f 228/225/228 231/226/231 230/230/230
f 196/192/196 184/190/184 228/225/228
f 195/193/195 196/192/196 233/228/233
f 195/193/195 233/228/233 234/229/234
f 233/228/233 228/225/228 230/230/230
f 236/231/236 235/198/235 234/229/234
f 239/232/239 238/233/238 237/197/237
f 200/200/200 237/197/237 238/233/238
f 242/236/242 240/202/240 241/234/241
f 243/400/243 242/236/242 531/237/531
f 16/240/16 249/883/249 17/22/17
f 244/155/244 18/11/18 19/156/19
f 252/253/252 254/245/254 253/884/253
f 253/884/253 255/248/255 256/885/256
f 253/884/253 257/244/257 255/248/255
f 254/245/254 257/244/257 253/884/253
f 255/248/255 248/247/248 256/885/256
f 257/244/257 259/249/259 255/248/255
f 260/243/260 259/249/259 257/244/257
f 259/249/259 262/250/262 258/246/258
f 248/247/248 261/257/261 250/886/250
f 262/250/262 261/257/261 248/247/248
f 263/252/263 254/245/254 252/253/252
f 256/885/256 252/253/252 253/884/253
f 260/243/260 268/255/268 259/249/259
f 260/243/260 264/259/264 268/255/268
f 269/254/269 261/257/261 262/250/262
f 261/257/261 266/256/266 250/886/250
f 270/260/270 266/256/266 269/254/269
f 267/251/267 271/261/271 269/254/269
f 268/255/268 271/261/271 267/251/267
f 268/255/268 272/262/272 271/261/271
f 274/269/274 273/887/273 270/260/270
f 274/269/274 271/261/271 272/262/272
f 274/269/274 277/888/277 273/887/273
f 279/270/279 277/888/277 274/269/274
f 280/412/280 281/889/281 278/263/278
f 278/263/278 281/889/281 279/270/279
f 283/278/283 284/277/284 44/35/44
f 308/276/308 307/295/307 284/277/284
f 286/279/286 47/36/47 285/37/285
f 287/280/287 286/279/286 285/37/285
f 295/284/295 286/279/286 287/280/287
f 290/281/290 285/37/285 288/42/288
f 289/286/289 290/281/290 288/42/288
f 292/282/292 289/286/289 288/42/288
f 311/297/311 292/282/292 99/93/99
f 293/890/293 292/282/292 311/297/311
f 294/283/294 283/278/283 286/279/286
f 295/284/295 294/283/294 286/279/286
f 296/289/296 294/283/294 295/284/295
f 296/289/296 295/284/295 297/285/297
f 321/311/321 294/283/294 296/289/296
f 299/288/299 297/285/297 289/286/289
f 297/285/297 295/284/295 290/281/290
f 292/282/292 299/288/299 289/286/289
f 300/314/300 299/288/299 292/282/292
f 300/314/300 292/282/292 293/890/293
f 301/304/301 300/314/300 293/890/293
f 298/287/298 302/290/302 297/285/297
f 300/314/300 298/287/298 299/288/299
f 305/87/305 244/155/244 95/85/95
f 306/294/306 244/155/244 305/87/305
f 306/294/306 246/238/246 244/155/244
f 304/292/304 247/242/247 306/294/306
f 309/296/309 97/89/97 307/295/307
f 97/89/97 310/291/310 94/86/94
f 307/295/307 98/90/98 284/277/284
f 293/890/293 311/297/311 312/305/312
f 313/298/313 312/305/312 311/297/311
f 315/98/315 313/298/313 101/95/101
f 316/327/316 314/299/314 315/98/315
f 318/301/318 310/291/310 309/296/309
f 319/308/319 303/293/303 318/301/318
f 320/302/320 308/276/308 294/283/294
f 321/311/321 320/302/320 294/283/294
f 312/305/312 301/304/301 293/890/293
f 324/306/324 322/303/322 312/305/312
f 314/299/314 324/306/324 313/298/313
f 336/318/336 324/306/324 314/299/314
f 325/309/325 317/300/317 327/313/327
f 327/313/327 320/302/320 321/311/321
f 327/313/327 317/300/317 320/302/320
f 321/311/321 329/310/329 327/313/327
f 330/891/330 321/311/321 296/289/296
f 328/312/328 321/311/321 330/891/330
f 331/319/331 302/290/302 298/287/298
f 332/315/332 333/322/333 298/287/298
f 334/323/334 333/322/333 332/315/332
f 332/315/332 300/314/300 301/304/301
f 335/316/335 334/323/334 332/315/332
f 336/318/336 323/307/323 324/306/324
f 337/317/337 335/316/335 322/303/322
f 338/347/338 328/312/328 340/350/340
f 338/347/338 329/310/329 328/312/328
f 339/352/339 330/891/330 296/289/296
f 339/352/339 296/289/296 302/290/302
f 340/350/340 328/312/328 330/891/330
f 339/352/339 340/350/340 330/891/330
f 342/892/342 339/352/339 302/290/302
f 342/892/342 302/290/302 331/319/331
f 331/319/331 343/363/343 342/892/342
f 341/360/341 339/352/339 342/892/342
f 341/360/341 342/892/342 343/363/343
f 344/324/344 343/363/343 331/319/331
f 345/320/345 298/287/298 333/322/333
f 345/320/345 344/324/344 331/319/331
f 333/322/333 344/324/344 345/320/345
f 335/316/335 348/326/348 334/323/334
f 334/323/334 348/326/348 346/325/346
f 315/98/315 102/100/102 163/162/163
f 349/337/349 316/327/316 350/329/350
f 263/252/263 247/242/247 304/292/304
f 353/332/353 263/252/263 304/292/304
f 354/331/354 304/292/304 303/293/303
f 263/252/263 251/241/251 247/242/247
f 260/243/260 263/252/263 353/332/353
f 263/252/263 260/243/260 254/245/254
f 353/332/353 264/259/264 260/243/260
f 355/333/355 264/259/264 353/332/353
f 314/299/314 356/335/356 336/318/336
f 349/337/349 357/334/357 316/327/316
f 364/336/364 356/335/356 357/334/357
f 350/329/350 351/328/351 352/373/352
f 358/340/358 354/331/354 303/293/303
f 359/339/359 354/331/354 358/340/358
f 360/264/360 355/333/355 354/331/354
f 363/343/363 337/317/337 336/318/336
f 336/318/336 356/335/356 363/343/363
f 366/893/366 359/339/359 358/340/358
f 368/346/368 366/893/366 367/342/367
f 367/342/367 366/893/366 358/340/358
f 368/346/368 397/357/397 366/893/366
f 338/347/338 368/346/368 329/310/329
f 347/321/347 384/367/384 344/324/344
f 348/326/348 373/371/373 346/325/346
f 348/326/348 374/353/374 373/371/373
f 337/317/337 361/354/361 348/326/348
f 361/354/361 337/317/337 362/344/362
f 361/354/361 375/355/375 374/353/374
f 370/349/370 369/348/369 338/347/338
f 376/358/376 368/346/368 369/348/369
f 372/365/372 371/351/371 341/360/341
f 372/365/372 379/386/379 371/351/371
f 379/386/379 378/361/378 371/351/371
f 380/362/380 372/365/372 341/360/341
f 380/362/380 382/389/382 381/364/381
f 406/366/406 379/386/379 372/365/372
f 344/324/344 384/367/384 380/362/380
f 385/369/385 386/370/386 384/367/384
f 380/362/380 386/370/386 382/389/382
f 373/371/373 409/390/409 383/368/383
f 203/375/203 351/328/351 202/330/202
f 352/373/352 351/328/351 203/375/203
f 352/373/352 203/375/203 205/235/205
f 389/377/389 388/338/388 387/374/387
f 390/404/390 389/377/389 387/374/387
f 355/333/355 360/264/360 265/258/265
f 389/377/389 390/404/390 422/405/422
f 393/894/393 359/339/359 366/893/366
f 393/894/393 391/376/391 359/339/359
f 394/895/394 396/411/396 391/376/391
f 393/894/393 394/895/394 391/376/391
f 393/894/393 395/896/395 394/895/394
f 391/376/391 396/411/396 278/263/278
f 397/357/397 393/894/393 366/893/366
f 398/423/398 393/894/393 397/357/397
f 398/423/398 395/896/395 393/894/393
f 375/355/375 427/381/427 400/379/400
f 365/345/365 364/336/364 392/378/392
f 399/380/399 365/345/365 392/378/392
f 402/382/402 401/384/401 397/357/397
f 401/384/401 398/423/398 397/357/397
f 405/394/405 402/382/402 377/359/377
f 405/394/405 404/383/404 402/382/402
f 379/386/379 407/385/407 378/361/378
f 406/366/406 408/387/408 407/385/407
f 407/385/407 405/394/405 377/359/377
f 382/389/382 416/388/416 381/364/381
f 409/390/409 413/392/413 416/388/416
f 374/353/374 411/356/411 410/372/410
f 373/371/373 410/372/410 409/390/409
f 410/372/410 412/391/412 413/392/413
f 412/391/412 436/432/436 413/392/413
f 407/385/407 414/395/414 441/897/441
f 441/897/441 415/393/415 407/385/407
f 416/388/416 417/396/417 408/387/408
f 416/388/416 446/431/446 444/898/444
f 387/374/387 205/235/205 418/397/418
f 418/397/418 242/236/242 243/400/243
f 420/399/420 419/398/419 418/397/418
f 425/899/425 396/411/396 394/895/394
f 425/899/425 394/895/394 395/896/395
f 396/900/396 425/414/425 282/274/282
f 396/900/396 282/274/282 280/275/280
f 427/381/427 429/418/429 400/379/400
f 392/378/392 389/377/389 422/405/422
f 392/378/392 422/405/422 428/416/428
f 429/421/429 428/718/428 430/419/430
f 431/422/431 395/896/395 398/423/398
f 404/383/404 403/901/403 401/384/401
f 401/384/401 403/901/403 431/422/431
f 432/425/432 433/428/433 403/426/403
f 405/394/405 415/393/415 404/383/404
f 434/429/434 432/425/432 404/427/404
f 750/435/750 437/727/437 435/436/435
f 436/437/436 439/902/439 750/435/750
f 412/391/412 429/418/429 438/439/438
f 412/391/412 400/379/400 429/418/429
f 429/421/429 753/420/753 438/903/438
f 441/442/441 442/444/442 443/443/443
f 443/443/443 440/441/440 415/430/415
f 414/445/414 442/444/442 441/442/441
f 417/446/417 445/447/445 442/444/442
f 416/388/416 444/898/444 417/396/417
f 446/904/446 448/739/448 444/448/444
f 446/904/446 447/737/447 448/739/448
f 445/447/445 444/448/444 448/739/448
f 451/451/451 450/450/450 449/905/449
f 453/453/453 452/449/452 451/451/451
f 455/452/455 456/467/456 453/453/453
f 461/455/461 459/456/459 460/459/460
f 466/463/466 472/462/472 462/457/462
f 465/465/465 460/459/460 464/461/464
f 464/461/464 457/460/457 458/906/458
f 463/458/463 460/459/460 467/464/467
f 471/466/471 468/470/468 456/467/456
f 568/907/568 456/467/456 468/470/468
f 455/452/455 472/462/472 471/466/471
f 466/463/466 475/468/475 472/462/472
f 466/463/466 467/464/467 475/468/475
f 476/481/476 477/475/477 479/477/479
f 489/486/489 486/482/486 488/484/488
f 489/486/489 490/489/490 486/482/486
f 490/489/490 628/485/628 486/482/486
f 491/488/491 493/491/493 490/489/490
f 476/481/476 479/477/479 488/484/488
f 492/490/492 493/491/493 495/494/495
f 494/492/494 493/491/493 491/488/491
f 493/491/493 494/492/494 495/494/495
f 495/494/495 494/492/494 496/495/496
f 536/528/536 504/498/504 499/500/499
f 502/499/502 504/498/504 539/502/539
f 505/211/505 215/210/215 507/503/507
f 215/210/215 506/505/506 507/503/507
f 510/507/510 508/504/508 507/503/507
f 220/222/220 219/215/219 505/211/505
f 513/509/513 505/211/505 508/504/508
f 509/506/509 513/509/513 508/504/508
f 225/220/225 224/221/224 517/511/517
f 226/219/226 225/220/225 515/512/515
f 514/908/514 517/511/517 511/510/511
f 516/513/516 229/224/229 226/219/226
f 519/516/519 231/226/231 229/224/229
f 518/515/518 230/230/230 231/226/231
f 519/516/519 229/224/229 516/513/516
f 520/909/520 501/496/501 502/499/502
f 521/518/521 234/229/234 230/230/230
f 562/520/562 522/517/522 518/515/518
f 524/521/524 521/518/521 523/519/523
f 239/232/239 236/231/236 525/522/525
f 525/522/525 236/231/236 524/521/524
f 238/233/238 239/232/239 527/524/527
f 526/523/526 527/524/527 525/522/525
f 527/524/527 241/234/241 238/233/238
f 241/234/241 527/524/527 529/525/529
f 528/527/528 241/234/241 529/525/529
f 530/563/530 528/527/528 529/525/529
f 528/527/528 531/237/531 241/234/241
f 532/713/532 243/402/243 531/237/531
f 533/526/533 532/713/532 531/237/531
f 536/528/536 499/500/499 498/910/498
f 536/528/536 498/910/498 534/911/534
f 537/529/537 536/528/536 534/911/534
f 543/534/543 510/507/510 503/501/503
f 544/551/544 542/535/542 543/534/543
f 543/534/543 540/531/540 560/533/560
f 543/534/543 560/533/560 584/568/584
f 546/536/546 545/514/545 547/912/547
f 548/541/548 546/536/546 547/912/547
f 550/538/550 548/541/548 547/912/547
f 550/538/550 552/537/552 548/541/548
f 551/540/551 519/516/519 516/513/516
f 551/540/551 518/515/518 519/516/519
f 551/540/551 546/536/546 548/541/548
f 553/913/553 555/544/555 535/546/535
f 554/545/554 537/529/537 535/546/535
f 554/545/554 556/542/556 537/529/537
f 556/542/556 557/543/557 538/530/538
f 555/544/555 558/547/558 554/545/554
f 563/552/563 562/520/562 551/540/551
f 563/552/563 552/537/552 578/539/578
f 566/553/566 523/519/523 562/520/562
f 564/555/564 524/521/524 523/519/523
f 609/609/609 564/555/564 565/554/565
f 526/523/526 524/521/524 570/558/570
f 570/558/570 571/557/571 573/559/573
f 573/559/573 571/557/571 564/555/564
f 574/564/574 572/561/572 624/562/624
f 624/562/624 570/558/570 573/559/573
f 529/525/529 526/523/526 572/561/572
f 575/565/575 530/563/530 574/564/574
f 577/569/577 544/551/544 543/534/543
f 579/570/579 550/538/550 549/914/549
f 580/597/580 557/543/557 558/547/558
f 558/547/558 555/544/555 610/600/610
f 560/533/560 581/549/581 582/571/582
f 613/601/613 581/549/581 557/543/557
f 583/606/583 582/571/582 581/549/581
f 577/569/577 584/568/584 588/575/588
f 589/576/589 586/574/586 577/569/577
f 587/578/587 586/574/586 589/576/589
f 591/579/591 587/578/587 589/576/589
f 588/575/588 584/568/584 643/572/643
f 592/583/592 590/577/590 591/579/591
f 593/915/593 590/577/590 594/916/594
f 590/577/590 597/584/597 594/916/594
f 596/581/596 594/916/594 597/584/597
f 598/582/598 596/581/596 597/584/597
f 599/587/599 579/570/579 549/914/549
f 599/587/599 602/589/602 601/585/601
f 599/587/599 603/588/603 602/589/602
f 602/589/602 604/647/604 601/585/601
f 601/585/601 604/647/604 600/586/600
f 604/647/604 605/590/605 600/586/600
f 604/647/604 602/589/602 598/582/598
f 605/590/605 607/593/607 563/552/563
f 606/592/606 563/552/563 607/593/607
f 608/591/608 607/593/607 605/590/605
f 609/609/609 565/554/565 566/553/566
f 606/592/606 609/609/609 566/553/566
f 580/597/580 613/601/613 557/543/557
f 610/600/610 614/598/614 558/547/558
f 614/598/614 615/603/615 613/601/613
f 583/606/583 613/601/613 615/603/615
f 618/602/618 614/598/614 616/599/616
f 619/604/619 583/606/583 615/603/615
f 617/594/617 618/602/618 616/599/616
f 583/606/583 581/549/581 613/601/613
f 619/604/619 651/607/651 583/606/583
f 608/591/608 620/610/620 606/592/606
f 569/560/569 564/555/564 609/609/609
f 621/608/621 569/560/569 609/609/609
f 606/592/606 620/610/620 609/609/609
f 620/610/620 622/611/622 621/608/621
f 632/618/632 617/594/617 612/596/612
f 630/620/630 632/618/632 612/596/612
f 631/617/631 630/620/630 612/596/612
f 630/620/630 639/624/639 634/619/634
f 633/605/633 615/603/615 618/602/618
f 634/619/634 618/602/618 632/618/632
f 619/604/619 633/605/633 635/917/635
f 665/664/665 633/605/633 634/619/634
f 625/621/625 569/560/569 622/611/622
f 637/622/637 641/627/641 574/564/574
f 487/483/487 628/485/628 477/475/477
f 477/475/477 628/485/628 629/615/629
f 490/489/490 492/490/492 628/485/628
f 492/490/492 631/617/631 628/485/628
f 639/624/639 630/620/630 631/617/631
f 497/493/497 492/490/492 495/494/495
f 638/623/638 492/490/492 497/493/497
f 682/626/682 639/624/639 638/623/638
f 636/567/636 574/564/574 641/627/641
f 575/565/575 574/564/574 636/567/636
f 643/572/643 644/629/644 588/575/588
f 644/629/644 645/630/645 591/579/591
f 647/637/647 592/583/592 645/630/645
f 649/633/649 598/582/598 597/584/597
f 649/633/649 604/647/604 598/582/598
f 619/604/619 635/917/635 651/607/651
f 585/573/585 650/634/650 643/572/643
f 652/636/652 650/634/650 651/607/651
f 653/651/653 652/636/652 651/607/651
f 652/636/652 646/631/646 650/634/650
f 654/635/654 645/630/645 646/631/646
f 654/635/654 655/641/655 647/637/647
f 660/639/660 649/633/649 648/632/648
f 647/637/647 657/640/657 648/632/648
f 657/640/657 658/644/658 660/639/660
f 660/639/660 604/647/604 649/633/649
f 660/639/660 661/645/661 604/647/604
f 662/646/662 663/649/663 661/645/661
f 623/612/623 620/610/620 664/648/664
f 633/605/633 665/664/665 635/917/635
f 665/664/665 666/650/666 635/917/635
f 667/666/667 666/650/666 665/664/665
f 635/917/635 666/650/666 651/607/651
f 693/654/693 652/636/652 653/651/653
f 668/653/668 666/650/666 667/666/667
f 669/652/669 693/654/693 653/651/653
f 656/638/656 694/674/694 655/641/655
f 659/642/659 671/643/671 657/640/657
f 658/644/658 670/655/670 662/646/662
f 670/655/670 674/656/674 662/646/662
f 678/670/678 676/659/676 673/657/673
f 623/612/623 679/661/679 622/611/622
f 679/661/679 625/621/625 622/611/622
f 681/663/681 680/662/680 675/658/675
f 679/661/679 680/662/680 637/622/637
f 682/626/682 665/664/665 639/624/639
f 683/665/683 665/664/665 682/626/682
f 834/820/834 683/665/683 682/626/682
f 683/665/683 685/823/685 684/667/684
f 684/667/684 668/653/668 667/666/667
f 672/918/672 686/669/686 670/655/670
f 686/669/686 674/656/674 670/655/670
f 678/670/678 677/660/677 676/659/676
f 687/668/687 688/671/688 678/670/678
f 677/660/677 689/828/689 681/663/681
f 691/673/691 680/662/680 681/663/681
f 690/672/690 641/627/641 680/662/680
f 695/675/695 656/638/656 693/654/693
f 668/653/668 696/676/696 669/652/669
f 696/676/696 693/654/693 669/652/669
f 700/679/700 699/681/699 694/674/694
f 701/680/701 672/918/672 670/655/670
f 701/680/701 702/684/702 672/918/672
f 686/669/686 672/918/672 702/684/702
f 875/682/875 702/684/702 701/680/701
f 705/686/705 704/685/704 276/266/276
f 707/687/707 706/919/706 704/685/704
f 279/273/279 708/272/708 277/265/277
f 708/272/708 705/686/705 277/265/277
f 705/686/705 709/688/709 716/920/716
f 708/272/708 710/689/710 709/688/709
f 705/686/705 716/920/716 707/687/707
f 282/274/282 711/690/711 281/271/281
f 712/692/712 715/694/715 714/700/714
f 714/700/714 715/694/715 724/702/724
f 707/687/707 712/692/712 706/919/706
f 716/920/716 718/691/718 707/687/707
f 716/920/716 719/693/719 718/691/718
f 709/688/709 719/693/719 716/920/716
f 717/697/717 719/693/719 709/688/709
f 712/692/712 718/691/718 715/694/715
f 720/696/720 719/693/719 717/697/717
f 719/693/719 726/701/726 715/694/715
f 710/689/710 717/697/717 709/688/709
f 721/745/721 720/696/720 717/697/717
f 724/702/724 725/705/725 723/703/723
f 725/705/725 727/704/727 723/703/723
f 729/706/729 727/704/727 726/701/726
f 729/706/729 728/921/728 723/703/723
f 736/695/736 731/781/731 729/706/729
f 729/706/729 730/711/730 728/921/728
f 731/781/731 730/711/730 729/706/729
f 731/781/731 732/709/732 730/711/730
f 424/406/424 419/398/419 420/399/420
f 739/715/739 424/409/424 421/403/421
f 740/716/740 423/410/423 741/407/741
f 742/758/742 740/716/740 739/715/739
f 426/413/426 743/751/743 425/414/425
f 743/751/743 744/717/744 425/414/425
f 428/718/428 423/410/423 740/716/740
f 740/716/740 746/719/746 428/718/428
f 430/419/430 776/728/776 753/420/753
f 746/719/746 776/728/776 430/419/430
f 426/413/426 745/723/745 743/751/743
f 433/428/433 745/723/745 426/413/426
f 433/428/433 747/720/747 745/723/745
f 780/724/780 772/721/772 747/720/747
f 751/726/751 752/740/752 437/727/437
f 439/902/439 751/726/751 750/435/750
f 438/903/438 753/420/753 755/729/755
f 439/902/439 438/903/438 754/731/754
f 438/903/438 755/729/755 754/731/754
f 754/731/754 751/726/751 439/902/439
f 755/729/755 756/730/756 754/731/754
f 440/441/440 757/732/757 748/725/748
f 443/443/443 442/444/442 758/735/758
f 443/443/443 758/735/758 757/732/757
f 442/444/442 759/736/759 758/735/758
f 445/447/445 760/738/760 759/736/759
f 760/738/760 761/774/761 759/736/759
f 752/740/752 762/771/762 760/738/760
f 437/727/437 752/740/752 447/737/447
f 763/743/763 533/526/533 575/565/575
f 763/743/763 738/714/738 533/526/533
f 763/743/763 575/565/575 576/566/576
f 765/741/765 766/742/766 764/786/764
f 711/690/711 721/745/721 717/697/717
f 768/750/768 765/741/765 764/786/764
f 765/741/765 742/758/742 739/715/739
f 765/741/765 768/750/768 742/758/742
f 770/722/770 744/717/744 743/751/743
f 772/721/772 773/753/773 770/722/770
f 774/759/774 812/754/812 773/753/773
f 777/756/777 792/755/792 776/728/776
f 768/750/768 746/719/746 740/716/740
f 768/750/768 779/749/779 776/728/776
f 776/728/776 779/749/779 777/756/777
f 779/749/779 778/809/778 777/756/777
f 774/759/774 773/753/773 772/721/772
f 780/724/780 775/762/775 774/759/774
f 748/725/748 749/733/749 781/760/781
f 781/760/781 782/761/782 780/724/780
f 749/733/749 783/763/783 782/761/782
f 827/776/827 785/765/785 794/764/794
f 762/771/762 786/770/786 795/775/795
f 786/770/786 827/776/827 795/775/795
f 787/773/787 788/767/788 751/726/751
f 789/768/789 762/771/762 752/740/752
f 789/768/789 790/769/790 762/771/762
f 787/773/787 791/772/791 788/767/788
f 787/773/787 792/755/792 791/772/791
f 791/772/791 790/769/790 789/768/789
f 756/730/756 755/729/755 776/728/776
f 758/735/758 794/764/794 793/734/793
f 794/764/794 784/766/784 793/734/793
f 760/738/760 795/775/795 761/774/761
f 827/776/827 794/764/794 761/774/761
f 802/778/802 797/783/797 796/777/796
f 798/779/798 764/786/764 799/780/799
f 799/780/799 576/566/576 642/628/642
f 736/695/736 801/782/801 802/778/802
f 800/746/800 801/782/801 736/695/736
f 805/747/805 803/784/803 800/746/800
f 802/778/802 732/709/732 731/781/731
f 803/784/803 797/783/797 801/782/801
f 811/792/811 764/786/764 804/785/804
f 806/787/806 807/922/807 805/747/805
f 807/922/807 803/784/803 805/747/805
f 806/787/806 852/796/852 807/922/807
f 807/922/807 852/796/852 842/923/842
f 823/790/823 810/789/810 863/810/863
f 769/748/769 808/788/808 779/749/779
f 811/792/811 768/750/768 764/786/764
f 811/792/811 769/748/769 768/750/768
f 774/759/774 813/793/813 812/754/812
f 812/754/812 806/787/806 771/752/771
f 806/787/806 813/793/813 814/794/814
f 812/754/812 813/793/813 806/787/806
f 806/787/806 814/794/814 852/796/852
f 813/793/813 815/797/815 814/794/814
f 813/793/813 816/799/816 815/797/815
f 817/798/817 816/799/816 866/924/866
f 822/806/822 872/808/872 831/805/831
f 831/805/831 872/808/872 821/803/821
f 821/803/821 861/855/861 819/800/819
f 778/809/778 820/757/820 777/756/777
f 778/809/778 808/788/808 823/790/823
f 783/763/783 816/799/816 782/761/782
f 785/765/785 824/812/824 784/766/784
f 816/799/816 826/811/826 866/924/866
f 826/811/826 824/812/824 867/925/867
f 824/812/824 868/813/868 867/925/867
f 827/776/827 829/815/829 785/765/785
f 825/814/825 869/816/869 868/813/868
f 818/804/818 830/817/830 786/770/786
f 820/757/820 831/805/831 791/772/791
f 786/770/786 790/769/790 818/804/818
f 832/818/832 682/626/682 640/625/640
f 833/819/833 832/818/832 733/707/733
f 832/818/832 834/820/834 682/626/682
f 835/822/835 834/820/834 833/819/833
f 685/823/685 837/824/837 684/667/684
f 838/825/838 689/828/689 677/660/677
f 838/825/838 839/826/839 689/828/689
f 692/829/692 690/672/690 691/673/691
f 840/844/840 692/829/692 691/673/691
f 840/844/840 691/673/691 689/828/689
f 839/826/839 840/844/840 689/828/689
f 692/829/692 798/779/798 641/627/641
f 807/922/807 841/830/841 803/784/803
f 797/783/797 841/830/841 833/819/833
f 807/922/807 842/923/842 841/830/841
f 842/923/842 843/831/843 841/830/841
f 841/830/841 844/832/844 835/822/835
f 844/832/844 836/821/836 835/822/835
f 844/832/844 845/833/845 836/821/836
f 844/832/844 853/845/853 845/833/845
f 853/845/853 856/834/856 845/833/845
f 865/856/865 851/842/851 847/837/847
f 851/842/851 840/844/840 839/826/839
f 798/779/798 692/829/692 804/785/804
f 852/796/852 843/831/843 842/923/842
f 852/796/852 854/795/854 843/831/843
f 843/831/843 853/845/853 844/832/844
f 843/831/843 854/795/854 853/845/853
f 856/834/856 855/846/855 858/872/858
f 856/834/856 858/872/858 886/835/886
f 858/872/858 855/846/855 888/849/888
f 855/846/855 857/847/857 888/849/888
f 857/847/857 895/858/895 859/848/859
f 860/850/860 891/852/891 895/858/895
f 861/855/861 896/854/896 862/851/862
f 864/807/864 850/843/850 865/856/865
f 861/855/861 865/856/865 848/840/848
f 861/855/861 864/807/864 865/856/865
f 863/810/863 850/843/850 864/807/864
f 817/798/817 866/924/866 854/795/854
f 854/795/854 866/924/866 855/846/855
f 826/811/826 867/925/867 866/924/866
f 866/924/866 867/925/867 855/846/855
f 868/813/868 857/847/857 867/925/867
f 869/816/869 857/847/857 868/813/868
f 867/925/867 857/847/857 855/846/855
f 829/815/829 870/801/870 869/816/869
f 870/801/870 860/850/860 869/816/869
f 860/850/860 857/847/857 869/816/869
f 819/800/819 861/855/861 871/853/871
f 871/853/871 861/855/861 862/851/862
f 822/806/822 863/810/863 864/807/864
f 876/860/876 877/861/877 875/682/875
f 887/868/887 877/861/877 697/677/697
f 703/863/703 878/683/878 702/684/702
f 875/682/875 703/863/703 702/684/702
f 877/861/877 879/862/879 875/682/875
f 878/683/878 881/926/881 686/669/686
f 882/865/882 686/669/686 881/926/881
f 878/683/878 884/867/884 881/926/881
f 884/867/884 882/865/882 881/926/881
f 884/867/884 883/838/883 882/865/882
f 882/865/882 838/825/838 688/671/688
f 845/833/845 886/835/886 874/859/874
f 874/859/874 887/868/887 697/677/697
f 874/859/874 886/835/886 887/868/887
f 888/849/888 877/861/877 887/868/887
f 888/849/888 889/869/889 877/861/877
f 879/862/879 892/871/892 880/864/880
f 890/870/890 894/857/894 884/867/884
f 890/870/890 885/866/885 880/864/880
f 883/838/883 846/827/846 838/825/838
f 859/848/859 889/869/889 888/849/888
f 895/858/895 891/852/891 892/871/892
f 896/854/896 894/857/894 890/870/890
f 862/851/862 890/870/890 891/852/891
